student_id,question_id,concept_id,is_correct
447,4,7,1
447,57,4,1
447,76,1,0
447,88,8,1
447,64,1,0
447,86,0,1
447,53,7,1
447,8,4,0
447,94,3,1
447,59,7,0
447,66,3,1
447,14,6,0
447,11,5,1
447,81,6,1
447,43,0,0
447,27,8,1
447,83,6,0
447,67,9,0
447,36,6,1
447,34,2,1
447,26,6,0
447,49,0,1
447,60,3,1
447,44,8,1
447,69,2,0
447,40,0,1
447,73,4,1
447,65,0,0
447,98,1,1
447,9,7,1
447,68,7,0
447,48,6,0
447,87,3,1
447,82,7,1
447,96,0,1
447,62,5,1
447,46,7,1
447,99,5,1
447,37,0,1
447,38,7,1
447,23,5,1
447,35,4,1
447,18,0,1
447,17,6,1
447,47,5,1
447,5,7,0
447,80,1,1
447,21,9,0
447,16,0,1
447,93,1,0
447,79,0,0
447,22,8,0
447,39,6,0
447,45,2,0
447,20,4,1
447,13,4,1
447,31,6,0
447,75,5,1
447,1,6,0
447,50,8,0
447,71,0,0
447,91,0,0
447,3,3,1
447,61,1,0
447,77,3,1
447,33,2,0
447,52,6,1
447,51,2,1
447,95,1,0
447,29,1,0
447,78,2,0
447,56,9,0
447,41,0,0
447,19,0,1
447,70,0,0
447,92,7,1
447,54,0,1
447,10,2,1
423,89,9,1
423,50,4,1
423,68,9,1
423,20,9,1
423,57,2,1
423,71,8,1
423,80,8,0
423,26,7,0
423,78,2,0
423,65,4,1
423,27,9,1
423,37,5,1
423,1,3,1
423,17,5,1
423,41,3,1
423,14,1,1
423,25,1,1
423,96,3,0
423,55,0,1
423,12,7,1
423,88,0,1
423,72,2,1
423,74,8,0
423,43,7,1
423,61,5,1
423,54,8,0
423,5,3,1
423,62,4,1
423,6,4,1
423,10,4,1
423,77,6,1
423,47,1,1
423,83,9,1
423,38,9,1
423,99,8,1
423,34,6,1
423,45,8,1
423,98,7,0
423,3,8,1
423,82,1,1
423,32,4,1
423,76,5,1
423,52,7,1
423,22,6,0
423,44,4,1
423,79,9,1
423,56,0,1
423,97,8,0
423,8,2,1
423,13,4,1
423,4,0,1
423,75,8,1
423,60,0,1
423,94,1,1
423,24,9,1
423,63,0,1
423,9,6,1
423,39,1,1
423,15,5,1
423,48,5,1
423,70,2,1
423,7,6,1
423,33,7,1
423,53,5,0
423,86,1,1
423,91,9,1
423,81,2,0
423,67,1,0
423,51,6,1
423,0,0,1
423,19,7,1
423,84,3,1
423,28,2,1
423,59,5,1
423,31,6,1
423,42,2,0
423,23,3,0
423,18,3,1
423,40,0,1
423,16,6,1
423,11,6,1
22,10,3,0
22,1,2,0
22,88,6,1
22,52,1,0
22,86,1,0
22,27,0,0
22,96,7,0
22,28,1,0
22,26,4,1
22,31,8,0
22,95,3,0
22,46,2,0
22,4,2,0
22,34,6,0
22,19,5,0
22,60,2,0
22,85,1,0
22,36,2,0
22,63,6,0
22,22,3,1
22,92,6,1
22,50,7,0
22,82,4,0
22,90,7,1
22,32,8,0
22,6,2,0
22,72,3,0
22,43,9,0
22,89,8,0
22,80,1,1
22,51,2,0
22,68,1,1
22,16,4,0
22,38,9,0
22,41,2,0
22,0,0,1
22,24,5,0
22,73,3,1
22,70,5,0
22,15,1,1
22,40,9,1
22,59,6,1
22,62,9,0
22,39,4,0
22,37,8,0
22,55,7,0
22,45,1,0
22,42,6,0
22,48,2,0
22,78,9,0
22,54,2,0
22,35,7,0
22,7,8,0
22,75,3,0
22,11,1,0
22,91,4,0
22,18,8,0
22,81,7,0
22,14,3,0
22,56,2,0
22,99,5,0
22,29,3,0
22,65,8,0
22,13,5,0
22,71,3,0
22,20,0,0
22,94,0,0
22,21,9,0
22,66,3,0
22,64,9,1
22,79,2,0
22,93,5,0
22,76,4,1
22,25,9,0
22,61,6,0
22,33,1,1
22,87,5,0
22,98,7,0
22,30,9,0
208,92,9,1
208,47,7,0
208,34,6,0
208,5,0,0
208,49,4,0
208,75,1,1
208,51,9,0
208,48,1,0
208,61,3,1
208,99,4,0
208,77,7,1
208,56,3,0
208,72,6,0
208,2,0,1
208,3,9,1
208,93,6,0
208,79,0,1
208,13,5,0
208,60,7,0
208,53,9,1
208,41,3,0
208,14,0,1
208,80,9,0
208,31,6,0
208,66,1,0
208,38,8,0
208,32,1,0
208,18,7,0
208,59,7,0
208,10,5,0
208,8,6,0
208,16,5,0
208,33,5,0
208,65,8,1
208,98,0,0
208,82,6,0
208,12,0,0
208,84,8,0
208,46,5,0
208,55,3,0
208,87,7,1
208,78,2,0
208,1,7,1
208,83,5,0
208,96,7,1
208,15,8,0
208,57,7,1
208,94,5,0
208,40,8,0
208,52,6,0
208,27,6,0
208,97,3,0
208,54,8,0
208,21,8,0
208,43,8,0
208,6,3,0
208,37,4,0
208,73,2,0
208,29,7,1
208,7,6,1
208,68,7,1
208,90,7,1
208,0,6,0
208,4,5,0
208,50,6,0
208,71,9,1
208,36,7,0
208,81,0,0
208,11,2,0
208,35,5,0
208,67,0,0
208,45,3,0
208,39,6,0
208,22,7,1
208,9,0,1
208,74,6,0
208,91,8,0
208,95,7,0
208,63,3,0
208,88,1,0
208,85,9,0
410,4,3,0
410,92,4,0
410,63,3,0
410,76,1,0
410,33,6,1
410,44,4,0
410,8,3,0
410,56,4,0
410,9,1,0
410,1,1,1
410,27,7,0
410,23,5,0
410,47,0,0
410,61,0,1
410,75,7,0
410,24,1,0
410,18,0,0
410,99,9,1
410,52,5,0
410,12,6,0
410,13,2,0
410,72,3,1
410,51,5,0
410,38,8,0
410,28,1,0
410,49,7,1
410,85,3,1
410,82,0,0
410,42,2,0
410,20,2,1
410,97,5,0
410,29,3,0
410,14,9,0
410,35,1,1
410,79,6,0
410,59,2,0
410,90,7,0
410,65,3,1
410,11,1,1
410,31,1,0
410,3,6,1
410,71,0,0
410,96,2,1
410,68,6,1
410,94,0,1
410,98,3,0
410,0,8,0
410,84,9,0
410,73,1,0
410,7,1,0
410,43,2,0
410,80,1,0
410,54,6,1
410,89,8,0
410,55,8,1
410,32,2,1
410,19,0,0
410,40,3,1
410,91,6,0
410,2,0,0
410,34,1,1
410,57,6,1
410,22,4,0
410,83,5,0
410,78,5,1
410,46,9,0
410,64,3,0
410,62,3,1
410,74,5,1
410,37,9,0
410,36,0,0
410,21,7,0
410,17,3,1
410,66,0,1
410,26,5,0
410,58,1,1
410,95,5,1
410,25,5,1
410,88,0,1
410,41,8,1
410,5,1,0
410,60,7,0
117,8,3,0
117,27,8,0
117,64,4,1
117,39,9,0
117,19,2,1
117,61,9,1
117,79,4,1
117,72,4,1
117,87,5,1
117,4,7,1
117,99,1,0
117,85,4,1
117,81,3,1
117,48,3,1
117,16,0,0
117,90,1,0
117,3,9,1
117,7,5,1
117,65,1,1
117,86,1,1
117,88,6,0
117,45,9,1
117,60,0,1
117,44,9,0
117,82,7,1
117,2,9,1
117,95,1,0
117,92,7,0
117,73,3,1
117,58,7,1
117,23,4,1
117,17,4,1
117,91,3,1
117,31,0,0
117,63,6,1
117,52,5,1
117,54,6,1
117,50,6,1
117,5,2,0
117,36,5,0
117,55,5,1
117,98,6,1
117,11,2,1
117,93,2,1
117,76,8,1
117,74,3,0
117,96,2,1
117,14,8,1
117,66,2,1
117,21,5,0
117,71,0,1
117,34,4,1
117,42,8,1
117,57,1,1
117,70,2,1
117,80,8,1
117,20,2,0
117,51,3,0
117,47,7,1
117,97,4,1
117,46,5,1
117,33,6,1
117,24,1,0
117,89,0,1
117,0,9,1
117,9,2,1
117,77,3,1
117,83,7,1
117,15,2,1
117,75,5,0
117,69,9,1
117,78,8,1
117,40,1,0
117,84,6,1
117,38,5,1
117,30,5,0
474,50,1,0
474,62,6,1
474,70,4,1
474,55,1,0
474,17,4,1
474,79,8,0
474,89,9,0
474,4,0,0
474,91,3,0
474,80,7,1
474,32,7,1
474,67,5,0
474,31,5,1
474,20,6,0
474,98,9,0
474,27,2,0
474,37,7,0
474,35,1,1
474,48,0,0
474,94,8,1
474,49,2,0
474,57,4,1
474,44,7,0
474,29,7,0
474,5,4,1
474,93,1,1
474,64,7,0
474,38,1,0
474,30,2,0
474,86,6,1
474,97,7,0
474,12,9,0
474,0,6,1
474,63,4,0
474,36,6,1
474,82,6,1
474,59,1,1
474,81,1,1
474,39,6,1
474,7,3,0
474,22,4,1
474,15,4,1
474,73,0,0
474,95,8,0
474,26,8,1
474,68,9,1
474,6,7,1
474,90,2,0
474,11,2,0
474,34,3,0
474,43,4,1
474,84,8,0
474,25,2,0
474,13,9,1
474,56,6,1
474,85,7,1
474,54,3,0
474,9,1,0
474,28,5,1
474,72,8,1
474,61,5,0
474,69,4,1
474,51,3,1
474,8,3,0
474,92,0,0
474,16,5,1
474,41,5,1
474,96,5,0
474,60,3,0
474,21,3,0
474,77,2,1
474,45,1,0
474,74,0,0
474,42,4,1
474,14,7,1
474,24,0,0
474,47,4,1
474,10,1,0
474,2,1,0
474,53,1,0
474,88,5,1
474,75,6,1
474,87,9,0
474,1,2,1
474,52,2,0
474,83,8,0
474,58,0,1
474,78,6,1
155,82,2,0
155,43,4,0
155,94,0,1
155,71,7,0
155,80,7,0
155,21,9,0
155,1,5,0
155,11,8,1
155,65,3,0
155,92,5,1
155,10,0,0
155,22,9,1
155,8,7,0
155,87,8,0
155,95,6,1
155,39,7,1
155,14,5,1
155,7,1,1
155,25,7,0
155,41,4,0
155,3,8,1
155,46,2,0
155,59,7,0
155,97,8,1
155,31,9,1
155,67,5,0
155,37,0,0
155,91,7,0
155,15,9,1
155,89,5,0
155,5,8,0
155,58,0,0
155,38,9,1
155,62,8,1
155,13,8,1
155,18,6,1
155,47,7,1
155,78,3,0
155,19,9,1
155,23,7,1
155,72,1,0
155,73,7,0
155,52,2,1
155,35,8,0
155,17,8,1
155,4,4,0
155,26,4,0
155,90,7,1
155,54,6,1
155,60,1,1
155,20,4,1
155,69,7,1
155,61,3,0
155,45,1,1
155,84,4,0
155,57,1,0
155,29,5,1
155,27,6,0
155,96,8,0
155,16,3,0
155,49,0,1
155,44,5,1
155,83,5,0
155,42,9,1
155,36,2,1
155,28,8,1
155,75,3,0
155,56,1,1
155,55,6,0
155,48,5,0
155,70,8,1
155,30,3,0
155,68,0,0
155,33,8,0
155,40,0,1
155,77,5,1
155,50,4,1
155,12,2,0
155,63,2,0
4,64,2,0
4,1,0,1
4,87,8,1
4,98,4,1
4,22,3,1
4,24,7,1
4,85,2,1
4,68,9,1
4,12,5,1
4,54,5,1
4,44,6,1
4,92,6,1
4,96,0,1
4,53,5,0
4,86,5,0
4,37,9,1
4,23,7,1
4,49,6,0
4,32,8,1
4,29,4,1
4,77,0,1
4,33,1,0
4,50,9,1
4,69,9,1
4,17,3,1
4,9,0,1
4,42,6,0
4,75,2,0
4,78,9,0
4,36,9,0
4,43,3,1
4,57,5,0
4,39,5,1
4,61,5,1
4,11,8,1
4,38,9,0
4,51,7,0
4,59,4,0
4,40,6,1
4,15,5,1
4,5,0,1
4,48,6,1
4,4,1,0
4,84,9,1
4,3,8,1
4,99,0,1
4,63,0,1
4,60,7,1
4,79,9,1
4,10,8,1
4,62,0,1
4,76,2,1
4,25,8,1
4,7,8,1
4,47,6,1
4,90,7,1
4,67,4,1
4,66,6,0
4,20,1,1
4,93,5,1
4,72,4,1
4,80,9,1
4,27,2,0
4,26,5,1
4,74,6,1
4,45,5,1
4,97,6,1
4,34,4,0
4,18,9,1
4,8,0,1
4,19,8,1
4,30,0,1
4,73,8,1
4,28,2,0
4,82,0,1
4,52,8,1
4,70,2,0
4,71,7,1
4,81,1,0
4,35,0,1
455,7,9,0
455,77,3,1
455,61,5,0
455,36,4,0
455,29,1,0
455,46,4,0
455,20,2,0
455,30,2,0
455,89,2,0
455,94,7,0
455,32,6,1
455,64,1,0
455,17,4,1
455,39,6,0
455,0,4,0
455,42,5,1
455,72,4,0
455,52,6,1
455,48,8,1
455,65,5,0
455,92,9,0
455,93,0,0
455,13,2,1
455,87,6,1
455,6,6,0
455,68,4,0
455,11,3,0
455,82,5,1
455,73,7,0
455,70,9,0
455,47,7,0
455,5,4,1
455,98,7,1
455,90,7,0
455,97,0,1
455,78,6,0
455,12,1,0
455,25,6,0
455,63,6,0
455,31,4,1
455,35,7,1
455,96,8,0
455,84,6,0
455,43,9,1
455,54,4,1
455,24,7,0
455,71,6,0
455,26,7,0
455,99,3,1
455,10,4,0
455,60,4,1
455,23,3,0
455,40,8,1
455,3,3,1
455,45,3,0
455,21,8,1
455,1,2,0
455,41,7,1
455,83,5,0
455,62,7,0
455,2,5,0
455,28,2,1
455,53,8,0
455,95,8,0
455,80,2,0
455,85,5,0
455,27,3,1
455,50,2,0
455,4,4,0
455,56,9,0
455,74,0,0
455,76,5,0
455,51,8,0
455,67,1,0
455,16,5,0
455,33,5,1
455,37,6,1
455,58,9,0
455,22,0,0
455,19,1,1
455,69,9,1
455,75,2,0
455,9,2,0
455,34,7,0
455,86,6,0
455,44,5,0
455,88,9,0
400,61,9,1
400,3,4,1
400,57,6,1
400,32,3,1
400,48,8,1
400,36,5,1
400,77,0,1
400,12,4,1
400,84,6,1
400,85,3,1
400,71,7,1
400,68,7,1
400,51,4,0
400,45,3,1
400,8,0,0
400,23,7,1
400,98,6,0
400,59,8,0
400,69,4,1
400,7,6,1
400,4,0,1
400,70,3,1
400,83,4,1
400,43,2,1
400,54,3,1
400,35,1,1
400,31,7,1
400,73,7,1
400,20,8,0
400,86,2,0
400,55,2,1
400,93,2,0
400,38,4,1
400,65,2,1
400,26,4,1
400,21,8,0
400,67,9,1
400,39,0,1
400,28,9,1
400,50,2,1
400,40,9,1
400,34,8,0
400,37,7,1
400,95,2,1
400,42,4,1
400,41,1,0
400,44,9,1
400,27,0,1
400,60,1,0
400,97,6,1
400,11,4,1
400,79,8,1
400,13,3,1
400,29,0,1
400,76,1,1
400,6,6,1
400,0,3,0
400,9,3,1
400,64,7,1
400,72,4,0
400,99,5,0
400,62,9,1
400,87,4,1
400,1,9,1
400,46,5,1
400,78,4,1
400,49,5,1
400,74,4,1
400,47,7,1
400,33,4,1
400,18,8,1
400,17,8,1
400,5,8,0
400,15,0,1
400,25,9,1
400,30,5,1
400,63,1,1
400,91,5,1
400,94,1,0
400,66,5,1
400,92,5,1
400,89,5,1
400,24,2,0
400,75,7,1
400,56,6,1
400,80,8,1
302,88,1,1
302,73,1,0
302,96,2,1
302,87,6,1
302,82,4,1
302,80,1,1
302,23,1,0
302,53,6,0
302,61,6,1
302,6,4,0
302,95,2,1
302,30,9,1
302,3,9,1
302,20,3,1
302,50,8,0
302,93,0,1
302,79,3,1
302,45,9,1
302,56,6,1
302,35,4,1
302,52,6,1
302,1,2,0
302,57,6,1
302,33,0,1
302,46,1,1
302,19,4,0
302,89,1,1
302,25,3,1
302,40,6,1
302,17,2,0
302,7,3,0
302,37,5,1
302,54,6,1
302,90,3,0
302,16,3,0
302,28,5,0
302,76,1,1
302,5,5,1
302,10,1,0
302,71,5,0
302,83,9,1
302,60,6,0
302,66,1,0
302,24,7,1
302,94,0,1
302,32,0,0
302,77,8,1
302,59,6,1
302,39,6,1
302,34,3,1
302,99,2,1
302,64,5,1
302,65,9,1
302,21,0,1
302,31,5,1
302,9,4,1
302,51,0,1
302,12,0,1
302,55,3,0
302,86,5,0
302,36,5,0
302,38,0,0
302,29,8,0
302,97,6,0
302,68,8,0
302,44,3,1
302,27,7,1
302,58,0,1
302,15,4,1
302,81,2,0
302,11,0,1
302,70,0,1
302,98,3,0
302,74,1,1
302,2,0,1
302,69,5,1
302,92,9,1
302,62,9,1
302,85,1,0
454,73,6,0
454,34,7,0
454,67,3,0
454,81,6,1
454,14,9,1
454,10,7,0
454,42,9,0
454,97,3,0
454,40,2,1
454,74,2,0
454,28,6,0
454,71,2,1
454,61,3,1
454,39,4,1
454,53,2,0
454,96,1,0
454,75,9,1
454,59,6,0
454,4,9,0
454,70,7,1
454,88,6,1
454,0,9,0
454,41,2,0
454,76,2,0
454,9,9,0
454,31,6,0
454,86,2,0
454,66,0,0
454,62,6,1
454,11,2,0
454,94,1,0
454,85,1,0
454,26,5,1
454,69,5,0
454,50,7,0
454,60,8,0
454,19,5,0
454,45,7,1
454,24,7,0
454,35,6,0
454,72,0,1
454,7,5,0
454,78,4,0
454,37,9,0
454,32,4,0
454,2,5,0
454,84,5,0
454,83,8,0
454,20,5,0
454,63,8,1
454,23,1,0
454,1,3,0
454,80,4,0
454,13,3,0
454,8,5,0
454,22,3,1
454,54,1,0
454,21,5,0
454,30,4,1
454,58,2,0
454,44,1,1
454,38,2,1
454,68,0,0
454,82,0,0
454,49,9,0
454,15,0,0
454,65,6,0
454,99,3,1
454,92,3,0
454,18,1,0
454,29,1,1
454,87,2,0
454,95,8,0
454,3,8,0
454,16,3,0
454,52,5,0
454,47,4,0
454,36,9,0
454,33,4,0
454,56,1,1
454,91,3,1
454,57,1,0
180,89,1,0
180,17,2,0
180,70,1,1
180,96,6,1
180,73,6,1
180,52,8,0
180,79,7,1
180,77,9,1
180,46,8,0
180,78,5,1
180,24,1,1
180,84,0,1
180,53,4,1
180,40,6,1
180,41,5,1
180,27,0,1
180,48,4,0
180,59,4,1
180,68,6,1
180,35,1,1
180,47,8,1
180,86,3,1
180,9,7,0
180,8,0,1
180,14,7,1
180,30,0,1
180,2,1,1
180,90,2,1
180,1,9,1
180,20,4,1
180,6,6,1
180,61,0,1
180,31,1,0
180,32,1,1
180,38,3,1
180,88,3,1
180,97,1,1
180,28,0,1
180,18,8,0
180,74,5,1
180,95,9,0
180,50,8,1
180,65,4,0
180,69,0,1
180,33,5,1
180,42,7,1
180,34,0,0
180,45,3,0
180,58,2,0
180,83,3,1
180,85,1,1
180,39,0,1
180,99,8,0
180,71,4,1
180,25,3,0
180,87,4,0
180,55,8,1
180,29,4,1
180,15,0,0
180,56,9,1
180,19,5,1
180,76,5,1
180,12,7,0
180,23,9,1
180,81,8,0
180,91,1,0
180,62,6,0
180,22,0,1
180,16,2,0
180,63,6,1
180,72,2,0
180,92,7,1
180,43,4,1
180,10,1,0
180,57,2,1
180,80,8,1
180,3,2,1
180,54,8,0
180,98,7,0
180,26,7,1
270,43,3,0
270,30,9,0
270,44,5,0
270,60,9,0
270,28,5,0
270,74,4,0
270,11,1,1
270,80,3,0
270,99,9,1
270,17,0,1
270,55,7,0
270,54,6,0
270,57,3,0
270,8,8,1
270,39,2,0
270,63,9,0
270,27,8,0
270,15,1,1
270,70,4,1
270,85,8,0
270,90,4,0
270,94,4,0
270,53,3,0
270,1,5,1
270,10,3,0
270,29,1,1
270,19,3,0
270,84,1,0
270,87,1,0
270,71,1,0
270,24,3,0
270,35,0,0
270,2,3,1
270,4,5,0
270,18,3,0
270,20,6,0
270,78,1,0
270,9,7,0
270,65,7,1
270,89,7,0
270,25,5,0
270,95,8,0
270,37,3,0
270,6,0,0
270,47,6,1
270,98,3,0
270,0,8,0
270,86,0,0
270,5,0,1
270,49,0,0
270,88,1,0
270,48,9,0
270,7,0,0
270,66,7,0
270,82,4,0
270,56,0,1
270,75,2,0
270,23,3,0
270,34,1,0
270,72,8,1
270,93,8,1
270,31,4,0
270,76,7,0
270,26,9,1
270,77,8,0
270,62,2,1
270,41,3,0
270,59,9,0
270,36,4,0
270,83,0,0
270,97,4,0
270,38,5,0
270,67,7,0
270,58,8,0
270,92,2,1
270,52,5,0
270,64,2,1
270,50,4,0
270,22,4,0
270,40,7,0
270,32,1,0
270,68,7,0
270,3,5,1
270,81,7,0
270,46,0,1
84,96,6,1
84,94,0,1
84,31,7,1
84,45,4,1
84,35,2,0
84,60,9,1
84,86,7,1
84,97,8,1
84,83,2,1
84,52,2,1
84,19,6,1
84,47,5,1
84,62,5,1
84,30,3,1
84,33,8,0
84,67,1,1
84,99,1,1
84,98,8,1
84,56,3,1
84,15,5,1
84,20,1,1
84,78,1,1
84,61,5,1
84,3,1,0
84,12,0,1
84,84,5,1
84,90,0,1
84,46,6,1
84,40,7,0
84,9,6,1
84,95,2,0
84,21,1,0
84,50,0,1
84,73,4,1
84,93,6,1
84,43,0,1
84,85,2,0
84,54,5,1
84,76,1,0
84,25,4,1
84,39,5,1
84,27,0,1
84,44,2,0
84,17,3,1
84,29,7,1
84,69,3,1
84,10,5,1
84,24,2,0
84,68,8,1
84,42,1,1
84,38,9,1
84,1,2,1
84,58,3,1
84,65,2,0
84,18,3,1
84,92,3,1
84,51,2,1
84,16,4,1
84,81,1,1
84,80,3,1
84,8,9,1
84,36,6,1
84,63,0,1
84,70,8,1
84,32,9,1
84,77,4,1
84,5,2,1
84,48,6,1
84,75,6,1
84,0,4,1
84,74,8,1
84,28,9,1
84,26,5,1
84,22,1,1
84,2,1,1
84,7,1,0
84,57,2,1
84,49,3,1
84,55,4,1
84,87,2,0
84,37,2,1
84,64,3,1
475,50,0,1
475,10,2,1
475,93,4,0
475,18,1,1
475,32,6,1
475,62,6,0
475,72,1,0
475,80,5,1
475,9,2,1
475,88,8,1
475,31,0,1
475,36,6,1
475,22,0,1
475,70,5,0
475,96,9,0
475,57,4,1
475,59,0,1
475,52,6,1
475,46,0,0
475,94,9,0
475,27,1,0
475,7,8,1
475,77,7,1
475,28,4,0
475,87,2,0
475,91,9,1
475,8,1,1
475,83,4,0
475,61,4,1
475,75,0,0
475,30,8,1
475,64,7,0
475,0,3,0
475,68,3,1
475,86,4,1
475,39,3,1
475,12,8,0
475,29,1,1
475,56,1,0
475,20,9,1
475,19,4,1
475,45,7,1
475,11,3,1
475,89,5,1
475,85,6,1
475,33,4,1
475,43,4,1
475,99,3,0
475,95,7,0
475,13,9,0
475,81,5,0
475,21,7,0
475,25,6,1
475,44,6,1
475,3,4,1
475,2,0,1
475,79,9,1
475,69,5,0
475,65,5,1
475,97,3,1
475,71,1,1
475,63,7,1
475,78,8,0
475,53,2,0
475,6,2,0
475,34,9,1
475,1,8,0
475,60,7,0
475,38,8,0
475,51,2,1
475,15,5,1
475,82,3,1
475,16,5,1
475,90,4,1
475,74,8,1
475,17,0,1
475,37,3,0
475,67,7,0
475,47,6,0
475,26,5,0
475,84,4,1
475,41,1,0
475,4,6,1
475,58,3,1
475,73,0,1
475,42,4,1
475,48,6,1
243,89,4,0
243,45,5,1
243,74,3,0
243,36,1,1
243,94,6,1
243,19,6,0
243,18,6,1
243,58,8,0
243,0,3,1
243,50,4,0
243,86,9,0
243,24,1,0
243,73,4,1
243,60,8,1
243,95,7,1
243,76,2,0
243,10,8,1
243,75,6,1
243,22,7,1
243,15,4,1
243,87,1,1
243,25,6,1
243,26,1,0
243,77,5,1
243,42,5,1
243,30,1,0
243,11,3,1
243,23,4,1
243,92,1,1
243,47,4,1
243,83,4,0
243,84,1,0
243,93,8,1
243,67,4,1
243,13,5,1
243,80,3,1
243,98,5,1
243,34,6,0
243,55,8,0
243,16,1,1
243,62,8,1
243,72,1,1
243,66,3,1
243,1,6,1
243,52,9,0
243,88,6,0
243,12,4,1
243,78,0,1
243,29,6,1
243,8,3,0
243,39,8,0
243,44,5,1
243,21,1,0
243,97,7,1
243,54,6,0
243,63,9,1
243,40,0,1
243,99,0,1
243,70,8,0
243,28,0,0
243,35,8,1
243,79,6,1
243,91,6,1
243,61,2,0
243,57,8,1
243,3,4,1
243,53,0,1
243,49,6,1
243,2,7,1
243,4,4,0
243,46,0,1
243,27,8,0
243,68,4,1
243,82,3,0
243,48,3,0
243,96,6,1
243,65,0,1
243,9,6,1
243,59,1,1
285,95,4,1
285,31,9,1
285,2,3,1
285,61,0,1
285,73,9,1
285,21,1,0
285,91,5,1
285,74,1,0
285,27,7,0
285,63,2,1
285,93,0,1
285,84,7,1
285,50,1,1
285,88,2,1
285,48,2,1
285,59,4,1
285,51,9,0
285,25,1,0
285,20,3,1
285,57,3,0
285,52,7,0
285,75,4,1
285,78,3,1
285,55,0,1
285,9,0,1
285,7,0,1
285,35,2,1
285,40,5,1
285,1,7,1
285,72,2,0
285,4,9,0
285,68,8,1
285,79,8,0
285,6,2,0
285,12,2,1
285,97,6,0
285,19,5,1
285,39,4,1
285,32,1,0
285,69,7,1
285,41,2,1
285,80,0,0
285,37,7,1
285,22,8,1
285,81,0,1
285,5,9,0
285,92,4,1
285,64,0,0
285,76,6,1
285,34,8,0
285,49,0,1
285,26,7,1
285,0,2,0
285,13,8,0
285,3,1,1
285,15,6,1
285,33,3,1
285,29,6,0
285,14,7,1
285,87,7,1
285,56,4,1
285,77,7,0
285,46,3,1
285,43,0,1
285,98,9,0
285,16,6,0
285,24,0,1
285,10,4,1
285,66,1,0
285,90,4,0
285,30,9,0
285,54,6,0
285,85,5,1
285,17,7,1
285,96,6,0
285,23,2,1
285,18,4,1
165,75,8,0
165,60,3,1
165,83,5,1
165,39,3,0
165,97,0,0
165,7,9,1
165,8,9,1
165,4,3,1
165,25,1,1
165,55,9,1
165,89,5,1
165,81,2,0
165,95,3,0
165,36,9,1
165,53,7,0
165,33,5,0
165,57,7,0
165,94,2,1
165,77,5,1
165,87,3,0
165,90,9,0
165,72,5,0
165,38,6,0
165,23,2,0
165,67,3,0
165,65,1,1
165,56,7,0
165,41,2,0
165,68,4,0
165,48,5,1
165,6,8,1
165,82,0,0
165,78,0,1
165,19,0,1
165,49,2,1
165,62,3,1
165,26,0,0
165,80,3,1
165,58,6,1
165,5,9,1
165,64,2,1
165,50,0,0
165,76,5,1
165,27,1,1
165,15,3,0
165,14,2,1
165,22,6,1
165,17,4,1
165,61,1,1
165,73,8,1
165,54,1,1
165,24,3,0
165,51,2,1
165,37,2,0
165,30,6,1
165,45,8,0
165,85,5,0
165,96,2,1
165,11,0,1
165,84,7,0
165,93,6,0
165,20,0,1
165,34,8,0
165,47,8,1
165,43,5,0
165,69,3,1
165,32,4,1
165,9,9,1
165,42,8,0
165,31,5,0
165,3,1,1
165,0,5,0
165,63,4,1
165,40,4,1
165,71,8,1
165,29,3,1
165,92,8,0
364,86,2,1
364,5,8,0
364,2,1,0
364,88,1,0
364,31,4,1
364,9,0,0
364,60,2,0
364,72,5,1
364,38,5,1
364,1,6,0
364,34,8,1
364,49,4,1
364,39,6,0
364,68,3,1
364,55,7,0
364,95,4,1
364,23,4,1
364,43,2,1
364,62,7,0
364,13,3,1
364,45,5,0
364,69,8,0
364,14,4,1
364,59,9,1
364,66,5,0
364,93,8,0
364,30,5,1
364,67,4,0
364,8,0,1
364,61,8,0
364,80,5,1
364,33,9,1
364,87,7,1
364,71,9,0
364,0,0,1
364,19,6,1
364,16,7,1
364,22,0,1
364,63,2,1
364,79,9,0
364,4,5,0
364,84,7,1
364,32,2,1
364,26,3,0
364,85,2,0
364,53,0,0
364,3,8,0
364,10,9,1
364,65,4,0
364,81,9,0
364,46,8,0
364,78,7,0
364,17,3,1
364,94,5,0
364,97,3,0
364,57,7,0
364,98,7,0
364,74,9,0
364,37,1,0
364,73,0,0
364,27,5,0
364,92,5,0
364,51,7,1
364,41,6,0
364,47,4,0
364,76,1,0
364,89,9,1
364,35,9,0
364,24,6,0
364,11,5,0
364,44,1,1
364,25,6,0
364,52,6,1
364,7,4,1
364,28,0,0
364,15,8,0
364,77,5,0
364,54,5,0
364,99,3,0
364,58,7,0
364,83,1,0
364,40,6,1
364,56,5,1
364,96,1,0
66,15,4,0
66,30,8,0
66,17,1,1
66,70,4,0
66,77,4,0
66,76,6,0
66,55,1,0
66,72,2,0
66,48,5,0
66,52,3,0
66,65,5,0
66,18,3,0
66,64,2,1
66,42,1,0
66,69,8,0
66,95,9,1
66,50,3,1
66,51,7,1
66,61,8,1
66,80,8,1
66,6,7,0
66,88,9,1
66,32,7,1
66,54,0,0
66,56,2,0
66,31,5,0
66,97,0,0
66,67,9,1
66,23,1,0
66,29,7,1
66,22,3,0
66,86,4,1
66,25,8,1
66,74,4,0
66,45,8,0
66,79,1,0
66,11,1,0
66,28,0,0
66,91,4,0
66,47,6,0
66,19,1,0
66,93,7,0
66,78,0,1
66,83,3,0
66,92,6,0
66,0,4,1
66,96,0,0
66,53,9,1
66,12,0,1
66,87,9,1
66,99,6,0
66,44,7,0
66,90,7,0
66,43,2,0
66,75,4,0
66,41,7,0
66,38,5,0
66,27,0,1
66,62,1,1
66,59,8,0
66,49,1,0
66,94,2,0
66,3,2,1
66,7,5,0
66,89,5,0
66,63,8,0
66,39,6,1
66,24,0,1
66,1,8,0
66,9,6,0
66,5,6,1
66,58,0,0
66,98,3,1
66,82,2,0
66,36,7,1
66,73,3,0
66,21,4,0
66,34,8,0
66,84,7,0
66,68,6,1
66,60,7,0
66,8,0,1
77,24,1,1
77,38,5,1
77,28,6,0
77,86,0,0
77,0,4,1
77,81,7,1
77,97,7,0
77,41,9,0
77,27,1,0
77,9,1,0
77,67,0,1
77,92,7,0
77,88,5,0
77,46,7,1
77,43,4,1
77,33,8,0
77,87,6,0
77,32,4,0
77,26,4,1
77,47,5,1
77,70,4,1
77,62,9,0
77,6,1,0
77,48,0,1
77,89,8,0
77,76,4,0
77,50,6,1
77,91,3,0
77,34,4,0
77,59,2,0
77,98,3,0
77,58,4,1
77,56,3,0
77,73,6,0
77,96,9,0
77,45,3,1
77,93,1,0
77,20,3,1
77,83,8,1
77,3,7,0
77,90,0,0
77,5,3,0
77,11,0,1
77,14,8,1
77,44,1,0
77,66,1,0
77,30,0,1
77,79,6,0
77,65,8,1
77,37,4,1
77,23,3,0
77,31,7,0
77,85,0,1
77,12,0,1
77,18,5,1
77,13,3,1
77,19,4,0
77,22,9,0
77,55,9,0
77,69,7,0
77,71,4,0
77,21,3,0
77,17,9,0
77,60,1,1
77,61,8,0
77,63,6,0
77,68,1,1
77,57,2,0
77,10,5,0
77,77,5,1
77,29,3,0
77,1,0,0
77,64,3,1
77,52,5,0
77,36,0,0
77,78,3,0
77,80,1,0
77,8,5,0
77,74,7,0
77,40,0,1
77,35,1,0
77,95,0,0
77,7,4,0
77,42,7,1
77,49,5,1
97,59,0,1
97,54,8,1
97,90,6,0
97,64,2,0
97,53,9,0
97,43,3,1
97,34,4,1
97,8,8,0
97,1,1,1
97,9,1,0
97,16,5,0
97,86,5,1
97,49,8,0
97,82,9,0
97,81,0,1
97,11,5,0
97,0,0,0
97,15,8,0
97,84,5,0
97,74,7,0
97,39,7,0
97,47,4,0
97,17,8,0
97,25,5,1
97,85,4,0
97,4,1,0
97,38,9,0
97,5,5,1
97,55,9,0
97,46,1,1
97,63,1,1
97,48,5,0
97,76,2,0
97,44,4,1
97,88,4,0
97,97,1,0
97,60,2,0
97,21,5,1
97,14,5,1
97,37,2,1
97,36,0,1
97,58,2,0
97,91,1,0
97,30,9,1
97,67,8,0
97,6,3,0
97,78,2,1
97,93,0,1
97,26,9,1
97,79,7,0
97,96,2,0
97,20,1,1
97,62,1,0
97,95,5,1
97,89,5,0
97,72,1,1
97,87,6,1
97,99,3,0
97,19,4,1
97,23,8,0
97,31,5,0
97,42,7,1
97,75,4,0
97,10,0,1
97,52,8,0
97,50,4,1
97,27,6,1
97,57,6,1
97,41,5,0
97,29,6,0
97,61,1,0
97,13,9,0
97,3,2,0
97,68,8,0
97,92,3,1
97,12,9,1
97,32,6,0
97,69,7,0
97,77,5,1
97,94,7,1
97,56,2,1
120,63,3,0
120,13,5,1
120,79,8,0
120,8,2,0
120,74,5,1
120,50,3,0
120,73,3,0
120,30,2,0
120,0,7,0
120,82,4,1
120,54,8,0
120,68,4,1
120,46,3,1
120,22,5,0
120,87,7,1
120,39,9,1
120,52,1,0
120,6,9,1
120,45,5,1
120,66,8,1
120,62,2,1
120,31,0,1
120,16,1,0
120,56,8,1
120,61,8,1
120,55,1,0
120,33,1,0
120,37,0,1
120,89,0,0
120,81,7,0
120,40,3,1
120,90,8,0
120,80,8,1
120,58,0,0
120,51,9,0
120,32,0,1
120,91,4,0
120,72,3,1
120,1,6,0
120,38,1,1
120,78,4,0
120,99,8,0
120,9,6,0
120,77,7,1
120,28,8,1
120,93,6,0
120,10,1,0
120,96,0,0
120,27,4,0
120,4,5,0
120,34,6,1
120,53,2,0
120,21,1,0
120,15,7,1
120,26,9,0
120,64,1,0
120,3,7,1
120,23,2,0
120,47,1,1
120,86,9,1
120,71,0,0
120,57,4,1
120,69,2,0
120,29,0,1
120,12,3,1
120,11,1,0
120,5,7,0
120,7,4,0
120,2,3,0
120,43,5,0
120,18,8,1
120,70,2,0
120,60,3,1
120,42,1,0
120,88,5,1
120,48,7,0
120,14,5,0
120,98,8,0
120,94,2,0
120,20,2,0
252,20,0,0
252,26,5,0
252,27,0,1
252,43,4,0
252,51,6,1
252,55,0,0
252,17,2,0
252,8,8,0
252,38,1,0
252,47,7,0
252,82,1,1
252,85,0,0
252,5,0,0
252,68,1,0
252,54,3,1
252,22,9,0
252,92,8,0
252,14,0,0
252,39,5,1
252,24,3,1
252,93,7,1
252,88,3,1
252,33,1,0
252,81,4,0
252,36,8,1
252,69,1,0
252,10,0,0
252,60,8,0
252,25,1,0
252,65,0,0
252,19,7,1
252,6,4,1
252,95,1,0
252,56,0,0
252,58,5,1
252,98,1,0
252,28,9,0
252,79,2,1
252,11,7,0
252,74,7,0
252,9,2,0
252,15,2,0
252,12,4,0
252,49,5,1
252,50,0,1
252,7,4,1
252,84,5,0
252,2,2,0
252,87,4,0
252,32,7,0
252,48,9,0
252,4,5,0
252,16,7,0
252,1,9,0
252,99,5,0
252,53,4,1
252,66,0,0
252,18,6,1
252,70,7,0
252,34,7,0
252,30,0,0
252,83,8,0
252,64,9,0
252,63,4,0
252,75,1,1
252,86,6,1
252,71,8,0
252,35,6,1
252,46,4,1
252,41,0,1
252,78,7,0
252,23,9,0
252,73,2,0
252,72,9,0
252,80,7,0
252,57,6,0
252,59,8,0
176,87,8,1
176,16,8,0
176,85,6,1
176,10,4,1
176,53,4,1
176,95,2,0
176,20,2,0
176,92,5,0
176,48,9,0
176,83,4,1
176,75,2,0
176,9,0,0
176,86,0,0
176,68,2,1
176,57,5,0
176,6,7,1
176,22,1,1
176,64,3,1
176,61,8,1
176,28,0,0
176,49,1,0
176,54,1,1
176,30,1,0
176,38,7,0
176,15,8,0
176,90,3,1
176,98,3,1
176,1,3,0
176,97,1,1
176,55,6,1
176,79,3,1
176,99,3,1
176,62,7,1
176,42,4,0
176,26,8,1
176,3,5,0
176,12,0,1
176,74,4,1
176,67,2,1
176,5,2,0
176,35,9,0
176,73,2,0
176,14,0,0
176,80,9,1
176,93,0,1
176,63,1,0
176,91,0,0
176,59,1,0
176,44,4,1
176,77,6,1
176,32,7,1
176,27,4,0
176,56,6,1
176,29,0,1
176,41,4,1
176,52,0,0
176,37,4,0
176,50,0,1
176,65,4,1
176,88,2,0
176,31,4,1
176,76,2,1
176,71,0,1
176,13,2,0
176,33,9,1
176,96,7,1
176,47,8,1
176,21,9,0
176,60,7,0
176,81,6,1
176,84,4,0
176,19,7,0
176,78,7,0
176,25,9,1
176,24,0,1
176,45,5,1
176,0,3,1
176,51,7,0
176,70,9,1
451,23,3,1
451,97,3,1
451,99,9,1
451,32,5,0
451,94,9,1
451,45,8,0
451,40,3,0
451,93,8,0
451,63,4,0
451,47,4,1
451,67,9,1
451,48,0,1
451,10,1,1
451,28,2,1
451,7,1,0
451,69,8,1
451,58,2,0
451,68,8,1
451,36,7,0
451,83,6,0
451,14,4,1
451,70,7,1
451,82,5,1
451,51,2,1
451,80,9,0
451,39,3,0
451,16,5,1
451,91,8,0
451,79,7,0
451,89,3,1
451,29,2,1
451,4,3,1
451,46,0,0
451,64,9,1
451,85,9,1
451,0,2,1
451,77,8,1
451,2,6,1
451,53,9,1
451,49,7,0
451,8,6,0
451,31,3,1
451,86,9,1
451,96,9,1
451,66,8,0
451,37,2,1
451,90,9,1
451,59,6,1
451,19,6,0
451,73,9,1
451,81,3,0
451,1,6,0
451,65,2,1
451,22,0,0
451,33,5,1
451,30,5,0
451,27,3,0
451,9,6,0
451,21,7,1
451,98,2,0
451,15,0,0
451,84,7,1
451,62,5,1
451,18,5,0
451,52,7,0
451,50,4,0
451,55,7,0
451,60,6,0
451,72,1,0
451,61,3,0
451,12,3,0
451,74,8,0
451,44,5,1
451,41,1,1
451,38,9,0
451,57,0,1
451,95,7,1
451,5,5,0
451,11,9,0
28,60,8,0
28,46,7,1
28,68,8,1
28,0,8,0
28,82,5,1
28,51,8,0
28,78,2,1
28,43,1,1
28,31,5,1
28,35,2,1
28,66,8,1
28,62,9,1
28,56,9,1
28,18,0,1
28,61,1,1
28,75,0,1
28,37,4,1
28,11,4,1
28,55,9,0
28,26,2,1
28,21,8,0
28,54,1,1
28,67,1,1
28,57,5,1
28,89,5,1
28,9,8,1
28,93,6,1
28,30,9,1
28,5,2,1
28,99,9,0
28,90,5,0
28,74,1,1
28,84,0,1
28,63,9,1
28,76,9,1
28,49,3,1
28,4,7,1
28,83,8,1
28,79,2,0
28,58,9,1
28,1,5,1
28,17,2,1
28,7,5,1
28,16,5,1
28,52,8,0
28,64,0,1
28,42,1,0
28,29,0,1
28,50,4,1
28,94,7,1
28,15,1,1
28,45,3,1
28,2,6,1
28,86,9,0
28,98,5,1
28,70,3,0
28,24,8,0
28,87,7,1
28,20,6,1
28,40,2,0
28,3,0,1
28,19,3,1
28,6,5,1
28,8,8,0
28,10,6,1
28,80,2,1
28,71,3,0
28,88,1,1
28,47,6,1
28,14,7,1
28,73,0,1
28,59,2,1
28,22,4,1
28,48,7,1
28,34,6,1
28,27,6,1
28,25,0,1
28,95,4,0
28,81,3,1
28,12,6,0
28,23,4,1
426,84,7,0
426,47,6,1
426,91,4,0
426,59,5,0
426,4,3,0
426,64,5,1
426,43,5,1
426,58,9,0
426,24,4,1
426,25,0,0
426,36,2,0
426,33,2,1
426,12,2,1
426,57,8,0
426,22,6,1
426,49,9,1
426,26,3,1
426,34,2,0
426,40,9,0
426,81,5,1
426,89,1,0
426,96,5,1
426,65,1,0
426,32,8,0
426,0,7,0
426,93,0,0
426,99,8,1
426,95,1,0
426,62,4,1
426,19,8,1
426,48,4,1
426,10,9,1
426,46,5,0
426,74,8,1
426,9,2,0
426,50,0,0
426,3,4,0
426,82,8,0
426,30,4,0
426,73,9,0
426,1,9,0
426,18,9,0
426,7,2,1
426,67,4,1
426,23,7,0
426,63,3,1
426,37,4,1
426,70,9,0
426,11,9,1
426,69,7,0
426,20,4,0
426,86,3,0
426,39,8,1
426,87,1,1
426,45,4,0
426,5,6,1
426,68,4,0
426,85,5,1
426,55,3,1
426,29,1,0
426,71,2,0
426,51,4,0
426,8,4,0
426,42,0,0
426,94,4,1
426,80,0,0
426,83,8,0
426,52,1,0
426,41,8,0
426,90,0,1
426,60,5,1
426,35,6,1
426,15,1,1
426,72,1,0
426,92,8,0
426,2,5,0
426,98,2,0
426,66,5,1
426,76,2,0
210,59,2,0
210,18,4,0
210,62,1,0
210,65,8,1
210,5,8,0
210,58,4,1
210,20,1,1
210,85,9,1
210,99,2,0
210,98,6,1
210,97,1,0
210,29,2,1
210,39,4,1
210,9,4,0
210,82,7,0
210,96,8,1
210,41,5,0
210,2,6,1
210,21,6,1
210,3,8,1
210,78,1,1
210,50,1,1
210,16,4,0
210,14,8,1
210,53,9,1
210,92,7,1
210,28,9,1
210,55,4,1
210,91,0,1
210,90,7,0
210,49,2,1
210,86,0,1
210,66,5,0
210,37,3,0
210,11,8,1
210,73,9,0
210,27,3,0
210,47,8,0
210,38,3,0
210,80,5,1
210,74,8,0
210,54,5,0
210,79,3,1
210,60,4,1
210,63,7,1
210,35,6,1
210,33,6,1
210,84,4,1
210,42,4,1
210,51,0,0
210,34,9,1
210,72,0,1
210,26,9,1
210,77,8,1
210,22,6,1
210,93,6,0
210,87,6,1
210,44,7,1
210,6,5,0
210,40,7,1
210,17,9,1
210,19,2,0
210,88,3,0
210,56,4,0
210,68,9,1
210,24,2,1
210,30,7,1
210,32,9,1
210,10,1,0
210,75,4,0
210,83,8,1
210,15,0,1
210,45,6,1
210,4,9,1
210,57,6,0
210,43,9,1
210,7,5,1
210,81,9,0
381,43,4,1
381,51,8,1
381,80,4,1
381,36,8,0
381,9,2,0
381,53,0,0
381,37,6,1
381,89,8,1
381,1,0,1
381,14,9,0
381,20,9,0
381,6,9,0
381,61,0,1
381,15,3,0
381,26,3,1
381,47,7,0
381,13,4,1
381,74,4,1
381,84,8,1
381,28,2,1
381,81,5,0
381,73,8,0
381,95,3,0
381,72,6,0
381,97,4,0
381,4,8,0
381,83,9,0
381,64,1,0
381,25,1,0
381,56,0,1
381,45,5,0
381,24,7,0
381,12,6,0
381,32,5,1
381,17,1,1
381,52,6,0
381,75,0,0
381,18,9,0
381,5,4,1
381,98,4,1
381,42,1,0
381,96,9,1
381,7,1,0
381,79,1,1
381,8,6,0
381,88,1,0
381,49,1,1
381,54,9,0
381,22,0,1
381,67,4,0
381,99,3,1
381,29,0,0
381,21,4,1
381,65,6,1
381,23,5,0
381,94,9,1
381,31,6,1
381,58,7,1
381,11,8,0
381,30,6,1
381,76,0,0
381,57,2,0
381,85,3,1
381,55,8,1
381,59,2,0
381,3,6,0
381,0,5,1
381,90,3,0
381,50,9,1
381,40,6,0
381,38,5,0
381,66,9,1
381,41,7,0
381,93,1,1
381,19,0,1
381,91,7,0
381,86,7,1
381,10,5,0
381,60,6,0
381,2,7,0
195,46,1,1
195,91,9,1
195,49,9,1
195,28,8,0
195,86,9,0
195,3,6,0
195,11,8,1
195,75,9,1
195,41,9,1
195,25,6,0
195,84,8,1
195,45,3,1
195,54,0,1
195,10,4,1
195,26,2,1
195,81,9,1
195,63,9,1
195,79,0,1
195,22,7,0
195,60,0,1
195,93,0,1
195,82,6,1
195,24,1,0
195,9,0,1
195,92,9,0
195,97,2,0
195,33,0,1
195,6,3,1
195,70,2,1
195,58,0,0
195,14,6,1
195,21,1,1
195,8,7,0
195,20,9,1
195,55,0,1
195,77,5,1
195,98,4,1
195,17,0,1
195,42,9,1
195,43,2,1
195,68,6,1
195,13,1,0
195,85,8,1
195,71,9,1
195,36,7,1
195,39,8,0
195,95,9,0
195,89,3,1
195,31,4,1
195,2,6,1
195,1,1,1
195,35,3,1
195,51,1,0
195,87,1,0
195,61,6,0
195,16,8,1
195,48,3,1
195,53,7,0
195,40,9,1
195,65,5,0
195,76,0,1
195,73,3,1
195,78,9,1
195,30,6,1
195,23,3,1
195,27,2,0
195,44,0,1
195,32,2,1
195,12,3,0
195,99,4,1
195,83,9,1
195,96,1,0
195,29,2,1
195,5,2,0
195,0,0,1
362,26,8,1
362,25,1,1
362,44,8,1
362,9,4,1
362,56,6,1
362,98,4,0
362,41,9,1
362,27,6,1
362,4,5,1
362,6,4,1
362,66,2,1
362,23,3,1
362,29,7,1
362,60,7,0
362,0,4,1
362,93,2,0
362,2,0,0
362,71,6,1
362,38,0,1
362,96,7,1
362,92,3,1
362,39,0,0
362,53,2,1
362,54,2,0
362,14,6,1
362,12,8,1
362,31,2,1
362,3,2,1
362,89,7,1
362,34,5,1
362,50,8,1
362,18,5,1
362,20,9,1
362,72,9,0
362,87,6,1
362,62,2,1
362,70,1,1
362,48,3,1
362,65,6,0
362,36,7,1
362,10,4,1
362,68,2,0
362,77,4,1
362,55,3,0
362,83,5,0
362,90,4,1
362,94,2,1
362,32,5,1
362,58,0,1
362,86,6,1
362,76,0,0
362,75,1,0
362,47,3,1
362,57,5,0
362,80,2,1
362,97,8,1
362,95,9,1
362,8,1,1
362,64,0,1
362,16,5,1
362,99,5,0
362,82,6,0
362,59,8,1
362,74,6,1
362,1,1,0
362,37,2,0
362,88,4,0
362,67,6,1
362,51,2,1
362,17,5,1
362,19,4,0
362,42,6,1
362,84,8,1
362,73,1,1
362,30,5,1
159,41,1,0
159,97,1,1
159,9,2,1
159,65,0,1
159,88,3,1
159,81,0,1
159,75,8,0
159,83,5,1
159,2,6,1
159,19,1,1
159,37,0,0
159,3,1,0
159,80,0,1
159,74,8,1
159,77,9,1
159,27,1,1
159,63,0,1
159,21,5,1
159,23,4,1
159,24,8,1
159,70,4,1
159,61,2,1
159,56,0,1
159,72,1,1
159,15,8,1
159,90,4,1
159,76,5,1
159,46,8,1
159,1,7,1
159,94,1,0
159,50,1,1
159,79,8,0
159,6,6,1
159,22,1,1
159,73,3,1
159,60,9,1
159,42,2,0
159,7,6,1
159,31,5,0
159,95,9,1
159,20,4,1
159,96,5,0
159,11,1,0
159,87,3,1
159,36,1,0
159,43,4,1
159,45,6,1
159,18,4,1
159,85,2,1
159,89,0,0
159,25,2,0
159,91,5,1
159,28,1,1
159,55,0,1
159,62,2,0
159,17,9,1
159,38,9,1
159,69,9,1
159,10,3,1
159,26,8,1
159,99,6,1
159,57,9,0
159,16,7,1
159,67,1,1
159,78,5,1
159,84,5,0
159,29,7,1
159,48,4,1
159,30,8,1
159,49,2,0
159,13,2,1
159,0,4,1
159,68,2,1
159,5,6,1
159,33,0,1
159,66,9,1
159,86,4,1
159,54,0,1
159,82,4,1
159,14,2,1
159,40,2,0
263,74,9,0
263,72,9,1
263,17,0,0
263,38,5,0
263,78,3,1
263,1,3,0
263,50,7,1
263,27,5,0
263,65,8,1
263,46,2,1
263,39,0,1
263,6,2,0
263,67,4,1
263,58,6,0
263,90,6,0
263,62,7,1
263,12,3,0
263,48,2,1
263,5,3,0
263,28,7,1
263,69,7,1
263,41,2,1
263,55,1,1
263,70,2,0
263,89,0,1
263,71,7,0
263,88,3,1
263,95,8,0
263,35,3,1
263,26,3,1
263,29,7,1
263,76,6,0
263,79,1,0
263,85,2,0
263,11,1,0
263,53,5,1
263,57,7,0
263,36,4,1
263,18,6,0
263,42,0,1
263,81,7,1
263,45,5,1
263,60,0,1
263,82,3,1
263,83,5,1
263,56,1,1
263,99,3,1
263,68,5,1
263,61,8,1
263,37,3,1
263,93,7,1
263,24,8,0
263,31,1,0
263,51,9,0
263,94,0,1
263,87,4,1
263,77,9,1
263,23,8,0
263,98,5,1
263,49,6,0
263,52,8,0
263,73,7,1
263,92,5,1
263,14,3,0
263,86,6,0
263,32,3,1
263,22,6,1
263,43,9,0
263,96,4,1
263,21,5,1
263,63,5,0
263,64,2,0
263,0,5,1
263,8,4,1
263,75,3,0
168,41,4,1
168,49,7,0
168,73,3,0
168,3,3,0
168,37,3,1
168,96,9,1
168,60,3,0
168,12,6,0
168,82,8,0
168,62,3,0
168,51,5,0
168,64,0,0
168,87,6,0
168,56,0,1
168,21,9,0
168,0,9,0
168,34,8,0
168,85,6,0
168,45,5,0
168,9,6,1
168,32,4,0
168,90,1,0
168,22,5,0
168,93,8,0
168,36,3,0
168,76,3,0
168,33,0,0
168,59,3,0
168,84,1,1
168,23,5,0
168,2,7,0
168,61,4,1
168,57,9,0
168,17,6,0
168,65,4,1
168,92,0,0
168,67,0,0
168,63,5,1
168,71,1,0
168,48,2,0
168,50,4,0
168,11,8,1
168,88,1,0
168,35,6,1
168,54,4,0
168,1,8,0
168,86,8,0
168,15,1,0
168,44,3,1
168,89,0,0
168,4,1,0
168,91,3,0
168,20,9,0
168,95,1,0
168,30,1,0
168,79,1,1
168,53,2,0
168,29,5,1
168,46,4,0
168,8,3,0
168,47,8,0
168,19,7,1
168,39,2,0
168,55,6,1
168,6,5,0
168,13,6,0
168,98,2,1
168,74,5,0
168,24,0,1
168,58,5,0
168,77,5,0
168,70,8,0
168,99,0,0
168,27,7,0
168,78,8,0
168,28,3,0
168,80,5,1
168,69,8,0
168,81,6,0
168,72,6,0
267,94,6,0
267,60,8,0
267,89,2,0
267,48,0,1
267,87,0,0
267,2,4,0
267,37,1,1
267,32,8,0
267,69,0,0
267,93,6,0
267,36,7,0
267,22,4,0
267,7,3,1
267,11,7,1
267,80,4,1
267,76,0,0
267,85,3,0
267,15,7,1
267,64,7,0
267,0,8,0
267,51,7,0
267,99,1,0
267,19,5,0
267,28,8,1
267,78,0,0
267,75,5,0
267,1,1,0
267,21,2,1
267,57,5,0
267,31,9,0
267,73,9,0
267,30,0,0
267,59,5,0
267,10,2,0
267,23,1,0
267,44,7,0
267,65,1,0
267,38,7,0
267,25,4,0
267,18,8,0
267,27,8,0
267,53,5,0
267,8,3,0
267,81,6,1
267,17,5,1
267,95,6,0
267,90,1,0
267,20,6,0
267,62,6,1
267,40,7,1
267,79,2,0
267,33,7,0
267,6,2,0
267,52,5,0
267,49,0,0
267,43,8,0
267,24,0,1
267,63,8,0
267,68,1,0
267,71,4,1
267,86,8,0
267,46,5,0
267,72,2,0
267,39,3,0
267,56,7,1
267,54,2,0
267,70,8,0
267,45,3,0
267,26,5,0
267,47,1,1
267,34,7,0
267,9,5,0
267,97,6,0
95,78,4,1
95,47,3,1
95,86,1,1
95,82,0,1
95,68,0,1
95,65,0,1
95,26,5,1
95,94,3,0
95,36,3,0
95,5,9,1
95,57,3,1
95,62,2,1
95,75,8,0
95,63,4,1
95,55,6,1
95,52,7,1
95,38,1,1
95,45,4,1
95,95,8,1
95,9,2,0
95,4,5,1
95,96,2,1
95,88,1,0
95,70,7,1
95,59,0,1
95,79,6,1
95,1,6,1
95,21,7,1
95,84,8,1
95,32,2,1
95,73,7,0
95,99,6,1
95,37,1,1
95,11,0,0
95,41,0,1
95,35,3,1
95,91,1,1
95,3,1,1
95,24,8,1
95,51,3,0
95,15,5,1
95,54,3,1
95,67,3,1
95,48,5,1
95,53,2,1
95,83,5,1
95,18,8,0
95,12,3,1
95,43,6,1
95,60,9,1
95,87,6,1
95,69,2,1
95,6,9,0
95,80,8,1
95,0,0,1
95,8,2,1
95,56,0,1
95,13,3,0
95,10,3,1
95,50,1,0
95,66,2,1
95,76,4,1
95,30,0,1
95,90,3,1
95,77,5,0
95,34,2,1
95,22,3,1
95,28,7,1
95,61,8,1
95,98,3,1
95,58,9,1
95,39,9,1
95,16,7,1
95,25,1,1
95,20,9,1
95,85,2,1
95,33,5,1
95,29,8,1
95,71,3,0
95,49,7,1
95,2,4,1
95,31,1,0
328,7,7,0
328,32,0,1
328,52,3,0
328,39,8,1
328,19,5,1
328,75,8,1
328,42,9,1
328,71,1,0
328,6,8,1
328,55,1,1
328,50,9,1
328,38,1,1
328,49,8,1
328,82,3,0
328,41,8,0
328,9,7,0
328,34,7,0
328,24,9,1
328,83,9,1
328,86,7,1
328,85,3,1
328,14,5,1
328,23,3,0
328,3,8,1
328,99,2,1
328,74,8,0
328,84,5,1
328,94,7,1
328,96,9,1
328,79,8,1
328,28,0,1
328,13,4,1
328,80,6,0
328,20,4,1
328,59,1,1
328,66,1,1
328,46,8,1
328,51,1,1
328,47,2,1
328,48,1,1
328,61,2,0
328,87,1,1
328,22,1,0
328,97,8,0
328,88,7,1
328,72,7,1
328,69,4,1
328,11,7,1
328,17,1,0
328,25,3,1
328,16,8,1
328,18,5,0
328,26,5,0
328,8,3,0
328,90,9,1
328,62,4,1
328,29,9,0
328,21,2,1
328,77,1,1
328,98,8,1
328,53,9,1
328,91,7,0
328,33,8,1
328,5,6,0
328,92,7,1
328,27,7,0
328,10,2,1
328,2,4,1
328,37,7,0
328,40,5,1
328,81,7,0
328,67,1,0
328,73,0,1
328,95,1,0
328,89,0,1
328,1,3,1
328,57,9,1
328,43,3,1
328,54,3,1
328,4,2,1
446,43,6,0
446,77,3,1
446,76,4,1
446,70,4,1
446,78,5,1
446,18,5,1
446,21,8,1
446,10,6,1
446,26,9,1
446,56,6,1
446,16,2,0
446,7,4,1
446,39,7,1
446,37,8,0
446,63,3,0
446,74,4,1
446,41,8,0
446,52,8,1
446,75,7,0
446,0,4,0
446,36,2,1
446,32,0,1
446,24,5,1
446,66,5,1
446,62,2,1
446,8,1,1
446,91,4,1
446,87,3,1
446,35,4,1
446,71,5,1
446,33,6,1
446,94,9,1
446,61,3,1
446,86,4,1
446,81,6,1
446,51,4,1
446,6,6,1
446,89,8,0
446,12,8,1
446,59,4,1
446,83,4,1
446,68,5,1
446,46,1,0
446,3,2,0
446,19,2,0
446,93,8,0
446,85,7,0
446,58,8,0
446,48,5,1
446,69,2,1
446,73,8,1
446,31,6,0
446,80,1,1
446,34,3,1
446,67,8,0
446,11,5,1
446,49,3,0
446,55,8,0
446,84,4,0
446,23,4,1
446,92,6,1
446,5,5,1
446,15,9,1
446,45,7,1
446,97,6,0
446,98,0,1
446,99,2,1
446,79,4,0
446,13,1,1
446,88,4,1
446,72,6,1
446,57,8,0
446,30,6,1
446,14,5,1
446,65,1,1
446,90,2,1
446,25,7,1
446,2,6,1
446,4,3,0
446,60,9,1
446,64,1,1
446,40,4,1
446,95,9,0
446,27,8,1
446,53,7,1
436,63,6,0
436,32,2,0
436,88,1,1
436,90,5,0
436,5,4,1
436,49,7,0
436,79,2,1
436,2,5,0
436,30,9,0
436,50,6,0
436,73,6,1
436,59,5,0
436,1,7,0
436,66,7,0
436,62,8,0
436,39,1,0
436,80,7,0
436,16,8,0
436,25,8,1
436,9,4,1
436,36,0,0
436,83,9,1
436,76,3,0
436,87,4,1
436,85,5,1
436,72,6,0
436,91,9,1
436,74,0,0
436,22,1,1
436,89,9,1
436,18,5,1
436,37,4,1
436,70,0,0
436,34,8,1
436,8,3,1
436,98,8,0
436,53,7,0
436,6,3,0
436,3,2,0
436,24,4,0
436,11,3,0
436,71,8,0
436,99,8,0
436,78,6,1
436,82,3,0
436,54,5,0
436,23,5,1
436,46,7,0
436,57,6,0
436,94,0,0
436,69,1,0
436,38,9,1
436,61,7,0
436,12,4,1
436,27,0,0
436,20,2,0
436,45,3,0
436,29,6,0
436,0,6,1
436,86,2,0
436,40,4,1
436,75,5,0
436,31,2,0
436,17,7,0
436,44,5,0
436,52,9,1
436,92,1,0
436,58,3,0
436,42,1,1
436,48,8,0
436,51,3,1
436,4,2,0
436,55,9,1
436,64,1,1
436,60,1,0
436,26,7,0
436,43,3,0
436,97,3,0
436,35,1,1
100,24,3,1
100,36,5,1
100,54,3,1
100,12,3,0
100,9,0,1
100,66,2,1
100,70,9,1
100,35,2,1
100,20,2,1
100,73,1,1
100,87,5,1
100,52,3,1
100,16,5,1
100,32,0,1
100,59,7,0
100,93,0,1
100,29,3,0
100,51,5,1
100,19,8,1
100,56,4,1
100,99,6,1
100,14,7,1
100,57,4,1
100,44,0,1
100,15,8,0
100,68,1,1
100,10,8,1
100,30,8,0
100,55,6,1
100,69,9,1
100,91,5,0
100,8,6,1
100,98,3,1
100,33,5,1
100,41,8,0
100,25,0,1
100,81,6,1
100,27,9,1
100,45,6,1
100,21,3,1
100,79,3,1
100,86,5,0
100,22,7,1
100,46,2,1
100,17,8,1
100,83,0,1
100,84,9,1
100,75,4,1
100,58,1,0
100,61,3,1
100,49,4,1
100,62,9,1
100,4,8,1
100,64,0,1
100,82,5,1
100,42,4,1
100,23,6,0
100,72,5,0
100,94,8,1
100,26,3,0
100,13,9,1
100,39,9,1
100,95,6,1
100,63,9,0
100,96,2,1
100,18,8,0
100,2,2,0
100,74,6,1
100,0,4,0
100,40,9,1
100,85,7,0
100,90,2,0
100,78,8,0
100,11,3,1
100,77,8,0
100,7,3,1
100,71,3,1
100,43,3,0
100,34,5,1
100,92,9,1
207,36,8,0
207,82,6,1
207,50,3,0
207,34,1,1
207,67,9,1
207,76,4,1
207,27,4,1
207,4,9,1
207,17,9,1
207,19,3,1
207,58,3,1
207,63,5,1
207,21,9,1
207,10,7,0
207,16,5,1
207,79,8,1
207,92,0,1
207,60,3,0
207,65,5,1
207,11,4,1
207,94,4,1
207,61,1,0
207,71,4,1
207,23,9,1
207,56,9,1
207,33,1,1
207,70,7,0
207,99,2,0
207,52,1,1
207,59,4,1
207,84,2,1
207,8,7,0
207,89,6,1
207,95,5,0
207,5,8,0
207,32,5,1
207,68,9,1
207,6,0,1
207,24,3,0
207,37,7,1
207,53,6,1
207,12,6,0
207,3,4,1
207,2,1,0
207,22,2,0
207,55,1,1
207,14,7,1
207,75,4,1
207,31,9,0
207,74,5,1
207,51,8,1
207,90,1,1
207,69,4,1
207,25,5,1
207,80,5,0
207,46,5,1
207,77,6,1
207,98,7,1
207,81,8,1
207,54,5,0
207,44,2,1
207,45,5,0
207,66,0,1
207,85,9,0
207,88,3,1
207,28,7,1
207,7,9,1
207,72,2,0
207,48,2,0
207,83,4,1
207,30,4,0
207,9,1,1
207,78,3,1
207,38,7,1
207,91,2,1
207,86,1,1
207,15,7,1
207,18,0,1
207,40,7,1
207,57,0,1
207,96,1,1
207,1,1,1
207,43,3,0
207,41,9,1
140,96,1,1
140,76,8,0
140,16,3,0
140,37,9,0
140,39,8,0
140,4,8,0
140,1,2,0
140,64,3,0
140,83,5,0
140,81,0,1
140,89,3,1
140,99,8,0
140,61,6,0
140,62,7,0
140,52,9,0
140,72,1,0
140,97,2,0
140,34,4,1
140,10,0,0
140,22,5,0
140,58,8,1
140,3,1,0
140,74,1,0
140,50,7,0
140,94,6,0
140,19,8,0
140,60,6,0
140,0,3,0
140,27,7,0
140,46,6,0
140,92,1,0
140,38,4,1
140,84,2,0
140,51,1,1
140,44,7,1
140,79,5,1
140,14,8,1
140,75,0,0
140,18,6,1
140,88,4,1
140,43,5,1
140,67,8,0
140,49,1,1
140,66,3,0
140,42,4,1
140,55,4,0
140,26,8,1
140,36,7,0
140,85,2,0
140,73,6,0
140,30,6,0
140,95,1,0
140,21,0,0
140,90,6,0
140,70,7,1
140,9,4,0
140,82,8,0
140,13,0,0
140,68,9,0
140,17,0,0
140,98,7,0
140,12,6,0
140,65,8,0
140,29,1,0
140,71,4,0
140,11,9,0
140,7,0,1
140,48,3,0
140,53,3,1
140,77,6,1
140,8,5,0
140,69,1,0
140,41,2,0
140,23,6,0
140,2,4,0
140,28,5,0
140,15,9,0
140,93,4,0
140,47,6,0
140,5,6,1
140,35,3,1
284,2,1,0
284,69,4,1
284,47,3,0
284,26,2,1
284,64,8,0
284,13,9,1
284,89,6,1
284,74,0,0
284,60,9,0
284,90,1,1
284,42,4,1
284,4,0,0
284,15,3,0
284,86,0,0
284,68,3,1
284,46,1,0
284,91,7,0
284,5,4,0
284,93,8,0
284,27,3,0
284,28,3,0
284,3,4,0
284,65,4,1
284,24,5,0
284,71,0,1
284,16,5,0
284,95,3,0
284,36,7,1
284,79,9,1
284,97,8,0
284,1,9,0
284,92,0,1
284,53,7,0
284,51,1,0
284,44,7,0
284,83,8,0
284,38,3,0
284,40,5,0
284,75,7,1
284,34,8,0
284,18,9,0
284,21,5,0
284,87,2,1
284,35,8,0
284,19,9,0
284,9,6,0
284,81,9,1
284,70,2,1
284,76,6,1
284,63,6,1
284,30,1,0
284,59,2,0
284,98,0,0
284,17,3,0
284,8,0,0
284,62,3,0
284,85,6,1
284,29,8,0
284,67,8,0
284,7,8,0
284,57,3,0
284,0,1,0
284,45,7,1
284,88,6,0
284,50,7,0
284,14,4,1
284,82,5,0
284,49,8,0
284,39,1,0
284,58,6,0
284,77,2,0
284,31,9,0
284,80,4,0
284,11,8,0
284,73,6,0
284,6,1,0
284,41,9,1
284,43,2,0
376,99,9,1
376,17,6,1
376,55,2,0
376,77,4,0
376,25,0,1
376,31,4,1
376,14,5,1
376,67,5,0
376,0,2,1
376,80,4,1
376,70,2,0
376,2,5,0
376,95,3,1
376,86,2,0
376,19,8,0
376,16,6,0
376,28,5,1
376,26,3,1
376,79,3,1
376,96,5,0
376,41,8,0
376,64,8,1
376,33,5,0
376,92,3,1
376,40,5,0
376,11,0,1
376,61,8,1
376,48,7,1
376,4,2,1
376,7,4,1
376,57,9,1
376,35,0,1
376,93,2,1
376,50,2,0
376,3,4,1
376,27,8,0
376,73,2,0
376,1,7,1
376,85,5,1
376,21,4,1
376,30,6,1
376,88,0,1
376,44,1,1
376,24,1,1
376,83,3,1
376,74,7,1
376,46,2,0
376,42,1,1
376,69,5,0
376,78,5,1
376,8,7,0
376,62,6,1
376,90,1,1
376,66,7,1
376,72,2,1
376,34,9,1
376,12,1,0
376,47,7,1
376,65,5,1
376,71,7,1
376,75,5,0
376,23,1,0
376,43,7,1
376,60,1,1
376,45,1,1
376,6,4,1
376,9,4,1
376,82,8,1
376,29,6,1
376,89,1,0
376,18,5,1
376,54,9,1
376,36,7,1
376,37,6,1
376,10,7,1
376,87,5,1
376,5,3,0
172,6,4,1
172,96,0,1
172,28,8,1
172,57,0,1
172,77,9,1
172,8,9,0
172,80,3,1
172,45,9,1
172,5,4,1
172,64,0,1
172,18,7,1
172,88,4,1
172,12,5,1
172,48,8,1
172,60,5,1
172,79,2,1
172,61,8,0
172,55,6,1
172,20,5,1
172,50,1,1
172,37,8,0
172,39,1,1
172,75,5,1
172,84,1,1
172,78,2,1
172,7,5,1
172,59,9,1
172,74,7,1
172,76,4,1
172,19,2,1
172,52,1,1
172,87,6,1
172,38,4,1
172,41,2,1
172,53,7,0
172,62,8,1
172,31,4,1
172,24,0,1
172,33,7,1
172,32,4,1
172,36,5,1
172,89,7,0
172,82,4,1
172,44,5,1
172,30,8,1
172,34,6,0
172,3,6,1
172,29,5,1
172,17,9,1
172,81,4,1
172,54,5,0
172,10,6,1
172,68,6,1
172,26,2,1
172,95,3,1
172,27,0,0
172,99,9,1
172,86,6,1
172,0,0,1
172,9,0,1
172,85,1,1
172,35,7,0
172,83,5,1
172,93,5,1
172,63,4,1
172,58,3,0
172,72,9,1
172,21,5,1
172,71,0,1
172,90,2,0
172,56,9,1
172,98,9,1
172,94,5,0
172,47,8,1
172,4,6,1
172,70,8,0
172,14,9,1
172,25,9,0
172,42,7,1
172,43,9,1
172,91,7,1
172,15,6,1
76,23,5,0
76,64,2,0
76,89,5,1
76,82,2,1
76,14,4,1
76,57,9,1
76,49,4,1
76,20,1,1
76,12,5,0
76,21,9,1
76,59,1,0
76,31,2,1
76,78,2,1
76,33,9,1
76,22,0,1
76,62,2,1
76,96,4,1
76,24,4,1
76,36,7,1
76,56,6,1
76,10,4,1
76,48,3,1
76,51,7,0
76,18,0,1
76,68,6,1
76,63,1,0
76,34,1,0
76,46,2,0
76,67,5,1
76,44,0,0
76,29,0,1
76,74,0,1
76,94,9,1
76,84,0,1
76,13,9,1
76,81,1,1
76,41,7,1
76,79,8,1
76,43,2,1
76,47,4,1
76,61,5,1
76,26,9,1
76,16,5,1
76,87,5,1
76,40,5,1
76,76,4,1
76,42,3,1
76,66,2,1
76,75,5,1
76,9,5,1
76,83,7,0
76,4,1,0
76,2,8,1
76,54,2,1
76,8,9,1
76,27,1,1
76,0,1,0
76,38,6,1
76,37,2,0
76,28,0,0
76,17,6,0
76,1,5,0
76,25,7,1
76,91,5,1
76,77,2,1
76,39,4,1
76,58,7,1
76,86,4,1
76,11,1,0
76,72,6,1
76,65,2,0
76,92,2,0
76,85,2,1
76,90,3,1
76,30,3,1
76,93,0,1
76,35,3,0
76,71,3,1
76,98,8,0
76,60,3,1
76,7,4,1
448,54,9,0
448,69,2,0
448,77,4,1
448,88,6,1
448,0,4,0
448,74,8,1
448,21,6,0
448,6,9,1
448,53,0,1
448,31,4,1
448,94,0,0
448,20,5,1
448,29,9,1
448,56,4,1
448,37,1,1
448,49,4,1
448,19,2,0
448,66,4,0
448,65,9,1
448,45,6,0
448,4,4,1
448,12,0,0
448,32,7,0
448,95,0,0
448,64,7,1
448,83,6,0
448,15,0,1
448,3,9,1
448,41,1,1
448,63,3,0
448,67,3,1
448,47,8,1
448,55,1,0
448,99,8,0
448,59,2,1
448,28,0,1
448,93,5,1
448,40,9,1
448,17,9,0
448,97,5,0
448,46,0,0
448,22,9,1
448,26,2,0
448,68,9,0
448,58,6,0
448,62,2,1
448,18,7,0
448,23,3,0
448,87,5,0
448,5,9,0
448,34,0,1
448,11,1,1
448,81,9,0
448,25,1,1
448,44,8,0
448,60,2,1
448,86,6,0
448,73,1,1
448,10,5,1
448,42,7,0
448,71,5,0
448,13,7,1
448,8,5,0
448,24,7,0
448,92,9,1
448,30,6,0
448,50,8,1
448,80,6,1
448,91,7,0
448,78,5,0
448,76,7,0
448,16,7,0
448,14,0,1
448,61,6,1
305,42,1,0
305,93,4,0
305,96,1,1
305,79,6,1
305,25,6,0
305,40,7,0
305,77,4,0
305,95,0,0
305,28,4,1
305,66,0,0
305,19,4,0
305,31,2,0
305,4,4,1
305,87,2,1
305,30,7,0
305,3,2,0
305,86,5,0
305,21,7,1
305,44,6,0
305,1,7,0
305,13,7,1
305,99,9,1
305,71,4,1
305,82,6,1
305,51,4,1
305,14,1,0
305,58,1,1
305,43,1,0
305,52,0,0
305,83,2,0
305,64,1,0
305,49,5,1
305,54,9,1
305,72,1,0
305,85,6,1
305,53,3,0
305,63,8,0
305,38,3,1
305,67,9,1
305,12,3,0
305,90,7,0
305,2,7,0
305,0,3,0
305,59,8,0
305,37,5,1
305,6,6,1
305,69,2,0
305,8,0,1
305,88,6,1
305,89,7,1
305,73,7,0
305,68,4,0
305,41,1,1
305,74,3,1
305,27,8,1
305,23,6,1
305,60,3,0
305,36,6,1
305,98,7,1
305,34,3,1
305,94,0,1
305,80,3,1
305,91,1,0
305,24,3,1
305,29,0,0
305,62,7,0
305,65,0,1
305,92,6,0
305,26,2,0
305,17,3,1
305,70,7,1
305,9,0,0
305,84,9,1
305,55,4,1
305,11,3,1
305,5,3,1
277,64,2,1
277,24,2,0
277,4,5,1
277,99,2,0
277,36,4,0
277,63,8,1
277,91,7,0
277,31,4,0
277,40,9,0
277,75,1,0
277,94,8,0
277,82,8,1
277,74,8,0
277,89,1,1
277,25,0,1
277,53,8,1
277,88,8,1
277,83,9,0
277,43,5,1
277,10,9,1
277,56,5,0
277,46,0,1
277,21,3,1
277,86,7,0
277,37,8,0
277,69,9,0
277,79,5,1
277,8,4,0
277,11,4,1
277,47,3,0
277,76,4,0
277,15,5,0
277,14,4,1
277,65,7,0
277,6,7,1
277,50,3,1
277,90,8,1
277,20,6,0
277,70,7,0
277,42,7,1
277,38,9,0
277,51,5,0
277,16,0,1
277,84,9,0
277,28,8,0
277,22,6,1
277,55,1,0
277,62,5,1
277,71,1,0
277,23,6,1
277,32,4,0
277,2,9,1
277,41,1,1
277,34,0,1
277,35,6,1
277,67,4,1
277,29,8,1
277,44,4,0
277,80,0,0
277,18,2,1
277,77,4,0
277,97,5,0
277,68,1,0
277,19,9,1
277,58,6,1
277,49,9,0
277,12,4,1
277,0,6,1
277,5,1,0
277,17,4,0
277,61,7,0
277,78,8,1
277,81,3,0
277,72,0,0
277,73,2,1
277,48,2,0
277,59,9,1
277,39,4,0
277,1,8,0
277,33,9,1
383,21,2,1
383,10,6,1
383,1,5,1
383,63,9,1
383,17,1,1
383,15,2,0
383,61,2,0
383,99,0,1
383,91,3,0
383,89,9,1
383,48,2,1
383,92,3,1
383,53,9,1
383,69,6,1
383,29,5,1
383,93,3,1
383,83,2,1
383,79,6,1
383,36,3,1
383,65,0,1
383,56,6,1
383,42,9,1
383,49,1,0
383,60,9,1
383,76,8,1
383,55,5,1
383,16,9,1
383,31,1,0
383,77,1,1
383,94,8,1
383,8,7,1
383,70,8,1
383,43,5,1
383,38,5,1
383,51,3,1
383,28,0,1
383,24,8,1
383,25,8,1
383,2,8,0
383,64,8,1
383,58,1,1
383,47,7,1
383,12,9,1
383,20,6,1
383,87,2,1
383,73,7,1
383,46,4,1
383,35,5,1
383,85,3,1
383,96,1,1
383,81,8,0
383,86,2,0
383,30,8,1
383,11,8,1
383,41,0,1
383,0,4,1
383,45,6,1
383,23,5,1
383,72,3,1
383,44,9,1
383,5,5,1
383,9,3,1
383,19,0,1
383,74,1,0
383,95,7,1
383,62,6,1
383,97,3,1
383,33,0,1
383,18,3,1
383,59,8,0
383,67,0,1
383,75,4,1
383,27,5,1
383,90,9,0
383,88,7,0
383,84,0,1
383,80,3,0
383,57,0,1
383,71,2,0
383,13,3,1
383,37,9,0
383,14,7,1
383,7,2,0
383,26,9,0
111,89,0,1
111,35,6,1
111,25,1,1
111,49,1,1
111,31,3,1
111,32,0,0
111,50,5,1
111,47,2,1
111,88,4,0
111,84,5,0
111,62,5,0
111,72,1,1
111,92,0,1
111,36,2,0
111,42,5,1
111,18,7,0
111,71,3,1
111,82,3,1
111,12,2,1
111,34,7,1
111,61,7,1
111,30,5,1
111,83,1,1
111,27,5,1
111,53,8,0
111,0,7,1
111,52,4,1
111,54,0,1
111,56,0,1
111,17,5,1
111,14,6,1
111,21,4,1
111,95,0,1
111,93,0,0
111,10,5,0
111,63,5,0
111,80,2,1
111,16,2,0
111,19,7,1
111,94,1,1
111,59,1,1
111,66,1,0
111,73,6,1
111,41,8,0
111,78,2,0
111,76,6,1
111,60,5,1
111,28,5,1
111,44,7,0
111,2,4,0
111,39,9,1
111,9,9,1
111,74,9,1
111,81,5,1
111,1,6,0
111,90,5,0
111,98,9,1
111,40,5,0
111,4,0,1
111,45,7,1
111,51,5,1
111,8,5,1
111,48,9,0
111,69,9,1
111,33,5,1
111,43,4,1
111,13,9,0
111,55,7,0
111,29,5,1
111,24,7,1
111,68,3,1
111,65,8,0
111,79,5,1
111,67,1,0
111,70,4,0
111,5,2,0
111,38,1,1
111,20,7,1
111,64,1,1
111,37,4,0
111,91,6,1
153,58,9,0
153,6,8,0
153,41,0,0
153,4,0,0
153,99,6,1
153,91,3,0
153,84,3,0
153,11,4,0
153,25,3,0
153,52,1,1
153,21,9,1
153,42,4,0
153,75,8,1
153,16,7,0
153,86,3,0
153,69,6,0
153,79,8,0
153,59,0,1
153,97,2,0
153,19,3,0
153,92,9,0
153,46,3,1
153,72,9,0
153,61,9,1
153,96,2,0
153,40,1,0
153,28,6,0
153,0,6,0
153,54,0,1
153,56,2,0
153,87,7,1
153,73,0,0
153,38,7,0
153,36,8,0
153,26,4,1
153,55,4,1
153,47,9,0
153,60,0,0
153,45,8,0
153,37,8,1
153,94,9,0
153,89,4,0
153,53,0,1
153,31,3,1
153,27,2,0
153,24,5,1
153,82,4,0
153,90,9,0
153,1,7,0
153,44,6,0
153,17,5,1
153,20,4,0
153,39,1,0
153,29,3,0
153,95,4,0
153,80,9,0
153,50,2,0
153,10,1,1
153,81,6,0
153,18,5,0
153,43,6,0
153,30,1,0
153,5,9,0
153,3,4,0
153,23,7,0
153,65,8,0
153,48,3,0
153,83,1,0
153,74,6,1
153,33,5,0
153,14,7,1
153,71,5,0
153,63,1,0
153,64,2,1
153,85,0,1
153,8,5,1
153,66,5,0
153,32,5,0
153,93,6,0
153,12,9,0
153,68,1,1
153,35,5,0
153,34,8,0
153,22,7,1
321,24,3,0
321,2,5,0
321,80,1,1
321,85,1,0
321,74,1,1
321,39,8,1
321,32,3,1
321,54,1,1
321,51,8,0
321,9,0,1
321,29,9,0
321,69,6,1
321,48,6,0
321,82,0,1
321,61,2,1
321,28,1,0
321,3,9,1
321,4,9,1
321,99,3,1
321,95,7,1
321,23,1,1
321,25,5,1
321,88,1,0
321,59,2,0
321,77,6,1
321,52,9,1
321,14,9,1
321,12,8,0
321,81,6,1
321,64,5,0
321,72,1,1
321,38,5,1
321,57,3,1
321,35,3,1
321,45,4,1
321,87,6,1
321,27,5,1
321,6,5,1
321,86,7,0
321,34,3,0
321,10,2,1
321,44,1,0
321,94,9,1
321,75,6,1
321,30,9,1
321,67,6,1
321,49,9,1
321,8,5,0
321,73,8,0
321,92,4,1
321,70,9,1
321,78,4,1
321,21,3,1
321,56,8,0
321,71,3,1
321,7,4,1
321,41,5,0
321,33,7,1
321,96,6,0
321,89,3,0
321,62,2,0
321,0,0,1
321,79,9,1
321,37,4,1
321,15,5,1
321,1,8,0
321,18,8,1
321,36,3,1
321,90,1,1
321,55,7,1
321,63,8,1
321,31,8,1
321,11,9,1
321,13,9,1
321,26,9,0
321,42,4,1
321,58,2,0
321,20,4,0
321,47,1,1
321,98,1,1
321,66,3,0
321,40,2,1
321,97,2,0
460,37,1,1
460,11,0,1
460,35,7,1
460,85,2,1
460,16,0,0
460,34,1,0
460,75,0,1
460,62,6,1
460,52,3,1
460,68,5,1
460,54,1,1
460,20,3,0
460,12,2,1
460,56,8,1
460,78,0,1
460,91,4,1
460,77,7,1
460,3,3,0
460,99,0,0
460,79,7,0
460,46,4,1
460,96,9,1
460,40,5,1
460,57,1,0
460,2,2,0
460,36,6,1
460,4,3,0
460,69,6,1
460,81,6,1
460,97,4,1
460,53,9,0
460,17,9,1
460,64,6,1
460,31,4,0
460,76,9,0
460,5,8,0
460,89,1,0
460,24,5,1
460,22,0,1
460,39,7,1
460,25,7,0
460,18,2,0
460,80,4,1
460,15,9,1
460,51,8,1
460,73,8,0
460,42,0,1
460,72,0,1
460,70,9,1
460,6,3,1
460,21,5,1
460,87,3,1
460,45,7,0
460,74,6,0
460,60,6,1
460,95,0,1
460,28,0,0
460,71,1,1
460,29,4,1
460,93,4,1
460,41,1,0
460,32,2,1
460,1,7,1
460,0,2,1
460,43,0,1
460,9,2,0
460,47,0,1
460,13,7,1
460,92,9,0
460,58,5,0
460,48,2,0
460,66,4,1
460,8,9,1
460,84,8,1
460,33,2,1
460,38,1,0
460,27,7,1
465,97,8,0
465,54,8,0
465,39,8,0
465,75,3,1
465,89,5,1
465,6,3,0
465,4,4,0
465,51,8,1
465,35,5,0
465,95,9,0
465,66,2,1
465,98,0,0
465,71,2,1
465,61,1,0
465,9,7,1
465,34,4,0
465,33,9,0
465,73,1,1
465,30,0,1
465,79,7,0
465,70,4,0
465,15,7,1
465,94,4,1
465,85,1,0
465,12,9,0
465,78,1,1
465,50,8,0
465,80,5,1
465,40,5,1
465,25,6,0
465,72,6,0
465,21,9,1
465,8,5,0
465,87,0,1
465,11,0,0
465,63,8,0
465,53,7,1
465,65,5,0
465,93,4,0
465,41,8,0
465,44,0,0
465,68,1,0
465,74,8,0
465,76,0,0
465,62,2,0
465,49,7,0
465,13,4,1
465,14,6,0
465,91,4,1
465,7,3,0
465,10,6,0
465,20,9,1
465,45,6,0
465,17,8,0
465,46,7,0
465,3,0,1
465,57,9,0
465,24,5,1
465,16,0,1
465,60,6,1
465,96,2,0
465,27,1,0
465,69,6,0
465,81,8,0
465,2,4,1
465,55,0,0
465,18,8,0
465,88,3,0
465,32,8,0
465,28,2,0
465,31,7,0
465,82,8,1
465,56,1,1
465,59,1,0
465,22,6,0
465,58,4,0
450,36,3,1
450,41,1,0
450,46,0,1
450,0,1,0
450,87,7,1
450,17,7,0
450,94,9,1
450,14,8,1
450,4,0,1
450,62,9,0
450,52,3,0
450,5,2,1
450,54,4,0
450,81,2,0
450,60,2,0
450,82,7,0
450,98,1,1
450,43,8,0
450,92,0,1
450,64,5,0
450,96,2,0
450,89,9,1
450,74,2,0
450,25,2,0
450,15,8,1
450,71,5,1
450,50,7,0
450,37,6,0
450,33,7,1
450,48,9,0
450,3,1,0
450,8,2,0
450,34,4,0
450,58,6,1
450,1,0,1
450,2,7,0
450,24,6,0
450,90,0,1
450,61,5,1
450,78,7,0
450,6,5,0
450,83,1,0
450,66,2,1
450,7,9,1
450,12,5,1
450,16,9,1
450,47,8,1
450,10,1,0
450,88,0,0
450,80,7,1
450,31,6,0
450,72,2,1
450,22,3,0
450,51,6,0
450,29,6,1
450,42,2,0
450,45,0,0
450,26,0,1
450,21,5,0
450,69,8,0
450,79,9,0
450,95,1,0
450,85,1,0
450,27,9,1
450,97,1,0
450,63,6,0
450,19,1,0
450,40,1,1
450,13,9,1
450,99,1,0
450,55,7,1
450,70,5,0
450,30,9,1
450,84,6,0
450,39,8,1
450,93,5,1
450,35,2,0
450,65,5,0
220,61,2,1
220,70,9,0
220,33,0,1
220,49,2,1
220,63,1,1
220,82,2,0
220,93,2,1
220,44,1,1
220,42,0,1
220,36,1,1
220,6,0,1
220,15,1,1
220,3,7,0
220,45,5,0
220,57,3,1
220,52,0,1
220,30,9,1
220,56,9,1
220,7,7,1
220,87,0,1
220,95,9,1
220,71,1,1
220,68,2,1
220,51,2,0
220,37,0,1
220,0,4,1
220,83,2,1
220,78,4,0
220,19,5,1
220,5,4,1
220,69,4,1
220,9,8,1
220,47,9,1
220,66,0,1
220,58,9,1
220,27,1,1
220,67,6,1
220,1,1,1
220,80,8,1
220,29,2,1
220,77,4,1
220,88,2,0
220,39,5,1
220,38,7,1
220,72,1,1
220,89,2,1
220,24,4,1
220,86,1,1
220,22,2,0
220,79,3,0
220,97,8,0
220,53,9,1
220,46,8,1
220,40,2,1
220,73,1,1
220,10,6,0
220,41,1,1
220,84,3,0
220,76,2,1
220,8,9,0
220,2,5,1
220,62,6,1
220,85,0,1
220,18,6,0
220,74,7,1
220,26,9,1
220,94,2,1
220,54,7,1
220,11,2,0
220,16,8,1
220,35,2,1
220,31,8,1
220,92,9,1
220,4,7,1
220,90,6,0
220,64,3,0
220,13,4,1
220,23,6,1
220,81,5,1
220,59,9,1
220,21,1,1
220,96,3,1
220,75,0,1
220,28,6,1
220,65,9,1
275,94,9,0
275,62,5,0
275,39,7,0
275,46,9,0
275,81,7,0
275,82,5,0
275,88,8,0
275,73,4,0
275,96,2,0
275,77,6,1
275,0,1,1
275,23,7,1
275,47,0,0
275,86,3,0
275,74,1,0
275,58,5,0
275,13,1,0
275,18,0,0
275,50,2,0
275,89,9,0
275,79,0,1
275,55,5,1
275,60,0,1
275,66,9,0
275,34,8,0
275,83,5,0
275,70,3,1
275,45,2,0
275,33,1,0
275,32,6,0
275,75,4,1
275,54,0,0
275,8,1,1
275,11,9,0
275,3,6,0
275,41,0,0
275,4,9,1
275,22,5,1
275,63,4,1
275,21,6,0
275,16,4,0
275,36,5,1
275,15,0,0
275,51,4,1
275,78,2,0
275,53,6,1
275,92,2,0
275,64,3,1
275,37,9,0
275,72,3,1
275,68,6,1
275,25,6,1
275,80,6,0
275,85,1,0
275,42,7,1
275,24,0,0
275,76,6,1
275,1,4,0
275,20,7,0
275,98,4,0
275,12,0,1
275,10,6,1
275,28,1,1
275,27,7,0
275,84,1,0
275,17,1,0
275,6,1,1
275,56,8,0
275,2,0,0
275,30,4,1
275,95,7,1
275,29,4,0
275,90,7,1
275,65,1,0
275,87,9,0
275,93,8,0
275,71,4,1
275,40,1,0
185,73,8,1
185,22,5,1
185,47,3,0
185,1,2,1
185,18,1,0
185,53,7,1
185,58,5,1
185,25,0,1
185,78,8,0
185,89,4,1
185,10,9,1
185,20,3,0
185,88,2,1
185,38,5,1
185,9,2,1
185,95,9,1
185,91,6,1
185,6,2,1
185,50,7,1
185,33,4,1
185,87,3,1
185,30,3,1
185,42,4,1
185,74,1,1
185,19,4,1
185,16,0,1
185,82,0,1
185,48,3,1
185,23,9,1
185,43,5,1
185,63,9,1
185,85,2,0
185,8,2,0
185,70,9,1
185,80,0,1
185,5,7,1
185,66,2,1
185,14,7,1
185,61,1,1
185,39,7,1
185,98,7,1
185,26,4,1
185,40,1,0
185,62,4,1
185,36,5,1
185,54,0,1
185,75,5,1
185,21,6,0
185,49,5,1
185,32,7,1
185,64,4,1
185,0,4,1
185,94,5,1
185,2,6,1
185,67,3,1
185,90,7,1
185,92,6,1
185,69,3,1
185,77,1,0
185,84,4,1
185,7,2,0
185,68,9,1
185,81,2,0
185,44,9,1
185,4,8,0
185,71,5,1
185,34,5,1
185,17,9,0
185,51,6,1
185,56,2,0
185,83,3,0
185,27,1,1
185,45,6,1
185,79,5,0
185,60,9,1
185,93,0,1
185,57,0,1
185,24,2,1
185,99,3,0
185,65,5,0
185,35,4,1
185,72,4,1
185,37,7,1
185,15,7,0
185,12,6,1
185,76,0,1
185,55,4,1
366,52,9,1
366,78,6,1
366,23,5,0
366,71,5,1
366,22,7,0
366,4,9,0
366,7,4,1
366,40,8,0
366,77,1,0
366,20,7,1
366,72,0,1
366,3,8,0
366,56,3,1
366,55,9,0
366,59,9,1
366,5,7,1
366,84,4,1
366,1,5,1
366,37,9,0
366,6,5,1
366,36,8,0
366,48,7,0
366,65,7,1
366,17,6,1
366,9,0,1
366,34,9,1
366,87,4,1
366,33,3,0
366,47,3,1
366,46,4,1
366,39,6,1
366,29,5,0
366,31,3,0
366,38,8,0
366,57,6,0
366,89,5,0
366,79,0,0
366,15,0,1
366,25,6,1
366,74,2,0
366,50,4,1
366,26,4,0
366,98,8,0
366,10,8,0
366,2,5,1
366,64,8,1
366,60,2,1
366,35,5,1
366,62,5,1
366,73,6,0
366,12,2,0
366,88,6,1
366,86,8,1
366,0,0,1
366,70,6,0
366,99,3,0
366,90,5,1
366,18,5,1
366,53,7,1
366,13,3,1
366,85,4,1
366,66,4,0
366,97,4,0
366,91,7,1
366,42,1,1
366,68,8,0
366,63,9,0
366,14,0,1
366,80,5,1
366,28,5,1
366,69,2,1
366,21,0,0
366,76,5,1
366,75,0,0
366,49,9,0
366,81,1,1
366,19,1,1
366,41,1,0
366,44,8,1
366,58,7,1
366,54,7,1
366,82,1,0
366,16,5,1
366,93,7,1
366,43,8,1
498,62,1,0
498,49,5,1
498,51,0,0
498,35,3,1
498,46,8,1
498,4,5,1
498,97,9,1
498,44,4,1
498,18,9,0
498,2,7,1
498,39,3,1
498,13,6,1
498,94,6,1
498,65,9,0
498,9,8,1
498,6,7,0
498,52,5,1
498,82,6,1
498,87,8,1
498,33,3,1
498,14,4,0
498,20,8,1
498,55,9,1
498,31,4,1
498,23,3,0
498,93,3,0
498,69,1,1
498,41,4,1
498,70,4,1
498,67,1,1
498,40,7,0
498,75,8,0
498,11,4,1
498,45,1,0
498,71,7,1
498,19,7,0
498,21,0,1
498,91,3,1
498,86,8,1
498,28,4,1
498,36,1,1
498,88,2,0
498,5,7,1
498,22,0,0
498,48,3,1
498,95,6,0
498,10,0,1
498,90,5,0
498,57,2,0
498,56,2,1
498,8,8,0
498,0,6,1
498,32,0,0
498,98,6,0
498,15,9,1
498,83,6,0
498,92,6,1
498,42,8,1
498,50,3,1
498,29,7,1
498,34,1,1
498,96,6,1
498,68,3,1
498,7,9,0
498,79,7,1
498,76,5,1
498,26,7,1
498,47,6,1
498,66,4,1
498,59,3,1
498,74,3,0
498,78,4,1
498,12,7,0
498,1,1,0
498,27,1,1
498,63,0,1
498,84,9,1
498,77,5,1
498,16,0,1
359,68,7,1
359,56,3,0
359,28,8,0
359,69,7,0
359,48,1,0
359,12,5,0
359,73,9,1
359,62,5,0
359,8,3,0
359,70,3,0
359,66,2,1
359,81,9,0
359,58,6,0
359,91,8,1
359,21,8,0
359,95,3,1
359,3,4,0
359,10,4,0
359,45,4,0
359,76,9,1
359,49,0,0
359,90,7,0
359,31,6,0
359,55,7,0
359,39,7,1
359,97,3,0
359,80,7,0
359,75,7,0
359,61,4,1
359,53,5,0
359,82,9,0
359,72,4,1
359,38,9,0
359,87,2,1
359,89,9,0
359,65,9,0
359,52,2,0
359,54,2,0
359,79,7,1
359,23,9,0
359,19,8,0
359,27,6,1
359,25,8,0
359,60,1,0
359,42,9,0
359,83,7,0
359,2,0,1
359,22,3,1
359,15,3,1
359,94,7,0
359,47,5,0
359,5,0,0
359,46,1,1
359,50,9,0
359,1,6,1
359,34,2,0
359,41,6,0
359,71,1,0
359,63,9,0
359,26,1,0
359,30,4,0
359,33,8,0
359,7,8,0
359,74,9,0
359,14,0,0
359,37,9,0
359,98,9,0
359,36,0,1
359,9,1,1
359,78,1,0
359,44,2,0
359,11,3,0
359,92,3,0
359,17,2,1
359,86,1,0
359,88,9,0
428,85,3,1
428,58,0,1
428,86,9,1
428,75,0,1
428,93,1,1
428,54,5,1
428,45,8,1
428,0,1,1
428,8,2,0
428,60,8,1
428,63,3,1
428,88,1,1
428,78,0,1
428,42,3,1
428,37,0,1
428,26,8,1
428,80,8,1
428,32,2,1
428,47,5,1
428,7,2,0
428,91,7,0
428,17,6,1
428,55,0,1
428,83,2,0
428,19,9,0
428,76,5,1
428,66,6,1
428,20,6,1
428,62,1,0
428,44,9,1
428,87,6,1
428,16,3,1
428,67,2,1
428,72,6,1
428,22,9,1
428,52,2,1
428,35,6,0
428,31,4,1
428,48,2,0
428,11,0,1
428,24,0,1
428,34,8,1
428,50,1,0
428,89,7,1
428,71,2,1
428,12,3,1
428,41,6,1
428,13,4,1
428,39,2,1
428,57,0,1
428,90,7,0
428,27,4,0
428,59,8,0
428,25,9,1
428,69,7,1
428,21,8,1
428,51,5,1
428,30,9,1
428,46,9,1
428,97,0,1
428,95,4,1
428,79,6,1
428,53,7,1
428,92,9,1
428,65,0,1
428,99,8,1
428,23,8,1
428,9,6,1
428,3,4,1
428,6,6,0
428,36,2,0
428,82,1,1
428,73,6,1
428,56,6,1
428,29,6,1
428,68,7,0
428,4,2,1
428,70,9,1
428,18,9,1
428,64,2,0
428,15,7,1
428,96,4,1
428,94,8,0
428,1,4,1
428,5,3,0
428,40,1,0
10,6,9,0
10,98,8,1
10,69,0,1
10,54,6,1
10,41,7,1
10,38,4,1
10,79,4,1
10,85,1,0
10,77,3,1
10,87,4,0
10,20,9,1
10,49,2,0
10,57,6,1
10,67,3,1
10,22,3,0
10,21,2,0
10,11,4,1
10,92,9,1
10,90,8,0
10,81,1,1
10,36,4,1
10,83,6,1
10,89,9,1
10,19,6,0
10,28,5,1
10,2,7,1
10,18,1,0
10,51,8,1
10,70,9,1
10,32,5,1
10,62,9,0
10,37,9,1
10,16,3,0
10,95,4,1
10,1,7,1
10,42,9,1
10,5,5,1
10,80,4,0
10,56,1,0
10,40,9,1
10,39,0,1
10,74,2,0
10,60,9,0
10,17,0,0
10,10,1,0
10,48,2,0
10,47,2,1
10,27,4,0
10,96,5,1
10,91,3,0
10,93,2,1
10,50,8,1
10,24,2,0
10,7,7,0
10,3,3,1
10,52,8,0
10,12,3,1
10,76,1,1
10,66,8,0
10,58,6,0
10,94,2,1
10,53,7,0
10,88,2,1
10,84,9,0
10,82,6,1
10,34,0,1
10,26,9,1
10,35,4,0
10,30,0,0
10,59,5,1
10,25,7,1
10,8,5,1
10,23,1,1
10,9,6,0
10,71,7,0
10,13,0,1
10,55,1,1
10,73,8,1
10,46,7,1
10,14,4,1
10,78,0,0
10,33,5,1
10,64,7,1
466,6,6,1
466,26,6,1
466,42,5,1
466,83,4,1
466,46,3,1
466,21,5,1
466,14,0,1
466,97,8,0
466,61,3,0
466,90,5,0
466,47,1,1
466,62,0,1
466,57,5,1
466,87,0,1
466,11,3,0
466,65,5,0
466,68,7,1
466,76,6,0
466,56,7,0
466,86,4,1
466,4,2,1
466,22,9,1
466,72,9,1
466,51,7,1
466,82,5,0
466,89,3,0
466,59,5,1
466,99,8,1
466,91,6,1
466,98,3,1
466,27,4,0
466,24,3,0
466,12,1,1
466,25,3,0
466,3,0,1
466,7,0,1
466,35,4,1
466,5,0,1
466,95,4,1
466,34,9,0
466,73,1,1
466,38,2,1
466,55,9,1
466,64,1,1
466,44,8,0
466,66,7,1
466,18,0,1
466,19,2,1
466,40,1,1
466,32,3,0
466,93,2,1
466,84,6,1
466,15,0,1
466,43,8,1
466,36,8,1
466,28,0,1
466,20,5,0
466,13,9,1
466,58,4,0
466,45,2,0
466,74,3,0
466,49,6,1
466,29,9,0
466,1,3,0
466,69,3,1
466,63,1,1
466,39,3,0
466,10,9,1
466,60,7,1
466,41,7,0
466,9,6,1
466,31,5,1
466,81,9,0
466,67,7,1
466,79,3,1
466,54,0,1
360,10,3,1
360,76,4,1
360,32,9,1
360,97,7,1
360,46,8,1
360,8,1,1
360,38,3,1
360,49,4,1
360,60,9,1
360,9,8,0
360,80,1,1
360,40,0,1
360,3,4,1
360,26,2,0
360,72,0,1
360,94,7,1
360,66,1,1
360,14,8,0
360,52,5,1
360,2,3,1
360,84,7,0
360,79,4,1
360,41,5,1
360,28,9,1
360,47,0,1
360,5,9,1
360,36,2,1
360,51,3,1
360,83,1,1
360,13,8,1
360,86,9,1
360,35,1,1
360,37,7,1
360,73,2,0
360,71,2,1
360,55,6,0
360,87,5,1
360,19,3,1
360,53,2,0
360,64,1,0
360,57,6,1
360,30,4,1
360,25,2,0
360,44,5,1
360,68,5,0
360,43,5,1
360,91,9,1
360,69,4,1
360,89,1,1
360,95,2,1
360,45,6,1
360,65,1,0
360,62,6,1
360,11,4,1
360,92,1,1
360,39,3,0
360,34,3,0
360,24,7,1
360,90,9,1
360,31,6,1
360,58,8,1
360,15,0,1
360,17,0,1
360,61,9,0
360,23,6,1
360,82,5,1
360,6,0,0
360,78,3,0
360,33,9,0
360,1,8,1
360,0,8,1
360,27,0,1
360,50,9,1
360,93,8,0
360,59,7,1
360,96,4,0
360,12,5,1
435,21,4,1
435,35,0,0
435,29,4,0
435,26,7,1
435,17,5,0
435,18,2,0
435,32,0,1
435,54,4,1
435,90,1,0
435,5,6,1
435,93,6,1
435,30,0,1
435,51,5,1
435,68,7,1
435,36,7,1
435,24,5,1
435,28,5,1
435,1,1,1
435,39,4,1
435,0,7,1
435,60,0,0
435,9,0,0
435,98,8,0
435,59,7,0
435,33,3,1
435,11,6,0
435,61,2,1
435,14,8,1
435,52,4,0
435,12,0,1
435,48,5,1
435,69,7,1
435,3,9,1
435,25,0,1
435,92,1,1
435,8,2,1
435,41,9,1
435,84,8,1
435,10,9,1
435,80,1,1
435,34,2,0
435,96,0,1
435,85,0,1
435,89,6,1
435,74,3,1
435,20,9,1
435,86,4,1
435,58,2,0
435,63,7,1
435,31,5,0
435,88,6,1
435,65,1,1
435,45,4,0
435,71,6,1
435,62,4,1
435,40,2,0
435,75,6,1
435,27,7,0
435,83,9,1
435,19,3,1
435,76,4,1
435,94,8,0
435,55,2,1
435,64,6,0
435,78,2,0
435,37,6,1
435,50,7,0
435,43,8,1
435,44,4,0
435,42,4,0
435,82,7,1
435,2,8,1
435,38,4,1
435,4,1,0
435,72,0,1
435,95,8,1
435,79,3,1
435,46,9,1
435,53,7,1
435,97,8,0
435,77,9,1
435,87,9,1
34,45,1,0
34,95,2,0
34,74,0,1
34,31,0,1
34,9,9,0
34,50,3,0
34,55,0,1
34,65,9,1
34,60,6,1
34,63,5,1
34,89,9,1
34,76,1,1
34,21,8,0
34,34,0,0
34,61,5,0
34,3,4,1
34,22,7,0
34,29,1,0
34,7,8,0
34,17,0,0
34,49,7,1
34,51,2,1
34,64,0,1
34,99,7,1
34,44,8,0
34,35,7,1
34,18,3,1
34,14,6,1
34,41,0,1
34,98,3,0
34,75,7,1
34,62,4,0
34,58,8,0
34,97,2,1
34,27,1,1
34,86,7,1
34,68,2,0
34,37,9,1
34,4,3,0
34,48,5,0
34,16,8,1
34,36,0,0
34,73,0,1
34,52,8,0
34,69,6,0
34,8,9,1
34,94,4,1
34,26,8,1
34,13,1,0
34,85,4,1
34,59,9,1
34,47,8,1
34,88,5,1
34,24,5,0
34,57,8,0
34,11,1,0
34,2,7,1
34,72,1,1
34,83,8,1
34,81,4,0
34,90,4,0
34,19,2,0
34,56,6,1
34,42,8,0
34,91,9,1
34,78,9,0
34,71,6,1
34,67,2,0
34,40,3,0
34,20,0,0
34,15,8,0
34,53,7,1
34,23,0,0
34,38,6,1
34,93,7,0
34,87,7,0
34,28,5,1
34,25,3,1
34,5,9,1
34,12,5,0
34,77,9,1
34,30,6,0
34,96,7,0
338,13,6,1
338,70,0,1
338,86,6,0
338,79,0,1
338,59,9,0
338,50,7,0
338,63,3,1
338,1,9,1
338,72,4,1
338,99,3,1
338,61,6,0
338,47,0,0
338,78,2,0
338,14,6,0
338,64,3,1
338,10,9,1
338,94,8,1
338,54,3,1
338,35,7,0
338,5,0,1
338,45,3,1
338,83,2,0
338,66,4,1
338,42,5,1
338,28,5,1
338,20,1,0
338,91,2,1
338,98,1,1
338,33,6,0
338,85,3,1
338,8,0,1
338,22,7,1
338,96,2,1
338,53,9,1
338,32,1,0
338,51,4,1
338,48,7,1
338,26,1,1
338,2,8,1
338,60,2,0
338,87,4,1
338,15,6,1
338,97,9,0
338,37,4,1
338,41,1,1
338,62,7,1
338,7,9,1
338,49,2,1
338,75,8,1
338,29,8,1
338,46,5,1
338,38,2,0
338,24,1,1
338,6,8,1
338,65,0,1
338,93,0,1
338,95,0,0
338,40,4,0
338,19,2,0
338,4,6,0
338,56,1,1
338,68,0,1
338,12,9,1
338,92,2,1
338,11,2,0
338,27,6,1
338,67,9,1
338,21,4,1
338,36,6,1
338,34,4,1
338,81,0,1
338,58,5,0
338,52,5,1
338,25,0,1
338,30,5,1
338,16,6,0
338,82,0,1
338,55,6,0
338,44,4,0
338,18,7,1
338,77,9,1
369,38,4,1
369,90,8,1
369,60,3,0
369,78,3,0
369,80,1,0
369,57,8,1
369,32,0,1
369,9,7,0
369,84,9,0
369,64,4,1
369,71,5,1
369,42,5,0
369,8,1,0
369,45,4,0
369,95,0,1
369,31,3,0
369,43,7,0
369,5,6,1
369,28,8,1
369,86,7,0
369,97,4,1
369,93,2,1
369,87,0,1
369,19,4,0
369,91,4,1
369,4,5,0
369,82,0,0
369,34,8,1
369,21,1,0
369,65,3,1
369,23,4,1
369,48,2,1
369,85,6,0
369,88,9,1
369,47,4,0
369,15,2,0
369,73,2,1
369,26,4,1
369,41,0,0
369,0,9,1
369,58,4,1
369,89,7,0
369,14,9,0
369,24,5,1
369,30,0,1
369,6,2,0
369,2,8,0
369,75,4,1
369,81,0,1
369,16,3,0
369,70,9,1
369,92,9,0
369,83,0,1
369,37,5,1
369,20,3,1
369,54,1,0
369,79,3,1
369,44,8,0
369,27,5,1
369,29,5,0
369,98,9,0
369,7,4,0
369,76,3,0
369,56,8,0
369,36,5,0
369,96,2,1
369,68,3,1
369,11,8,1
369,59,5,1
369,63,9,1
369,94,7,0
369,51,3,1
369,12,4,1
369,22,6,0
369,77,7,0
369,61,3,1
369,33,8,1
369,3,4,1
369,50,8,0
189,6,2,0
189,9,2,1
189,68,4,1
189,65,3,1
189,81,6,1
189,51,1,1
189,70,8,0
189,4,3,0
189,0,2,0
189,37,2,0
189,88,3,1
189,99,3,1
189,11,2,1
189,85,5,1
189,23,4,0
189,63,5,1
189,62,5,1
189,83,1,1
189,15,1,1
189,29,8,1
189,60,7,0
189,93,8,0
189,7,8,1
189,26,3,1
189,33,7,1
189,22,7,1
189,89,3,1
189,36,2,1
189,53,5,0
189,42,1,1
189,75,9,0
189,17,8,0
189,21,8,0
189,90,6,1
189,12,7,1
189,82,3,1
189,78,4,1
189,25,2,1
189,64,3,1
189,19,3,1
189,71,8,1
189,66,2,1
189,74,1,1
189,48,8,0
189,20,6,0
189,16,5,1
189,39,5,0
189,61,3,1
189,72,1,0
189,91,2,0
189,69,5,1
189,58,1,1
189,52,3,0
189,56,8,0
189,32,6,1
189,86,2,1
189,97,9,1
189,2,9,1
189,54,2,1
189,27,4,1
189,49,7,1
189,84,8,1
189,1,8,1
189,13,9,0
189,96,4,1
189,98,4,1
189,28,7,0
189,87,3,1
189,45,6,1
189,77,6,1
189,24,8,1
189,14,6,0
189,80,1,1
189,67,0,1
189,18,0,1
189,47,7,0
189,95,3,1
189,43,7,1
189,76,2,0
189,40,1,1
189,35,3,0
222,3,6,1
222,6,0,1
222,55,4,1
222,35,7,0
222,68,0,1
222,97,3,0
222,63,3,0
222,73,4,0
222,29,6,0
222,74,9,1
222,71,9,0
222,2,1,1
222,92,0,0
222,15,6,1
222,93,4,0
222,39,1,1
222,31,6,1
222,44,0,1
222,87,6,0
222,57,3,1
222,30,0,1
222,85,9,1
222,32,2,0
222,58,5,0
222,26,4,1
222,38,3,1
222,14,9,1
222,89,0,1
222,78,7,0
222,21,6,0
222,83,3,0
222,49,1,0
222,33,4,0
222,69,6,1
222,34,2,0
222,42,9,1
222,91,6,1
222,82,2,1
222,47,3,0
222,70,0,1
222,59,8,1
222,76,0,0
222,12,3,0
222,17,1,0
222,45,7,1
222,40,6,1
222,77,6,0
222,79,4,1
222,0,6,1
222,99,9,0
222,24,6,0
222,72,9,1
222,66,9,1
222,81,4,1
222,48,9,1
222,61,4,0
222,54,1,1
222,11,3,1
222,51,5,1
222,37,0,1
222,67,3,1
222,64,1,0
222,94,6,0
222,65,2,0
222,53,3,0
222,19,4,0
222,96,2,0
222,75,2,1
222,36,6,0
222,22,2,0
222,98,4,0
222,90,9,1
222,4,9,1
222,7,1,0
222,84,7,1
222,41,8,0
214,72,9,0
214,57,8,0
214,81,5,0
214,2,4,0
214,61,6,0
214,35,4,1
214,95,4,1
214,79,2,1
214,51,8,0
214,20,2,0
214,37,4,0
214,63,3,0
214,88,2,0
214,34,9,1
214,32,3,0
214,5,4,0
214,52,6,0
214,21,9,1
214,19,5,0
214,99,4,0
214,10,3,0
214,93,9,0
214,70,7,0
214,77,6,0
214,9,9,0
214,50,5,1
214,27,3,0
214,42,0,0
214,87,3,1
214,48,5,0
214,17,7,0
214,0,5,0
214,23,5,0
214,12,8,0
214,18,1,0
214,83,2,0
214,54,2,0
214,69,6,0
214,46,1,0
214,75,9,0
214,89,7,1
214,39,5,1
214,94,8,1
214,73,4,1
214,86,5,0
214,59,4,0
214,4,0,0
214,76,8,0
214,7,4,0
214,16,7,1
214,96,2,1
214,74,4,1
214,49,9,0
214,1,8,0
214,22,6,0
214,60,4,1
214,85,3,0
214,80,9,0
214,55,4,0
214,36,3,0
214,30,2,0
214,58,9,0
214,98,4,1
214,29,4,0
214,6,5,1
214,41,8,1
214,56,2,1
214,71,6,0
214,15,8,1
214,33,8,0
214,28,1,0
214,90,4,1
214,43,0,0
214,62,7,0
214,47,9,0
214,65,1,0
214,38,7,0
214,26,4,1
214,91,7,0
214,13,9,1
214,3,5,0
326,31,3,1
326,35,7,1
326,77,9,1
326,19,0,1
326,29,8,1
326,66,9,1
326,38,3,0
326,17,8,1
326,61,3,1
326,7,9,1
326,97,0,1
326,6,8,1
326,12,9,1
326,92,2,0
326,2,0,0
326,39,2,0
326,10,9,0
326,86,1,0
326,21,0,1
326,64,5,0
326,15,0,0
326,89,6,1
326,85,5,1
326,30,7,1
326,5,5,1
326,52,5,1
326,8,7,0
326,14,3,1
326,83,7,1
326,94,7,1
326,0,0,1
326,79,1,1
326,75,1,1
326,67,0,1
326,36,0,1
326,41,1,0
326,20,4,1
326,81,2,1
326,80,5,1
326,90,2,0
326,98,5,1
326,44,8,0
326,40,0,1
326,34,6,1
326,63,1,0
326,9,0,1
326,73,3,0
326,45,7,1
326,48,9,0
326,95,8,1
326,55,2,1
326,37,6,0
326,51,5,1
326,87,7,1
326,76,8,1
326,49,7,1
326,70,7,1
326,28,9,1
326,27,7,0
326,93,0,0
326,99,6,1
326,96,2,1
326,74,9,0
326,56,4,1
326,69,0,1
326,25,9,1
326,22,6,1
326,43,3,0
326,33,9,1
326,91,2,0
326,82,0,0
326,65,8,0
326,24,9,0
326,88,1,0
326,13,8,0
326,46,1,1
326,11,3,1
326,4,8,0
326,62,2,1
326,68,6,0
3,31,4,1
3,58,2,1
3,0,9,1
3,32,4,0
3,63,3,1
3,23,6,1
3,92,4,1
3,69,7,1
3,13,8,1
3,61,9,1
3,38,5,0
3,78,8,1
3,80,7,0
3,50,0,0
3,15,0,1
3,16,5,1
3,79,2,1
3,54,9,1
3,21,1,0
3,65,9,1
3,5,5,1
3,99,6,1
3,4,8,0
3,18,9,1
3,82,7,0
3,85,3,1
3,67,6,1
3,42,3,1
3,44,2,0
3,56,4,1
3,20,2,0
3,95,2,0
3,81,3,1
3,27,0,1
3,10,0,1
3,74,6,1
3,86,0,1
3,29,2,1
3,59,5,1
3,8,5,0
3,71,7,1
3,98,7,1
3,55,9,1
3,76,7,1
3,24,7,0
3,48,5,1
3,52,9,1
3,49,0,1
3,75,0,1
3,7,0,1
3,77,3,1
3,94,3,1
3,83,1,1
3,2,7,1
3,19,4,1
3,89,9,1
3,62,9,1
3,43,6,1
3,37,4,1
3,40,7,1
3,57,5,1
3,97,0,1
3,41,1,0
3,64,8,1
3,72,6,1
3,47,9,1
3,26,2,0
3,25,1,1
3,12,9,0
3,87,8,1
3,1,2,0
3,30,3,1
3,34,7,1
3,93,2,1
3,66,5,1
3,51,8,1
3,36,7,1
3,73,3,0
3,45,3,0
3,46,3,0
3,60,0,1
47,77,1,0
47,74,5,0
47,50,2,0
47,46,0,0
47,70,9,0
47,11,0,0
47,43,6,0
47,41,4,1
47,86,1,0
47,97,8,0
47,84,8,0
47,30,8,1
47,54,8,0
47,1,5,0
47,4,4,1
47,13,3,1
47,0,6,1
47,63,6,1
47,66,0,0
47,71,0,1
47,79,9,0
47,61,4,1
47,73,4,0
47,3,2,0
47,7,1,0
47,85,8,1
47,82,5,0
47,60,4,1
47,56,9,0
47,9,4,0
47,23,6,0
47,62,4,0
47,22,1,0
47,42,4,0
47,94,3,1
47,75,9,1
47,15,8,0
47,40,0,1
47,47,3,0
47,39,8,0
47,33,2,1
47,76,2,0
47,96,9,1
47,58,8,1
47,55,7,1
47,90,4,0
47,49,7,0
47,57,2,1
47,72,2,0
47,25,5,0
47,95,2,0
47,91,3,0
47,83,9,0
47,21,1,1
47,81,6,1
47,17,8,0
47,36,1,0
47,67,9,0
47,5,0,0
47,68,9,0
47,29,7,0
47,98,9,0
47,87,6,1
47,44,8,1
47,93,6,1
47,31,9,0
47,80,3,1
47,28,5,0
47,27,1,1
47,38,9,0
47,26,1,0
47,19,2,0
47,16,2,0
47,2,6,0
47,52,5,1
47,35,8,0
47,78,7,1
47,99,2,0
47,88,7,1
47,89,4,0
47,51,1,1
35,67,6,0
35,68,9,0
35,14,8,0
35,11,4,0
35,69,7,1
35,76,8,1
35,55,0,1
35,32,2,1
35,75,9,1
35,36,1,0
35,97,7,0
35,26,1,0
35,0,5,1
35,9,7,0
35,54,4,0
35,49,4,1
35,73,0,0
35,51,9,1
35,82,6,0
35,13,4,0
35,95,5,0
35,84,0,1
35,28,6,1
35,7,7,1
35,70,6,1
35,1,9,1
35,92,9,0
35,44,3,1
35,99,3,0
35,30,3,1
35,33,5,0
35,93,3,0
35,89,4,0
35,59,0,0
35,88,7,0
35,62,1,1
35,40,7,1
35,16,8,0
35,61,7,0
35,77,0,0
35,23,7,0
35,4,9,1
35,42,2,0
35,71,4,0
35,6,2,1
35,46,5,0
35,58,2,0
35,8,9,0
35,86,7,1
35,65,3,1
35,63,4,0
35,10,0,0
35,15,9,0
35,87,6,1
35,48,4,0
35,5,8,0
35,96,1,0
35,64,8,0
35,83,5,0
35,56,0,0
35,52,2,0
35,41,3,0
35,22,3,0
35,79,3,0
35,25,1,0
35,38,0,1
35,20,1,1
35,17,4,1
35,90,2,0
35,12,0,0
35,57,1,0
35,60,5,0
35,2,3,0
35,45,4,0
35,39,1,0
35,37,2,0
35,27,1,0
35,53,4,0
35,66,6,0
136,97,8,0
136,7,7,0
136,3,8,0
136,79,6,0
136,13,5,1
136,51,4,0
136,82,7,0
136,32,9,0
136,0,6,0
136,18,9,0
136,84,9,0
136,26,6,0
136,71,7,0
136,50,0,0
136,19,0,0
136,27,3,0
136,52,1,0
136,9,3,0
136,28,8,0
136,8,2,0
136,75,2,0
136,59,0,0
136,94,2,0
136,36,5,0
136,34,4,0
136,10,6,0
136,24,1,0
136,91,9,1
136,60,6,1
136,43,5,0
136,70,0,0
136,14,4,1
136,81,4,1
136,23,3,0
136,57,0,0
136,78,6,0
136,77,5,0
136,69,0,0
136,80,8,0
136,48,7,0
136,92,0,0
136,73,6,0
136,1,9,0
136,49,2,0
136,2,7,0
136,58,9,0
136,64,4,1
136,98,2,0
136,39,8,0
136,87,4,0
136,29,0,0
136,21,8,0
136,22,5,0
136,89,8,1
136,38,6,0
136,63,5,0
136,90,1,0
136,4,4,0
136,15,7,1
136,35,8,0
136,66,9,0
136,5,0,0
136,6,8,0
136,83,7,1
136,44,6,0
136,62,5,0
136,30,1,0
136,68,3,0
136,47,1,0
136,85,0,0
136,20,9,0
136,72,9,0
136,76,8,0
136,95,0,0
136,40,7,1
136,46,0,1
136,25,7,1
136,37,0,1
136,86,2,0
136,31,7,0
136,67,7,0
136,54,7,0
136,45,4,0
136,11,4,1
260,31,4,1
260,56,9,1
260,90,3,1
260,7,5,1
260,38,9,1
260,92,2,1
260,91,0,1
260,99,1,1
260,79,2,1
260,12,9,1
260,33,9,1
260,13,1,1
260,81,4,1
260,82,1,0
260,37,9,1
260,66,4,1
260,32,9,1
260,73,7,1
260,78,2,0
260,87,1,0
260,24,3,1
260,25,2,0
260,43,1,0
260,77,1,1
260,1,9,1
260,85,7,1
260,49,2,1
260,62,1,0
260,45,3,1
260,96,9,1
260,39,4,1
260,44,8,1
260,0,2,0
260,53,7,1
260,11,6,1
260,14,0,1
260,59,3,0
260,29,2,1
260,98,3,1
260,89,5,0
260,34,2,1
260,52,3,1
260,83,1,1
260,70,2,1
260,6,1,0
260,93,0,1
260,72,7,0
260,84,9,1
260,68,1,1
260,19,9,1
260,55,8,0
260,46,1,1
260,23,9,1
260,35,5,1
260,28,3,0
260,47,3,1
260,42,0,1
260,95,9,1
260,2,0,1
260,54,7,1
260,63,0,1
260,9,9,1
260,5,6,1
260,3,8,0
260,41,2,1
260,18,6,1
260,26,6,0
260,36,4,1
260,22,4,1
260,80,6,0
260,40,5,1
260,88,5,1
260,86,1,1
260,50,7,0
260,4,9,1
304,89,9,0
304,26,6,0
304,80,2,0
304,1,6,1
304,75,3,1
304,17,6,1
304,10,6,0
304,40,9,1
304,39,6,1
304,19,7,0
304,51,8,0
304,20,7,1
304,90,3,1
304,92,9,0
304,76,6,1
304,73,6,1
304,2,2,1
304,34,6,1
304,70,5,1
304,30,1,1
304,32,1,1
304,62,4,1
304,81,7,1
304,44,3,1
304,58,8,1
304,84,8,0
304,25,4,0
304,28,2,1
304,72,1,0
304,63,1,0
304,52,3,0
304,3,0,1
304,86,9,0
304,0,3,1
304,82,9,1
304,11,1,1
304,55,8,0
304,91,4,1
304,56,3,1
304,22,0,0
304,45,1,0
304,50,1,0
304,38,6,1
304,98,1,0
304,60,6,0
304,61,7,0
304,37,8,0
304,43,2,1
304,96,0,1
304,83,5,1
304,33,9,1
304,87,6,1
304,53,5,1
304,12,4,1
304,9,5,0
304,46,5,0
304,16,3,1
304,21,9,1
304,42,5,1
304,49,6,1
304,77,2,1
304,27,8,1
304,85,1,1
304,68,8,1
304,47,0,1
304,6,0,0
304,59,4,1
304,97,3,0
304,67,7,1
304,35,8,1
304,48,8,0
304,74,2,1
304,69,7,1
304,94,3,0
200,69,8,0
200,47,5,1
200,86,1,0
200,9,4,0
200,56,7,1
200,37,6,0
200,89,6,1
200,53,0,1
200,51,1,0
200,12,9,1
200,80,0,1
200,74,8,0
200,75,0,0
200,35,0,1
200,26,5,0
200,11,8,0
200,71,2,0
200,55,6,0
200,57,9,1
200,19,5,1
200,81,5,1
200,83,4,1
200,78,7,0
200,21,3,0
200,96,4,1
200,30,7,1
200,22,7,0
200,5,9,0
200,92,0,1
200,7,0,0
200,94,0,0
200,62,1,1
200,23,2,1
200,33,6,1
200,44,5,1
200,54,6,0
200,76,9,1
200,90,5,1
200,59,1,1
200,39,7,0
200,36,1,0
200,15,4,1
200,98,0,1
200,18,9,1
200,10,5,0
200,2,7,1
200,32,7,1
200,28,4,1
200,1,6,0
200,0,1,0
200,42,7,0
200,97,7,0
200,99,3,1
200,50,4,1
200,46,0,1
200,20,2,1
200,13,5,1
200,40,2,0
200,79,1,1
200,72,6,1
200,68,9,0
200,31,3,0
200,66,8,1
200,87,7,0
200,6,2,0
200,95,4,1
200,8,0,0
200,27,0,1
200,49,8,0
200,85,1,1
200,4,4,1
200,60,7,0
200,58,4,1
200,73,6,0
200,34,8,1
200,82,3,0
382,80,7,1
382,42,2,0
382,48,7,1
382,5,2,0
382,44,5,1
382,28,0,1
382,67,5,1
382,15,4,1
382,84,2,1
382,55,4,1
382,4,6,1
382,12,7,0
382,1,3,0
382,72,2,0
382,46,6,1
382,87,3,1
382,0,4,0
382,3,5,0
382,13,8,1
382,81,4,1
382,86,0,1
382,7,2,1
382,25,4,1
382,54,8,1
382,76,3,0
382,31,6,1
382,71,1,1
382,97,0,1
382,43,9,1
382,38,6,1
382,61,7,0
382,24,1,0
382,88,6,0
382,68,8,1
382,64,0,1
382,18,6,1
382,75,5,1
382,20,3,1
382,19,8,1
382,23,2,1
382,34,8,0
382,30,2,0
382,33,1,1
382,39,9,0
382,27,7,1
382,41,6,1
382,77,0,1
382,62,2,0
382,29,9,1
382,69,3,0
382,73,0,1
382,49,6,1
382,51,1,1
382,35,9,0
382,93,6,1
382,8,4,0
382,74,0,1
382,95,1,1
382,50,4,1
382,91,3,1
382,89,4,1
382,85,8,1
382,78,7,1
382,99,2,1
382,16,8,1
382,92,2,1
382,65,0,1
382,96,9,1
382,11,2,0
382,66,9,1
382,14,3,1
382,98,2,0
382,26,9,1
382,52,5,1
382,79,4,1
382,6,6,1
382,94,9,1
382,83,5,1
313,72,3,1
313,45,2,0
313,1,1,1
313,51,7,1
313,53,3,0
313,30,7,1
313,73,8,0
313,70,8,1
313,49,6,1
313,92,1,1
313,66,7,1
313,33,0,1
313,52,9,1
313,62,2,1
313,42,9,1
313,95,0,1
313,37,9,1
313,40,5,1
313,43,0,1
313,24,2,1
313,29,6,1
313,67,1,0
313,98,2,1
313,78,2,1
313,86,3,1
313,64,6,1
313,44,2,1
313,4,6,1
313,34,1,1
313,68,6,1
313,11,3,1
313,65,4,1
313,59,0,1
313,79,2,1
313,35,6,1
313,6,0,0
313,80,0,1
313,23,5,1
313,81,3,1
313,28,9,1
313,36,9,1
313,61,8,1
313,20,3,0
313,47,8,1
313,15,7,1
313,97,7,0
313,56,3,0
313,91,4,1
313,21,4,1
313,60,7,1
313,32,6,1
313,57,3,1
313,82,1,1
313,94,9,1
313,31,2,0
313,18,3,0
313,8,5,1
313,84,0,1
313,99,2,1
313,55,4,1
313,13,3,1
313,25,2,1
313,16,5,1
313,90,7,1
313,5,5,1
313,87,3,0
313,89,0,1
313,3,8,0
313,77,8,1
313,12,7,1
313,69,8,1
313,0,0,1
313,7,3,1
313,10,7,1
313,93,3,0
313,75,4,0
313,54,6,1
458,5,4,0
458,40,1,1
458,61,2,1
458,31,0,1
458,94,1,0
458,68,6,1
458,19,8,1
458,10,5,1
458,52,4,1
458,76,9,0
458,32,8,1
458,86,7,1
458,99,5,1
458,37,3,1
458,20,6,1
458,2,4,1
458,79,2,0
458,44,5,1
458,93,0,1
458,80,5,1
458,73,9,1
458,4,7,1
458,25,8,1
458,54,8,1
458,22,2,1
458,30,1,1
458,64,5,1
458,27,6,1
458,95,3,0
458,15,5,1
458,24,0,1
458,35,7,1
458,3,2,1
458,33,6,1
458,71,2,0
458,56,8,0
458,96,6,1
458,41,4,1
458,91,9,1
458,83,9,1
458,11,8,0
458,70,1,0
458,21,0,1
458,97,9,1
458,67,7,1
458,90,4,1
458,51,4,1
458,38,8,1
458,85,7,1
458,66,9,1
458,72,7,1
458,43,8,0
458,65,6,1
458,69,2,1
458,62,8,0
458,18,9,1
458,48,9,1
458,45,8,1
458,28,5,1
458,58,5,1
458,34,9,1
458,55,7,1
458,16,6,1
458,12,3,1
458,6,8,1
458,47,7,1
458,82,8,1
458,98,7,0
458,60,2,1
458,77,1,0
458,7,4,1
458,36,6,1
458,29,2,1
458,0,1,0
458,89,5,1
114,54,9,1
114,38,1,1
114,60,1,0
114,59,5,1
114,49,0,1
114,22,8,1
114,2,4,0
114,98,9,1
114,52,8,1
114,37,3,0
114,88,3,1
114,15,5,0
114,16,7,0
114,63,4,0
114,84,6,0
114,86,2,0
114,58,9,1
114,13,6,1
114,4,0,0
114,76,2,0
114,68,6,0
114,42,5,0
114,89,0,0
114,12,8,0
114,92,6,1
114,97,6,0
114,75,1,0
114,77,0,1
114,65,2,0
114,46,9,1
114,93,4,0
114,61,8,1
114,67,0,1
114,44,3,0
114,20,4,1
114,56,2,1
114,45,7,1
114,14,3,1
114,90,3,1
114,70,1,1
114,57,2,0
114,78,9,0
114,48,0,1
114,80,2,1
114,96,3,0
114,72,8,0
114,94,3,0
114,51,6,1
114,43,9,0
114,19,5,0
114,24,3,1
114,69,6,0
114,41,2,0
114,7,1,0
114,40,8,1
114,9,7,0
114,11,1,1
114,66,7,0
114,74,7,0
114,26,7,0
114,25,6,1
114,53,1,1
114,21,1,0
114,64,1,0
114,87,4,1
114,35,5,1
114,10,1,0
114,39,1,0
114,33,4,1
114,29,1,1
114,83,9,1
114,62,2,0
114,91,4,0
114,81,7,1
114,27,0,1
114,55,4,0
114,36,1,0
114,17,7,0
418,34,5,0
418,17,2,0
418,16,0,1
418,58,4,0
418,66,1,1
418,6,2,0
418,30,2,1
418,45,7,1
418,15,5,1
418,73,6,1
418,1,9,0
418,41,0,1
418,25,1,1
418,84,0,1
418,14,4,1
418,5,2,1
418,39,2,0
418,18,5,1
418,20,0,1
418,89,0,1
418,32,1,0
418,76,5,0
418,87,7,1
418,65,7,1
418,7,2,0
418,99,6,0
418,55,8,0
418,98,3,1
418,24,1,0
418,75,9,1
418,0,4,0
418,8,4,1
418,97,2,1
418,60,8,0
418,63,1,0
418,35,9,1
418,92,9,0
418,57,5,1
418,95,7,0
418,3,4,0
418,94,5,0
418,80,5,1
418,4,4,1
418,33,2,0
418,2,0,1
418,53,6,1
418,37,2,1
418,9,6,1
418,72,5,1
418,79,1,1
418,81,8,1
418,54,8,1
418,70,1,1
418,27,4,0
418,78,1,0
418,21,6,0
418,36,5,0
418,74,4,1
418,51,0,1
418,59,0,0
418,31,2,0
418,48,2,1
418,42,4,0
418,52,6,0
418,77,6,1
418,46,4,1
418,64,3,1
418,82,4,0
418,12,1,1
418,56,8,1
418,90,7,0
418,67,5,1
418,43,9,0
418,91,6,1
418,29,7,1
418,11,9,1
418,47,7,1
418,62,7,0
418,19,6,1
48,94,4,1
48,9,4,0
48,99,7,1
48,39,3,1
48,73,4,0
48,80,1,1
48,67,5,0
48,59,6,0
48,25,1,0
48,78,3,1
48,66,3,0
48,54,4,1
48,62,8,0
48,8,2,0
48,88,3,0
48,79,5,0
48,10,9,1
48,64,8,0
48,35,6,0
48,52,8,0
48,69,1,0
48,11,0,0
48,32,5,0
48,4,0,0
48,5,7,1
48,41,4,0
48,31,1,0
48,60,3,0
48,82,5,0
48,84,1,1
48,89,2,0
48,6,4,0
48,90,2,1
48,49,5,1
48,2,0,0
48,92,1,1
48,68,8,0
48,91,7,0
48,0,9,1
48,86,3,0
48,56,1,1
48,17,6,0
48,37,6,1
48,29,2,1
48,43,2,0
48,83,6,0
48,42,3,0
48,77,9,0
48,45,0,1
48,96,8,0
48,7,6,1
48,63,7,0
48,34,2,1
48,3,7,0
48,98,9,0
48,24,9,0
48,97,1,0
48,51,3,0
48,1,6,0
48,61,8,0
48,20,1,0
48,19,6,1
48,13,9,1
48,95,4,1
48,14,6,0
48,70,4,0
48,40,9,0
48,55,9,1
48,21,7,1
48,36,5,1
48,76,8,0
48,33,8,0
48,23,2,1
48,85,7,0
425,18,5,1
425,30,1,1
425,14,1,1
425,61,0,1
425,28,2,0
425,93,0,1
425,39,9,1
425,44,0,1
425,98,7,1
425,58,1,0
425,8,9,1
425,55,4,1
425,89,5,1
425,1,8,1
425,48,3,0
425,59,1,1
425,33,2,1
425,62,3,1
425,69,6,1
425,25,8,1
425,85,7,0
425,94,2,1
425,31,3,1
425,72,5,1
425,40,3,1
425,90,6,0
425,26,0,1
425,47,3,1
425,82,0,1
425,52,9,1
425,7,8,1
425,45,9,1
425,36,5,1
425,23,3,1
425,84,0,1
425,15,6,1
425,27,3,0
425,86,3,0
425,46,7,0
425,3,5,0
425,22,6,1
425,64,2,1
425,74,6,1
425,66,3,1
425,96,7,1
425,37,1,1
425,29,8,0
425,10,5,0
425,50,8,0
425,63,7,1
425,21,6,1
425,5,5,1
425,32,2,1
425,92,9,1
425,75,8,1
425,76,0,1
425,19,6,1
425,97,9,1
425,24,7,1
425,70,2,1
425,0,5,1
425,11,8,1
425,91,5,1
425,16,0,1
425,12,3,0
425,4,8,1
425,34,1,1
425,57,9,1
425,2,6,1
425,43,6,1
425,49,8,0
425,73,9,0
425,68,2,0
425,81,6,1
425,35,9,0
425,87,1,1
425,20,2,0
425,6,9,1
425,71,8,0
425,79,7,1
421,27,2,1
421,71,9,0
421,56,3,0
421,80,7,1
421,67,6,0
421,99,9,0
421,41,0,0
421,58,8,1
421,23,7,0
421,6,9,0
421,39,7,0
421,82,8,1
421,95,1,0
421,5,0,0
421,31,2,0
421,57,9,0
421,25,6,1
421,46,9,0
421,55,3,0
421,68,9,0
421,26,8,0
421,2,4,0
421,21,3,0
421,12,4,0
421,52,0,0
421,15,3,1
421,74,5,0
421,14,3,1
421,51,7,0
421,30,5,0
421,35,4,0
421,34,3,0
421,59,5,0
421,78,4,0
421,85,5,0
421,8,2,0
421,7,9,0
421,20,1,0
421,49,2,0
421,17,3,0
421,38,2,0
421,37,0,0
421,48,9,0
421,40,4,1
421,3,5,0
421,91,0,1
421,86,2,0
421,88,3,0
421,50,3,0
421,75,3,0
421,87,8,0
421,76,4,0
421,42,6,1
421,4,9,0
421,84,2,0
421,11,1,0
421,83,2,1
421,43,7,0
421,81,0,1
421,53,0,0
421,97,5,0
421,61,6,0
421,36,3,0
421,33,3,0
421,72,5,0
421,19,2,0
421,32,2,0
421,96,8,0
421,65,1,0
421,18,0,0
421,10,6,0
421,0,7,0
421,45,0,0
421,98,4,0
421,69,3,0
421,94,2,0
421,62,7,0
421,66,1,0
51,99,9,1
51,76,8,1
51,39,5,0
51,73,4,1
51,31,1,1
51,85,2,0
51,75,8,0
51,6,3,1
51,67,0,1
51,53,9,1
51,62,3,0
51,12,0,1
51,59,1,0
51,49,2,1
51,68,7,1
51,79,8,0
51,8,4,1
51,97,3,1
51,69,0,1
51,18,9,1
51,27,0,0
51,23,0,1
51,93,5,1
51,24,5,0
51,61,4,1
51,90,3,1
51,21,5,1
51,51,2,0
51,64,2,1
51,33,2,0
51,83,1,0
51,3,2,1
51,44,3,0
51,89,5,1
51,1,2,1
51,35,6,1
51,37,5,1
51,42,5,0
51,65,7,1
51,95,4,0
51,13,8,1
51,80,3,1
51,78,1,1
51,96,0,1
51,22,2,1
51,40,0,1
51,9,4,0
51,41,6,0
51,10,0,1
51,84,1,0
51,98,2,1
51,74,1,0
51,92,5,1
51,91,4,1
51,88,3,0
51,54,4,1
51,19,3,0
51,43,2,0
51,60,4,1
51,17,2,0
51,56,3,1
51,34,5,1
51,94,8,1
51,71,7,0
51,20,4,1
51,72,6,0
51,48,0,1
51,25,9,1
51,50,8,1
51,52,1,1
51,86,6,1
51,14,0,1
51,2,2,1
51,81,6,1
51,47,1,0
51,16,7,1
51,4,7,1
51,29,2,1
51,28,9,1
51,7,2,1
51,45,9,1
51,55,0,1
51,5,0,1
199,69,0,0
199,96,0,0
199,60,0,1
199,93,1,0
199,44,1,1
199,61,3,1
199,27,1,0
199,55,8,0
199,97,0,1
199,16,1,0
199,13,3,0
199,90,3,0
199,59,0,0
199,79,8,0
199,26,1,0
199,25,8,0
199,63,2,1
199,75,6,1
199,53,6,1
199,21,1,0
199,70,5,0
199,47,4,1
199,11,7,0
199,36,9,0
199,20,7,1
199,57,7,0
199,76,8,1
199,10,8,1
199,64,2,0
199,31,6,0
199,1,9,1
199,66,6,1
199,77,7,0
199,83,2,0
199,51,5,1
199,78,2,1
199,28,2,0
199,4,3,0
199,62,1,0
199,67,3,0
199,38,6,1
199,8,9,0
199,2,3,0
199,17,4,0
199,94,9,1
199,33,4,1
199,5,9,0
199,43,9,0
199,87,7,0
199,54,4,1
199,12,0,0
199,3,5,1
199,82,5,0
199,14,8,1
199,7,4,1
199,68,1,0
199,91,7,1
199,29,6,0
199,71,4,1
199,88,7,0
199,85,0,1
199,98,2,1
199,65,6,1
199,52,5,1
199,48,4,0
199,35,3,0
199,89,5,1
199,99,3,1
199,73,5,0
199,24,6,1
199,95,2,0
199,74,0,0
199,0,1,0
199,19,5,1
199,86,4,1
199,72,3,1
199,9,5,0
199,15,4,0
67,72,7,0
67,19,3,0
67,74,2,0
67,13,9,0
67,15,1,0
67,94,5,0
67,92,9,0
67,78,7,0
67,26,3,0
67,2,0,0
67,21,4,1
67,28,8,0
67,77,6,1
67,4,1,0
67,50,7,0
67,73,4,0
67,42,7,0
67,33,1,1
67,83,7,1
67,67,0,1
67,47,3,0
67,48,6,1
67,14,1,0
67,91,6,0
67,24,5,0
67,52,4,0
67,45,9,0
67,44,3,0
67,11,1,0
67,10,3,1
67,64,7,0
67,40,6,0
67,36,4,1
67,35,0,0
67,90,8,0
67,22,6,0
67,59,7,1
67,70,4,1
67,97,9,0
67,39,8,0
67,25,7,1
67,7,1,0
67,99,8,0
67,6,4,1
67,53,5,1
67,51,5,0
67,8,3,0
67,3,0,0
67,68,7,0
67,86,5,0
67,17,8,0
67,96,5,0
67,49,3,1
67,23,6,0
67,12,6,1
67,80,5,0
67,56,5,0
67,1,5,0
67,89,5,1
67,41,4,0
67,81,2,0
67,66,2,1
67,88,0,0
67,9,5,0
67,75,2,0
67,54,6,0
67,29,0,0
67,30,5,0
67,37,5,0
67,5,1,0
67,57,6,1
67,27,6,0
67,79,7,0
67,20,1,0
67,71,7,0
67,93,6,0
67,16,8,0
67,0,6,0
67,32,2,0
67,38,9,0
67,43,3,1
67,98,7,1
67,61,9,0
67,60,2,0
67,63,5,0
67,55,8,0
148,38,7,0
148,68,9,0
148,71,4,1
148,19,0,0
148,7,5,0
148,93,3,0
148,74,8,0
148,85,9,1
148,18,6,1
148,24,5,1
148,40,6,0
148,75,4,0
148,70,7,0
148,99,0,0
148,14,8,1
148,13,3,0
148,94,8,0
148,25,0,1
148,33,8,0
148,11,8,0
148,83,0,0
148,31,9,1
148,81,3,1
148,2,6,1
148,5,6,0
148,21,4,1
148,42,8,0
148,98,1,0
148,92,0,0
148,89,5,0
148,30,1,1
148,37,3,0
148,41,1,0
148,8,5,0
148,29,1,0
148,22,9,0
148,66,3,0
148,27,5,0
148,52,9,1
148,23,1,0
148,28,7,0
148,35,1,0
148,95,4,0
148,57,5,0
148,59,5,0
148,77,1,0
148,61,4,0
148,58,7,0
148,1,7,0
148,49,3,0
148,97,8,0
148,55,3,1
148,48,0,0
148,69,8,0
148,36,2,0
148,63,9,0
148,39,1,0
148,50,2,0
148,84,1,0
148,87,8,1
148,44,6,0
148,10,8,1
148,34,7,0
148,72,5,0
148,26,7,0
148,82,6,1
148,47,5,0
148,56,8,1
148,90,1,0
148,51,4,0
148,12,1,1
148,46,8,0
148,0,3,0
148,4,9,0
148,86,9,1
148,20,0,0
148,88,7,0
148,65,7,0
148,6,4,0
148,64,2,0
148,79,3,0
148,73,8,1
148,53,3,0
148,15,0,0
148,17,3,0
148,16,2,0
148,80,9,0
148,78,2,0
148,96,2,0
99,71,0,1
99,35,3,1
99,48,6,1
99,61,3,1
99,84,7,0
99,20,9,1
99,66,9,1
99,19,6,0
99,99,7,0
99,72,6,0
99,17,0,1
99,44,8,1
99,31,7,0
99,54,1,1
99,25,5,0
99,8,8,1
99,16,4,1
99,85,9,0
99,95,1,1
99,64,9,1
99,27,5,0
99,47,1,1
99,13,8,1
99,91,1,1
99,42,4,0
99,22,7,0
99,70,6,1
99,98,3,1
99,15,3,0
99,4,8,0
99,82,4,1
99,81,0,0
99,89,5,1
99,57,1,1
99,69,3,0
99,93,4,0
99,21,3,0
99,7,1,1
99,74,0,1
99,97,5,0
99,30,7,0
99,28,3,1
99,77,9,0
99,76,4,0
99,90,1,0
99,79,4,1
99,23,7,0
99,9,2,1
99,52,2,1
99,32,2,1
99,60,9,1
99,53,4,1
99,78,7,1
99,0,2,0
99,80,3,0
99,59,9,1
99,37,0,1
99,41,7,0
99,51,7,0
99,1,4,1
99,26,4,0
99,38,1,1
99,50,1,0
99,5,6,1
99,56,4,1
99,87,5,0
99,14,5,1
99,94,0,1
99,43,2,0
99,68,6,0
99,11,1,0
99,58,6,0
99,88,0,1
99,62,8,1
99,96,1,1
99,3,1,0
99,46,8,1
99,6,1,1
415,58,4,1
415,94,6,1
415,48,7,1
415,81,6,1
415,29,9,1
415,63,6,1
415,53,6,1
415,75,5,1
415,72,2,1
415,91,9,1
415,71,7,1
415,18,5,1
415,59,2,1
415,90,2,1
415,10,6,1
415,24,9,1
415,26,5,1
415,5,8,1
415,77,0,1
415,23,5,1
415,93,8,1
415,28,9,1
415,46,7,0
415,41,3,1
415,66,7,1
415,49,2,1
415,1,9,1
415,20,7,1
415,51,2,1
415,88,6,1
415,2,7,1
415,68,8,0
415,30,2,0
415,33,6,1
415,43,0,1
415,52,6,1
415,56,4,1
415,44,8,1
415,89,7,1
415,62,3,0
415,19,2,1
415,73,8,1
415,82,2,1
415,6,8,1
415,4,6,1
415,83,6,1
415,36,1,0
415,45,6,1
415,55,1,0
415,25,2,0
415,47,4,1
415,67,5,1
415,7,8,1
415,9,7,1
415,65,0,1
415,69,3,1
415,34,9,0
415,15,0,1
415,3,7,1
415,98,9,1
415,22,2,0
415,64,2,1
415,12,3,1
415,35,8,1
415,78,3,1
415,42,6,0
415,39,8,1
415,14,3,0
415,54,7,1
415,80,5,1
415,50,3,0
415,97,5,1
415,79,2,0
415,96,1,1
415,76,0,1
415,40,5,1
415,70,0,1
415,38,7,1
415,87,3,0
415,57,9,1
415,32,9,1
415,74,9,1
415,31,1,0
415,99,2,1
415,84,6,1
415,95,8,0
415,11,7,0
273,95,8,0
273,16,7,1
273,63,6,1
273,25,3,0
273,48,6,0
273,98,7,1
273,19,7,1
273,57,6,1
273,36,2,1
273,28,9,1
273,40,4,1
273,13,8,0
273,8,6,1
273,91,0,1
273,99,9,1
273,38,4,1
273,21,5,1
273,96,4,1
273,94,1,1
273,17,4,1
273,66,8,1
273,9,1,1
273,41,8,0
273,74,0,1
273,80,5,1
273,22,4,1
273,3,8,1
273,73,5,1
273,52,6,1
273,18,8,1
273,71,7,1
273,29,3,1
273,11,4,1
273,33,0,1
273,0,3,1
273,27,0,1
273,64,5,1
273,90,6,1
273,34,4,0
273,56,4,1
273,61,7,0
273,83,0,1
273,14,8,0
273,68,3,0
273,30,1,1
273,45,7,1
273,26,0,1
273,20,3,1
273,93,6,1
273,51,9,1
273,58,4,1
273,1,6,1
273,44,8,0
273,67,1,0
273,42,6,1
273,86,1,1
273,85,8,1
273,43,7,0
273,47,5,1
273,4,6,1
273,69,6,1
273,2,6,1
273,81,0,1
273,70,3,0
273,59,0,1
273,7,1,1
273,65,1,0
273,88,2,1
273,79,5,1
273,35,3,1
273,46,4,0
486,78,9,1
486,15,7,1
486,9,9,1
486,38,1,0
486,58,5,1
486,31,1,1
486,71,3,0
486,75,7,1
486,57,2,1
486,60,9,1
486,50,0,1
486,82,4,1
486,33,8,1
486,73,1,1
486,65,2,0
486,72,3,0
486,88,2,0
486,46,8,1
486,77,1,1
486,22,7,1
486,52,8,1
486,51,2,1
486,8,2,1
486,26,5,1
486,29,3,1
486,19,0,1
486,47,6,1
486,62,2,1
486,14,3,0
486,84,9,1
486,35,4,1
486,96,8,1
486,80,0,1
486,23,2,0
486,24,2,0
486,55,1,0
486,66,8,1
486,83,8,0
486,43,9,0
486,18,3,0
486,67,3,1
486,95,7,1
486,76,9,1
486,30,4,1
486,4,8,1
486,21,2,0
486,63,7,1
486,2,4,1
486,86,0,1
486,70,3,1
486,97,6,1
486,41,5,1
486,42,8,0
486,6,0,1
486,99,5,1
486,34,1,0
486,39,3,1
486,40,0,1
486,61,4,1
486,81,5,1
486,90,7,1
486,3,6,1
486,94,3,1
486,98,9,1
486,16,7,1
486,44,4,1
486,20,3,1
486,45,0,1
486,56,3,0
486,92,3,0
486,54,5,1
486,13,3,1
486,53,1,0
486,1,9,0
486,79,1,1
486,49,9,1
486,87,9,1
486,59,3,0
486,85,6,1
486,32,8,0
98,44,0,0
98,69,8,0
98,17,6,0
98,89,1,0
98,14,1,0
98,46,9,0
98,61,8,1
98,65,3,1
98,81,0,0
98,8,5,0
98,0,1,0
98,51,8,0
98,96,1,0
98,20,3,1
98,21,8,0
98,13,7,0
98,22,9,0
98,48,1,0
98,94,4,1
98,2,2,0
98,29,9,0
98,10,4,0
98,67,1,1
98,33,4,0
98,9,5,1
98,85,9,0
98,95,9,0
98,12,7,1
98,78,9,1
98,4,5,0
98,84,2,0
98,72,6,0
98,83,4,0
98,98,6,0
98,87,1,1
98,32,1,0
98,37,9,0
98,63,1,1
98,57,0,1
98,60,7,1
98,38,6,0
98,3,3,0
98,31,7,0
98,16,7,0
98,43,2,0
98,56,4,0
98,49,6,0
98,18,1,0
98,59,9,0
98,35,9,0
98,53,5,1
98,30,9,0
98,86,4,1
98,7,6,0
98,74,6,0
98,50,5,0
98,23,6,1
98,41,7,0
98,79,3,0
98,91,6,1
98,66,7,0
98,36,1,0
98,52,3,0
98,75,1,0
98,62,9,0
98,82,4,0
98,64,2,0
98,15,3,0
98,97,9,0
98,90,9,0
98,28,7,0
98,99,3,0
98,80,8,0
98,88,6,0
98,6,2,0
98,47,4,0
98,1,2,1
98,42,0,1
98,76,3,0
108,96,0,1
108,65,1,1
108,25,5,1
108,52,5,0
108,8,6,0
108,41,1,1
108,30,2,1
108,1,9,1
108,26,0,1
108,55,2,1
108,33,6,1
108,12,1,0
108,62,8,1
108,58,6,1
108,20,1,0
108,4,4,1
108,7,0,0
108,53,3,1
108,78,4,1
108,75,5,1
108,76,5,1
108,48,8,0
108,17,8,0
108,46,9,1
108,94,0,1
108,39,1,1
108,70,4,1
108,16,1,1
108,51,9,1
108,31,8,0
108,64,6,1
108,50,1,1
108,84,2,0
108,86,4,1
108,13,1,0
108,67,4,0
108,10,2,1
108,82,9,0
108,91,1,1
108,11,6,1
108,66,1,0
108,88,5,1
108,29,0,1
108,37,2,1
108,61,2,1
108,85,3,0
108,24,7,1
108,0,3,1
108,89,5,1
108,77,2,0
108,74,1,0
108,71,3,1
108,47,3,1
108,80,3,1
108,95,3,1
108,2,7,1
108,83,5,1
108,60,8,1
108,3,0,0
108,99,2,1
108,28,4,1
108,57,7,0
108,27,0,1
108,36,5,1
108,35,2,0
108,40,2,0
108,44,1,1
108,90,0,1
108,97,1,0
108,79,4,1
108,23,2,0
108,93,7,1
108,19,0,1
108,98,2,0
108,9,7,1
108,32,2,1
108,43,6,1
108,68,0,0
108,54,2,0
108,92,2,0
108,14,8,1
394,83,2,1
394,19,2,0
394,34,5,1
394,67,5,1
394,87,3,0
394,89,8,1
394,16,7,0
394,17,3,0
394,61,3,1
394,77,8,1
394,3,8,1
394,59,2,0
394,81,3,1
394,36,9,0
394,79,5,1
394,75,7,1
394,41,3,1
394,93,3,1
394,72,5,0
394,15,4,1
394,33,4,1
394,31,4,1
394,27,0,1
394,64,8,1
394,20,1,1
394,13,1,1
394,5,8,1
394,44,6,1
394,60,3,1
394,55,5,1
394,94,8,0
394,62,9,1
394,95,3,1
394,49,4,0
394,51,0,1
394,63,9,1
394,45,2,0
394,18,7,1
394,40,5,0
394,1,4,1
394,28,6,1
394,69,3,1
394,30,9,0
394,8,5,1
394,50,7,1
394,24,9,1
394,42,0,0
394,96,5,0
394,48,0,1
394,66,5,1
394,80,8,1
394,37,2,0
394,73,5,0
394,82,5,1
394,47,8,0
394,43,6,0
394,57,1,0
394,76,2,1
394,90,5,1
394,38,0,1
394,22,4,1
394,0,1,1
394,97,1,1
394,88,8,1
394,32,7,1
394,26,1,1
394,9,5,1
394,78,6,1
394,91,3,0
394,86,4,1
394,10,1,1
394,71,7,1
394,52,1,0
394,25,0,1
394,46,1,1
394,99,5,1
394,54,5,1
394,68,8,1
394,4,2,0
394,85,5,1
394,23,7,1
394,39,4,1
394,92,6,1
394,2,5,1
394,74,1,1
394,65,6,1
394,6,3,1
394,11,1,1
319,52,1,1
319,2,8,1
319,6,9,0
319,20,4,1
319,46,5,1
319,57,2,1
319,83,8,0
319,51,2,1
319,77,4,0
319,76,0,1
319,68,3,1
319,12,3,1
319,63,4,1
319,95,2,1
319,97,3,1
319,54,7,0
319,93,0,0
319,27,8,0
319,19,7,1
319,3,4,1
319,89,0,0
319,10,5,1
319,0,0,1
319,47,9,0
319,84,2,0
319,18,5,1
319,59,4,1
319,86,4,1
319,24,5,1
319,49,9,0
319,39,7,1
319,1,8,1
319,43,9,0
319,17,3,0
319,78,9,1
319,94,6,0
319,60,7,1
319,15,9,1
319,11,8,1
319,72,7,1
319,5,9,1
319,99,9,1
319,96,9,0
319,28,4,0
319,22,8,0
319,55,6,1
319,80,4,1
319,81,5,0
319,74,2,1
319,65,1,1
319,61,3,1
319,42,9,1
319,85,7,0
319,75,5,1
319,50,0,0
319,25,9,0
319,7,9,1
319,90,0,0
319,9,5,1
319,70,1,0
319,37,7,0
319,23,6,0
319,48,6,0
319,58,0,0
319,35,5,1
319,33,5,1
319,73,9,1
319,13,4,1
319,30,5,1
319,53,4,0
319,98,4,1
319,4,0,0
319,29,9,1
319,31,3,0
319,71,8,0
319,32,9,0
319,34,9,0
319,14,9,1
319,82,0,0
319,91,2,0
472,95,8,1
472,72,8,0
472,41,5,1
472,24,6,0
472,81,1,1
472,59,9,0
472,13,1,0
472,89,5,1
472,31,1,1
472,0,1,0
472,9,6,0
472,2,0,1
472,33,7,1
472,18,2,1
472,46,5,1
472,21,9,1
472,77,4,1
472,39,6,0
472,96,4,0
472,36,1,1
472,8,2,0
472,94,9,1
472,91,1,0
472,90,8,1
472,97,8,1
472,5,0,1
472,92,4,0
472,26,2,1
472,38,1,0
472,66,3,1
472,19,7,1
472,48,1,0
472,27,5,1
472,88,4,0
472,71,4,0
472,53,4,1
472,40,9,0
472,45,6,0
472,60,8,1
472,67,6,0
472,82,6,1
472,70,4,1
472,15,8,0
472,37,9,0
472,6,0,1
472,22,2,1
472,43,0,0
472,69,9,1
472,54,7,1
472,42,1,0
472,80,3,0
472,10,6,0
472,58,2,1
472,99,4,1
472,20,9,1
472,68,5,1
472,63,2,0
472,57,9,0
472,98,4,1
472,14,3,0
472,16,8,0
472,86,5,1
472,11,8,1
472,32,1,0
472,79,0,0
472,65,5,1
472,62,2,0
472,29,7,0
472,47,9,1
472,84,9,1
472,73,3,1
472,49,1,0
472,35,4,1
472,50,2,0
472,75,9,0
472,30,2,1
472,7,3,1
472,51,5,1
472,44,9,1
472,78,2,1
472,52,6,0
472,3,0,1
337,29,7,0
337,38,4,0
337,10,2,0
337,39,1,1
337,95,6,1
337,88,7,1
337,2,8,0
337,80,6,0
337,20,2,0
337,60,2,0
337,25,4,0
337,59,1,0
337,19,0,0
337,37,0,0
337,0,7,0
337,46,2,0
337,79,3,0
337,36,7,0
337,63,3,0
337,41,7,0
337,91,7,1
337,9,7,0
337,86,6,0
337,87,5,0
337,6,5,0
337,52,0,0
337,11,1,0
337,12,5,1
337,82,3,0
337,89,7,0
337,61,7,0
337,27,6,0
337,70,2,0
337,94,2,0
337,99,6,0
337,35,9,1
337,69,1,0
337,34,2,0
337,4,6,0
337,51,6,1
337,18,7,0
337,67,3,0
337,26,5,0
337,43,4,0
337,90,2,1
337,13,2,0
337,64,0,0
337,42,4,0
337,68,5,0
337,47,2,0
337,65,6,0
337,23,8,0
337,16,6,0
337,84,3,0
337,93,5,1
337,72,5,0
337,21,1,0
337,40,0,1
337,17,2,0
337,5,4,0
337,48,8,1
337,44,7,0
337,8,8,0
337,76,4,0
337,22,5,0
337,96,5,0
337,28,6,0
337,57,3,0
337,77,2,0
337,71,2,0
337,33,6,0
337,97,1,1
337,75,6,0
337,81,4,0
337,45,8,0
337,83,5,0
337,54,8,0
337,7,4,0
337,31,8,0
337,49,3,0
337,73,6,0
337,24,1,0
226,38,5,0
226,95,8,0
226,46,4,0
226,71,8,0
226,0,2,0
226,87,6,0
226,62,4,1
226,19,4,0
226,26,7,0
226,93,0,0
226,56,3,0
226,48,4,0
226,72,6,0
226,31,5,0
226,43,7,1
226,11,9,0
226,81,1,0
226,89,4,0
226,92,1,0
226,96,2,0
226,59,7,1
226,21,1,0
226,27,3,0
226,50,1,0
226,76,8,0
226,91,8,0
226,24,2,0
226,65,1,1
226,82,4,0
226,63,5,0
226,36,9,0
226,75,2,0
226,40,9,0
226,68,9,1
226,84,3,0
226,25,6,1
226,44,8,0
226,70,0,0
226,37,9,0
226,97,0,0
226,78,4,1
226,17,2,0
226,22,0,0
226,60,1,1
226,69,8,0
226,9,2,1
226,99,1,0
226,28,2,0
226,33,3,1
226,34,9,0
226,98,0,1
226,7,0,0
226,85,7,0
226,12,9,0
226,14,4,0
226,47,4,0
226,88,9,0
226,16,7,1
226,83,6,0
226,58,9,1
226,66,6,1
226,2,6,0
226,53,6,0
226,23,2,1
226,67,6,0
226,32,9,0
226,79,7,0
226,39,0,1
226,52,6,0
226,13,0,1
226,49,1,0
226,73,0,0
226,86,4,0
226,94,9,1
226,4,4,1
226,6,4,0
226,45,4,0
24,88,1,1
24,50,6,1
24,1,5,0
24,66,1,1
24,19,8,0
24,96,6,0
24,24,5,1
24,41,1,0
24,84,2,1
24,4,9,0
24,73,6,0
24,61,2,0
24,43,5,1
24,11,0,1
24,34,5,1
24,21,2,0
24,40,8,1
24,30,3,0
24,76,8,1
24,47,4,1
24,35,4,0
24,56,1,1
24,59,9,1
24,0,0,0
24,17,6,1
24,72,0,0
24,81,6,0
24,82,2,0
24,57,6,1
24,87,3,1
24,90,7,0
24,32,1,0
24,10,7,1
24,97,8,0
24,94,4,1
24,46,6,0
24,80,8,1
24,31,2,1
24,22,4,1
24,54,7,0
24,67,5,0
24,18,0,0
24,91,3,1
24,70,0,1
24,58,0,1
24,14,4,0
24,77,2,0
24,3,4,1
24,44,4,1
24,29,9,0
24,64,7,0
24,68,7,1
24,37,7,0
24,93,3,0
24,75,3,0
24,28,5,0
24,48,9,0
24,63,5,1
24,39,3,1
24,65,4,0
24,79,7,1
24,52,6,0
24,86,7,1
24,71,5,0
24,89,1,0
24,74,8,1
24,99,6,1
24,5,7,0
24,62,3,1
24,20,0,0
24,25,9,1
24,92,5,0
24,6,2,0
24,38,8,1
24,98,1,1
24,13,4,1
24,60,6,1
24,2,8,1
429,43,4,0
429,65,0,0
429,63,5,0
429,0,2,0
429,64,5,0
429,99,2,0
429,92,8,0
429,51,0,1
429,79,0,1
429,42,2,0
429,37,6,1
429,33,2,0
429,13,4,0
429,19,1,0
429,36,8,0
429,97,7,0
429,84,2,0
429,29,7,0
429,12,9,1
429,25,1,0
429,8,7,0
429,96,0,0
429,22,3,0
429,9,9,0
429,94,1,0
429,30,8,1
429,26,2,0
429,77,3,1
429,52,4,1
429,38,5,0
429,10,4,0
429,24,2,1
429,17,4,0
429,59,8,0
429,50,0,0
429,1,2,1
429,91,0,0
429,28,6,1
429,66,9,0
429,75,5,0
429,14,2,0
429,2,5,0
429,53,6,1
429,5,1,0
429,72,3,0
429,71,7,0
429,3,0,0
429,4,9,0
429,80,6,0
429,67,7,0
429,41,5,0
429,73,8,0
429,81,3,0
429,54,2,1
429,49,6,0
429,93,8,0
429,48,4,0
429,82,0,1
429,76,0,0
429,11,5,0
429,57,5,1
429,20,7,1
429,95,8,0
429,27,2,0
429,69,1,0
429,83,8,0
429,6,4,0
429,45,7,0
429,85,7,1
429,35,9,0
429,32,7,1
429,34,4,0
429,98,4,0
429,86,4,1
429,68,8,0
125,86,0,1
125,39,7,0
125,95,9,1
125,92,9,1
125,66,3,1
125,91,1,0
125,18,8,1
125,12,6,1
125,74,3,1
125,29,6,1
125,55,0,1
125,89,7,0
125,71,2,0
125,69,0,1
125,82,9,1
125,77,6,1
125,47,7,1
125,32,2,1
125,72,6,1
125,81,6,1
125,57,2,0
125,16,6,1
125,38,6,1
125,51,9,1
125,61,5,1
125,15,7,1
125,62,1,1
125,20,0,1
125,33,9,1
125,84,7,1
125,59,7,1
125,42,4,1
125,2,1,1
125,13,8,0
125,64,7,1
125,97,4,1
125,99,7,1
125,80,9,1
125,45,3,1
125,27,7,1
125,30,2,1
125,96,5,1
125,11,9,1
125,53,5,1
125,25,2,1
125,52,8,1
125,26,6,1
125,44,0,1
125,43,7,1
125,83,7,1
125,58,6,1
125,63,8,1
125,9,4,1
125,31,4,1
125,78,8,1
125,65,5,1
125,48,0,1
125,1,2,1
125,23,3,1
125,28,8,1
125,10,5,1
125,49,3,1
125,7,3,0
125,88,6,1
125,68,0,1
125,34,9,1
125,3,8,1
125,93,8,0
125,79,8,1
125,5,9,1
125,75,6,0
125,24,5,1
125,50,1,1
125,36,3,1
125,90,1,1
125,67,2,0
125,73,8,1
125,94,8,1
125,60,1,1
125,6,8,1
1,15,4,0
1,45,7,1
1,7,0,1
1,47,8,1
1,14,0,1
1,75,2,0
1,41,1,0
1,51,5,1
1,18,9,1
1,22,2,0
1,39,4,0
1,42,3,1
1,60,0,1
1,33,8,1
1,35,7,0
1,59,4,1
1,16,0,1
1,95,3,0
1,70,4,1
1,36,9,1
1,9,9,0
1,11,9,1
1,54,6,0
1,78,8,1
1,58,6,0
1,79,2,0
1,71,3,1
1,84,1,0
1,28,1,1
1,89,8,1
1,20,1,1
1,94,5,0
1,76,5,1
1,86,4,1
1,2,0,1
1,0,4,1
1,48,6,1
1,50,6,1
1,1,6,0
1,3,1,1
1,96,8,1
1,49,0,0
1,44,2,0
1,19,3,1
1,12,0,0
1,93,5,0
1,65,5,0
1,91,0,1
1,87,6,0
1,64,8,1
1,13,7,0
1,77,2,1
1,26,4,0
1,99,2,1
1,29,1,0
1,68,3,0
1,67,0,1
1,74,2,1
1,88,2,0
1,97,9,0
1,17,4,1
1,80,8,1
1,66,9,0
1,56,2,0
1,81,1,1
1,24,1,1
1,40,1,1
1,32,5,1
1,57,6,1
1,85,0,1
1,52,3,0
1,4,5,1
1,21,9,0
1,46,1,1
1,43,5,1
1,98,9,1
1,90,9,0
87,91,4,1
87,27,0,1
87,69,6,0
87,75,2,1
87,68,7,0
87,20,3,0
87,55,7,0
87,5,0,0
87,36,3,1
87,35,9,1
87,24,4,0
87,59,5,0
87,4,2,1
87,49,2,1
87,14,2,0
87,73,8,0
87,84,3,0
87,19,0,0
87,92,1,0
87,11,9,0
87,93,7,0
87,38,3,1
87,42,6,0
87,22,1,1
87,50,5,0
87,67,8,0
87,8,0,0
87,29,5,0
87,58,1,0
87,86,4,1
87,45,5,0
87,62,1,1
87,54,3,1
87,21,8,1
87,76,8,0
87,90,6,0
87,26,8,1
87,17,8,1
87,57,4,1
87,53,2,0
87,72,7,0
87,7,1,0
87,79,4,0
87,97,6,0
87,30,0,0
87,70,3,0
87,74,8,1
87,41,3,0
87,2,5,0
87,96,1,0
87,60,5,0
87,47,2,0
87,56,5,0
87,23,9,0
87,28,4,0
87,31,1,1
87,6,7,1
87,25,6,0
87,87,1,0
87,65,8,0
87,1,0,0
87,51,5,1
87,16,8,0
87,10,0,0
87,32,1,1
87,64,1,0
87,63,4,0
87,34,0,1
87,48,4,1
87,82,1,0
87,40,1,0
87,9,3,0
87,95,5,0
87,80,3,0
87,78,9,0
87,99,7,0
87,88,0,0
87,94,5,0
87,71,1,0
87,98,6,1
87,61,4,0
87,3,2,1
87,85,7,0
154,70,3,0
154,15,7,0
154,25,3,0
154,23,5,0
154,12,1,1
154,21,2,0
154,5,3,0
154,85,0,0
154,95,0,1
154,61,8,0
154,69,6,1
154,46,9,1
154,0,8,1
154,52,1,0
154,59,2,1
154,48,1,0
154,91,1,1
154,90,3,0
154,56,1,0
154,44,4,1
154,89,0,0
154,74,9,0
154,7,3,1
154,32,0,0
154,50,1,1
154,84,8,0
154,20,1,0
154,54,3,0
154,80,9,1
154,93,5,1
154,82,9,0
154,43,8,0
154,37,5,0
154,35,6,0
154,57,8,0
154,99,3,1
154,22,8,0
154,62,8,0
154,96,5,0
154,8,0,1
154,60,0,0
154,36,9,0
154,65,2,0
154,11,6,1
154,98,2,0
154,27,7,0
154,29,9,0
154,63,2,0
154,13,5,1
154,30,1,0
154,67,8,0
154,88,5,1
154,76,1,0
154,86,8,0
154,28,1,0
154,2,8,0
154,75,5,0
154,72,4,1
154,6,4,1
154,9,4,0
154,71,0,0
154,10,8,0
154,31,2,0
154,3,4,0
154,94,1,1
154,53,9,1
154,40,4,1
154,81,6,0
154,73,6,1
154,77,7,1
154,1,2,0
154,92,4,0
154,68,8,0
154,41,6,0
154,14,0,1
154,42,6,1
388,99,3,0
388,46,2,1
388,62,0,1
388,93,6,0
388,45,3,0
388,82,2,0
388,76,9,1
388,68,6,1
388,67,4,1
388,19,4,0
388,10,9,0
388,41,2,1
388,64,7,0
388,91,8,0
388,6,1,0
388,73,9,1
388,30,0,0
388,88,9,0
388,55,7,0
388,7,0,0
388,96,0,1
388,63,1,0
388,12,6,0
388,95,0,0
388,94,3,1
388,37,0,1
388,31,7,0
388,69,9,0
388,71,7,1
388,54,5,0
388,60,4,0
388,16,8,0
388,23,9,1
388,33,8,0
388,28,6,1
388,85,9,0
388,78,7,0
388,65,8,0
388,44,2,0
388,20,7,1
388,11,9,1
388,75,1,0
388,32,6,0
388,83,5,1
388,4,8,1
388,26,0,1
388,13,5,0
388,84,5,0
388,53,5,1
388,27,5,0
388,18,2,0
388,25,5,1
388,98,0,0
388,80,2,1
388,40,5,0
388,14,3,1
388,36,4,1
388,38,1,0
388,47,0,0
388,22,1,0
388,49,3,1
388,9,0,0
388,89,6,1
388,58,1,0
388,86,1,0
388,59,8,0
388,77,2,0
388,42,5,0
388,56,3,1
388,72,9,0
388,29,3,0
388,51,3,0
388,2,7,0
388,0,1,1
388,39,1,0
388,81,0,0
388,92,6,0
388,90,6,0
388,24,5,0
286,23,7,1
286,6,2,1
286,7,0,1
286,30,5,1
286,31,0,1
286,53,9,1
286,78,7,1
286,60,2,0
286,29,1,1
286,69,8,1
286,46,7,1
286,95,5,1
286,93,9,0
286,64,1,0
286,44,2,1
286,20,0,1
286,40,7,1
286,12,1,1
286,61,4,1
286,43,4,1
286,82,7,1
286,36,6,1
286,80,7,1
286,22,3,1
286,85,6,1
286,79,2,1
286,99,5,1
286,56,1,1
286,81,8,1
286,73,3,1
286,16,9,1
286,34,8,1
286,74,9,1
286,13,4,1
286,38,1,1
286,55,4,1
286,54,7,1
286,87,8,1
286,10,3,1
286,58,3,1
286,8,1,1
286,2,0,1
286,5,4,1
286,14,7,1
286,0,1,1
286,83,2,1
286,42,2,1
286,86,3,1
286,37,8,0
286,94,9,1
286,47,4,1
286,48,2,1
286,62,0,1
286,24,2,1
286,50,9,1
286,32,5,1
286,18,0,1
286,91,6,1
286,75,0,1
286,3,7,1
286,4,3,1
286,33,0,1
286,57,7,1
286,28,3,0
286,1,9,1
286,90,5,1
286,71,6,1
286,72,4,1
286,98,1,0
286,76,1,1
286,9,9,1
286,63,3,1
286,59,5,1
286,89,7,1
286,51,4,1
258,89,9,1
258,47,3,1
258,32,4,0
258,36,6,1
258,93,8,1
258,84,6,1
258,37,7,1
258,35,7,1
258,95,0,1
258,6,1,1
258,59,9,1
258,69,2,1
258,52,1,1
258,44,9,1
258,85,1,1
258,60,0,1
258,56,6,0
258,61,9,1
258,13,5,1
258,74,9,1
258,99,6,1
258,21,1,1
258,19,6,1
258,7,7,1
258,67,0,1
258,22,7,1
258,40,3,1
258,33,0,1
258,42,0,1
258,66,1,1
258,73,6,1
258,57,9,1
258,45,1,1
258,90,4,0
258,75,3,1
258,34,1,1
258,76,7,1
258,17,7,0
258,24,5,1
258,18,1,1
258,27,6,1
258,51,6,1
258,72,1,1
258,94,8,1
258,2,0,1
258,43,5,1
258,81,4,1
258,83,8,0
258,3,8,0
258,46,7,0
258,54,5,1
258,39,5,1
258,92,5,1
258,26,2,0
258,55,5,1
258,91,4,1
258,49,7,1
258,16,2,0
258,12,1,1
258,48,4,1
258,4,4,1
258,96,2,0
258,9,0,1
258,70,0,1
258,25,7,1
258,64,5,1
258,97,9,1
258,29,0,1
258,80,9,1
258,71,6,1
258,30,0,1
258,78,4,1
258,1,8,1
258,28,4,1
258,20,9,1
258,86,4,1
258,87,0,1
258,41,3,1
258,53,0,0
258,50,3,0
258,14,1,1
258,0,6,1
258,98,7,1
340,55,7,1
340,99,9,1
340,69,1,1
340,37,0,1
340,11,0,1
340,7,8,1
340,6,2,0
340,63,3,0
340,85,9,1
340,70,2,1
340,84,8,1
340,57,8,1
340,96,1,1
340,27,3,1
340,9,6,1
340,5,0,1
340,45,4,1
340,53,8,0
340,73,0,1
340,98,7,1
340,56,3,1
340,79,4,1
340,61,3,1
340,0,3,0
340,17,8,1
340,93,1,1
340,21,1,1
340,26,3,0
340,77,7,1
340,20,6,1
340,48,2,1
340,50,2,1
340,44,0,1
340,82,3,0
340,41,6,1
340,40,0,1
340,28,2,0
340,64,2,1
340,67,9,0
340,88,2,0
340,13,2,0
340,2,8,0
340,94,5,1
340,81,5,0
340,75,9,1
340,1,0,0
340,51,5,1
340,16,1,0
340,42,9,1
340,60,6,1
340,87,3,1
340,95,9,1
340,33,3,1
340,74,4,1
340,24,1,0
340,97,1,0
340,91,3,1
340,29,9,1
340,25,5,0
340,36,2,1
340,89,5,0
340,92,6,0
340,59,3,1
340,76,9,1
340,78,6,0
340,71,5,1
340,52,3,1
340,39,3,1
340,68,2,0
340,3,5,1
340,43,0,1
340,8,8,1
340,54,5,1
340,66,7,1
340,31,3,1
340,35,6,1
340,4,1,1
340,10,0,1
340,22,3,1
340,38,8,0
340,86,7,1
340,46,3,1
340,58,1,0
340,23,1,0
340,72,0,0
307,71,5,1
307,45,8,0
307,88,3,0
307,46,9,0
307,27,6,0
307,8,3,1
307,20,7,0
307,70,7,0
307,17,1,0
307,26,2,0
307,72,2,0
307,69,4,0
307,15,0,0
307,81,4,0
307,62,4,1
307,0,4,0
307,87,2,0
307,39,6,1
307,85,5,0
307,25,5,0
307,65,6,1
307,95,6,0
307,68,6,0
307,96,5,1
307,47,8,0
307,11,0,0
307,35,6,1
307,79,7,0
307,57,2,1
307,61,3,0
307,82,9,1
307,36,6,1
307,41,0,1
307,52,2,0
307,90,6,0
307,38,5,0
307,64,4,1
307,66,1,0
307,37,4,1
307,48,2,1
307,9,5,1
307,93,0,0
307,3,8,1
307,32,0,1
307,19,3,0
307,5,9,1
307,53,7,0
307,73,7,1
307,22,4,0
307,67,7,0
307,7,1,0
307,75,7,0
307,28,0,1
307,1,8,0
307,94,0,0
307,12,3,1
307,42,0,1
307,55,2,0
307,58,5,1
307,2,5,0
307,29,8,0
307,60,4,0
307,74,9,0
307,49,6,1
307,18,7,0
307,31,9,0
307,43,2,0
307,89,3,1
307,50,4,0
307,78,1,1
307,14,9,0
307,13,8,1
307,6,2,0
307,34,2,0
307,77,9,0
307,51,3,0
307,98,7,0
307,54,5,1
307,92,2,0
307,33,5,0
70,23,0,1
70,62,6,1
70,34,0,1
70,13,0,1
70,52,7,1
70,88,0,1
70,77,4,1
70,84,0,1
70,79,6,1
70,74,5,0
70,25,9,1
70,95,5,1
70,0,6,1
70,6,5,1
70,50,9,1
70,24,8,1
70,37,7,1
70,85,5,1
70,5,5,1
70,49,2,1
70,33,6,1
70,70,0,1
70,9,0,1
70,81,8,1
70,78,8,1
70,11,6,0
70,67,8,1
70,97,8,1
70,47,2,1
70,43,0,1
70,69,5,1
70,91,6,1
70,86,2,1
70,36,1,0
70,89,1,1
70,35,2,0
70,26,8,1
70,53,8,1
70,12,2,1
70,4,3,1
70,58,5,1
70,87,1,1
70,30,0,1
70,17,5,1
70,59,9,1
70,90,0,1
70,31,0,1
70,66,0,1
70,2,9,1
70,94,6,1
70,32,7,1
70,1,4,1
70,41,9,1
70,63,0,1
70,10,4,1
70,48,5,1
70,93,3,1
70,22,5,1
70,7,7,1
70,57,4,1
70,29,4,1
70,20,9,1
70,72,9,1
70,75,7,1
70,83,9,1
70,68,3,1
70,21,8,1
70,44,8,1
70,71,8,1
70,98,1,1
70,46,8,0
70,28,5,1
70,61,6,1
70,42,2,1
70,38,1,1
70,60,8,1
70,76,3,0
70,99,7,1
70,18,0,1
70,65,3,1
70,64,7,1
70,39,9,1
70,40,9,1
70,80,0,1
70,8,6,1
70,16,9,1
441,9,0,1
441,8,2,1
441,65,5,1
441,12,0,1
441,59,4,1
441,81,0,1
441,5,3,0
441,61,7,1
441,7,4,0
441,99,8,1
441,14,9,0
441,26,6,1
441,13,7,1
441,25,3,0
441,51,6,0
441,48,9,1
441,41,8,1
441,56,5,0
441,90,2,1
441,15,5,0
441,54,7,1
441,58,6,1
441,47,4,1
441,71,9,0
441,80,4,0
441,64,4,1
441,16,3,1
441,89,7,0
441,72,9,0
441,93,4,1
441,22,6,1
441,42,7,0
441,63,2,0
441,39,3,1
441,83,9,1
441,4,5,1
441,24,4,0
441,94,9,1
441,46,1,1
441,84,3,1
441,96,2,1
441,33,2,1
441,67,0,1
441,10,2,1
441,66,4,1
441,78,1,1
441,57,4,1
441,43,6,1
441,85,2,0
441,86,3,1
441,55,3,1
441,88,9,1
441,19,3,0
441,79,1,1
441,76,9,1
441,77,7,0
441,37,2,1
441,38,7,0
441,70,8,0
441,68,7,0
441,60,3,0
441,69,6,0
441,50,8,1
441,20,3,1
441,28,2,1
441,75,2,0
441,91,5,1
441,1,3,0
441,34,8,1
441,29,8,0
441,92,8,1
441,73,6,0
441,82,2,1
441,32,8,1
441,97,5,1
441,30,3,1
441,53,4,0
441,17,8,1
441,11,6,1
441,49,9,1
441,74,9,0
152,45,5,0
152,61,4,1
152,50,1,0
152,48,5,0
152,71,0,0
152,72,3,1
152,11,3,0
152,74,7,0
152,25,5,1
152,17,5,1
152,77,0,1
152,4,9,1
152,41,1,0
152,39,8,0
152,16,6,0
152,3,2,1
152,57,2,1
152,6,7,1
152,94,7,0
152,85,0,1
152,84,5,1
152,64,9,0
152,47,2,1
152,9,5,0
152,46,4,1
152,97,4,1
152,36,7,0
152,38,2,0
152,37,2,0
152,89,6,1
152,18,2,1
152,28,8,1
152,49,9,1
152,40,5,1
152,98,5,1
152,15,1,0
152,26,5,1
152,7,4,1
152,1,8,1
152,5,2,0
152,86,5,0
152,76,6,1
152,90,7,0
152,55,1,1
152,13,7,0
152,56,1,1
152,93,6,1
152,95,1,0
152,67,1,0
152,78,6,1
152,14,2,1
152,99,2,0
152,0,4,0
152,32,8,0
152,75,4,1
152,8,9,0
152,2,6,1
152,73,2,0
152,43,9,0
152,65,3,1
152,63,0,0
152,51,1,1
152,24,3,0
152,96,2,1
152,69,7,1
152,21,2,1
152,30,2,0
152,19,2,1
152,53,8,0
152,83,2,0
152,54,2,0
152,33,2,0
152,52,7,1
152,79,1,0
152,35,7,0
152,34,8,0
152,59,6,0
152,58,4,1
152,82,8,1
315,49,7,0
315,82,6,0
315,31,8,1
315,15,9,1
315,7,8,1
315,37,0,1
315,17,4,0
315,97,1,1
315,87,2,0
315,35,8,1
315,22,0,1
315,43,8,1
315,36,7,0
315,63,9,1
315,65,4,1
315,57,9,0
315,71,3,1
315,50,4,1
315,40,6,1
315,77,6,1
315,33,7,1
315,67,9,1
315,53,7,1
315,1,9,1
315,79,8,1
315,25,6,1
315,64,6,0
315,48,2,1
315,85,6,1
315,29,3,1
315,75,4,1
315,30,9,0
315,62,0,1
315,47,7,0
315,3,9,1
315,6,9,1
315,4,9,1
315,81,6,1
315,9,6,1
315,28,2,1
315,21,8,0
315,74,9,1
315,76,6,1
315,89,6,1
315,5,3,0
315,56,2,0
315,16,7,0
315,68,2,0
315,13,8,1
315,73,4,0
315,86,6,0
315,11,8,1
315,39,4,1
315,23,7,1
315,84,4,1
315,27,6,0
315,92,8,1
315,26,5,0
315,78,4,1
315,83,2,1
315,0,3,1
315,70,6,1
315,60,6,1
315,98,6,1
315,51,0,1
315,44,3,1
315,58,3,0
315,41,5,0
315,69,5,1
315,54,3,0
315,38,8,0
315,12,7,1
315,91,4,1
315,90,4,1
315,61,0,1
315,18,0,1
315,88,1,0
315,99,0,1
315,8,2,1
315,80,6,0
315,42,5,1
131,96,3,0
131,25,0,0
131,92,7,0
131,71,7,1
131,90,5,1
131,59,4,0
131,26,1,1
131,55,7,0
131,56,8,1
131,93,3,1
131,77,6,0
131,19,9,1
131,12,1,0
131,29,5,0
131,6,2,1
131,42,3,1
131,38,3,1
131,85,0,1
131,13,1,0
131,63,4,1
131,36,5,1
131,72,4,1
131,65,5,1
131,16,1,0
131,39,5,1
131,60,7,1
131,70,1,0
131,43,0,1
131,17,6,0
131,34,4,0
131,2,5,1
131,78,5,1
131,8,6,1
131,99,0,1
131,62,6,1
131,41,3,1
131,48,1,1
131,22,2,0
131,23,1,0
131,73,8,0
131,45,3,0
131,86,9,1
131,69,2,1
131,94,6,0
131,87,8,0
131,58,9,0
131,37,2,1
131,9,3,1
131,18,5,0
131,10,2,0
131,32,2,1
131,97,3,1
131,88,5,0
131,27,1,1
131,21,0,1
131,20,2,0
131,49,5,1
131,44,2,0
131,50,4,1
131,53,0,0
131,31,4,1
131,57,3,1
131,74,9,1
131,64,8,1
131,83,7,1
131,1,4,1
131,28,0,0
131,67,5,1
131,89,1,1
131,91,7,1
131,11,0,1
131,35,3,1
131,98,7,0
131,66,7,0
131,24,8,1
131,30,0,1
131,46,2,0
131,7,8,1
131,15,6,1
131,95,4,1
131,76,2,0
131,40,5,1
190,87,8,1
190,80,3,1
190,54,8,1
190,53,2,1
190,59,7,1
190,12,6,1
190,22,4,0
190,75,4,1
190,44,0,1
190,7,7,1
190,89,6,1
190,94,7,1
190,29,2,1
190,14,9,1
190,93,9,1
190,71,3,1
190,92,8,1
190,52,2,1
190,70,3,1
190,0,3,1
190,3,0,1
190,45,3,1
190,76,3,1
190,58,3,1
190,78,6,0
190,31,1,1
190,72,0,1
190,99,3,1
190,48,9,1
190,69,0,1
190,15,4,1
190,37,3,1
190,16,2,1
190,84,0,1
190,8,5,1
190,10,1,1
190,61,8,1
190,50,0,1
190,74,8,1
190,1,3,1
190,41,9,1
190,9,4,1
190,13,6,1
190,56,9,1
190,25,7,0
190,20,0,1
190,23,8,1
190,64,0,1
190,36,6,1
190,57,4,1
190,63,4,1
190,43,2,1
190,24,8,0
190,2,8,1
190,26,3,1
190,32,1,1
190,77,8,1
190,96,5,1
190,5,7,0
190,83,4,1
190,6,8,1
190,81,2,0
190,4,7,0
190,88,4,1
190,73,4,1
190,38,6,1
190,67,3,0
190,85,6,0
190,86,6,1
74,78,3,1
74,11,0,0
74,35,7,0
74,25,5,0
74,31,1,0
74,5,6,0
74,3,7,1
74,8,5,1
74,30,7,0
74,45,2,0
74,82,2,1
74,75,7,0
74,29,1,1
74,54,7,1
74,38,3,0
74,34,1,1
74,2,6,0
74,4,9,1
74,12,0,0
74,44,3,0
74,92,9,0
74,32,3,0
74,37,2,0
74,74,5,1
74,14,2,1
74,96,2,0
74,83,4,0
74,66,9,1
74,16,3,1
74,80,7,1
74,1,0,1
74,89,2,1
74,7,4,1
74,95,5,0
74,46,6,1
74,55,2,0
74,47,3,0
74,63,1,1
74,39,2,0
74,88,2,0
74,10,7,0
74,48,8,0
74,73,3,0
74,19,6,0
74,64,2,0
74,81,2,0
74,86,1,1
74,26,5,1
74,76,3,1
74,28,8,1
74,9,2,0
74,33,2,0
74,57,0,0
74,21,9,1
74,24,1,0
74,17,0,0
74,71,2,0
74,51,0,0
74,79,0,0
74,50,8,0
74,53,3,0
74,52,1,0
74,91,7,0
74,69,1,0
74,87,0,0
74,60,4,0
74,58,4,0
74,13,6,1
74,62,0,0
74,61,2,0
74,56,0,1
74,41,2,0
74,93,8,1
74,94,9,0
74,6,9,0
74,70,2,0
74,67,8,0
74,98,0,0
74,65,4,0
74,27,5,1
384,7,7,1
384,14,7,1
384,88,4,1
384,69,7,0
384,21,5,1
384,17,6,1
384,96,2,1
384,45,6,1
384,78,7,1
384,13,5,1
384,23,4,1
384,80,3,1
384,98,0,1
384,60,4,1
384,31,1,1
384,55,0,1
384,12,1,1
384,22,8,1
384,37,7,1
384,8,8,0
384,93,8,1
384,3,1,1
384,91,2,1
384,28,2,1
384,64,3,1
384,48,2,1
384,6,6,1
384,16,5,1
384,30,3,1
384,74,6,1
384,20,2,1
384,49,5,1
384,68,3,1
384,61,1,1
384,11,3,1
384,18,9,1
384,81,9,0
384,46,2,1
384,94,5,1
384,56,7,1
384,84,0,1
384,58,2,0
384,15,9,1
384,19,4,1
384,76,8,1
384,42,2,1
384,57,5,1
384,67,1,1
384,89,8,1
384,52,9,1
384,53,5,1
384,29,4,1
384,90,4,1
384,85,7,1
384,24,1,1
384,97,3,1
384,72,1,0
384,51,4,1
384,73,6,1
384,66,4,1
384,2,6,1
384,62,9,1
384,4,4,1
384,10,8,0
384,9,7,0
384,77,6,1
384,82,4,1
384,65,4,1
384,47,9,1
384,25,2,1
384,86,8,1
384,92,9,1
384,36,9,1
384,26,7,1
384,79,7,1
384,50,0,1
384,59,3,1
384,0,1,0
384,87,6,0
231,88,7,0
231,9,2,1
231,26,4,1
231,40,1,1
231,35,9,1
231,0,8,0
231,44,8,1
231,53,4,1
231,3,0,1
231,76,6,1
231,37,1,1
231,74,3,1
231,15,0,1
231,43,9,1
231,59,1,1
231,70,2,1
231,96,6,1
231,8,3,0
231,93,7,1
231,18,6,1
231,50,3,1
231,95,1,1
231,36,7,1
231,10,1,0
231,46,1,1
231,78,9,1
231,25,7,0
231,28,1,0
231,11,1,1
231,30,2,1
231,91,3,1
231,13,1,1
231,65,7,1
231,94,5,1
231,23,4,1
231,48,3,1
231,20,3,1
231,32,3,1
231,2,3,0
231,49,3,0
231,73,5,1
231,54,9,1
231,72,6,1
231,7,3,1
231,64,4,1
231,57,7,1
231,51,5,1
231,97,4,1
231,98,6,1
231,79,5,0
231,27,4,1
231,68,5,1
231,84,1,1
231,81,6,1
231,47,6,1
231,24,3,1
231,58,8,1
231,4,4,1
231,77,6,1
231,38,9,0
231,66,9,1
231,42,7,0
231,14,0,1
231,12,7,0
231,89,0,1
231,55,8,0
231,67,7,0
231,61,2,0
231,34,6,1
231,99,2,0
231,19,2,1
231,87,2,1
231,63,2,1
231,29,5,1
231,1,7,0
231,80,3,0
231,31,9,1
231,60,6,1
231,33,4,1
231,22,0,1
452,18,9,1
452,62,2,0
452,69,9,1
452,4,2,1
452,22,8,0
452,29,6,1
452,88,6,1
452,82,2,0
452,38,2,0
452,84,7,0
452,45,9,1
452,41,4,1
452,59,7,0
452,73,1,0
452,35,8,1
452,86,6,0
452,97,3,0
452,99,8,1
452,83,0,0
452,57,5,1
452,66,9,0
452,51,7,0
452,44,4,0
452,5,7,1
452,48,9,0
452,79,1,1
452,93,6,1
452,28,4,0
452,87,6,0
452,61,3,1
452,10,2,0
452,72,2,0
452,2,9,0
452,95,3,0
452,21,8,1
452,47,6,1
452,36,2,0
452,94,6,0
452,1,8,1
452,77,3,1
452,15,0,0
452,13,1,0
452,12,0,0
452,91,8,0
452,43,1,1
452,11,8,1
452,40,4,1
452,68,4,1
452,90,6,1
452,76,2,1
452,42,1,0
452,89,6,1
452,71,3,0
452,55,5,0
452,39,1,0
452,33,4,0
452,31,3,1
452,34,4,1
452,25,4,1
452,52,0,1
452,26,6,1
452,23,7,1
452,3,2,0
452,49,0,0
452,16,6,0
452,19,7,1
452,30,3,0
452,75,8,1
452,14,7,1
452,8,9,1
452,70,4,1
452,65,6,0
452,54,4,0
452,74,2,0
452,96,7,1
452,27,2,0
452,64,1,0
452,6,1,1
452,56,0,0
452,32,2,0
452,37,0,1
374,68,2,1
374,12,8,0
374,87,1,0
374,94,6,1
374,76,6,1
374,77,3,0
374,44,8,1
374,4,9,1
374,65,9,1
374,60,2,1
374,63,9,1
374,10,3,1
374,74,6,1
374,18,0,1
374,99,5,1
374,48,3,1
374,52,5,1
374,59,1,1
374,88,6,1
374,2,8,0
374,20,4,1
374,56,7,1
374,32,3,1
374,67,8,1
374,21,1,1
374,11,8,1
374,26,8,0
374,25,2,1
374,45,4,1
374,14,7,1
374,36,4,1
374,98,8,1
374,85,7,1
374,95,3,0
374,79,5,0
374,37,0,1
374,47,1,1
374,42,7,0
374,64,9,1
374,69,1,1
374,62,9,1
374,49,3,1
374,80,5,1
374,83,4,1
374,5,6,1
374,73,4,1
374,0,2,1
374,82,8,0
374,29,7,1
374,30,0,1
374,84,7,1
374,66,4,1
374,93,9,1
374,27,1,1
374,33,7,1
374,8,6,1
374,22,8,1
374,72,0,1
374,81,6,1
374,1,0,1
374,13,6,1
374,97,7,1
374,9,9,1
374,24,3,1
374,41,5,0
374,19,7,1
374,40,1,1
374,38,0,1
374,89,8,0
374,34,7,1
374,92,3,1
374,17,0,1
374,6,0,1
374,86,1,1
374,16,3,1
374,71,0,1
374,57,5,1
374,55,5,1
374,46,3,1
374,61,5,1
374,39,3,1
374,54,8,1
144,37,0,0
144,57,5,1
144,74,7,0
144,80,6,1
144,73,2,1
144,8,5,0
144,13,4,1
144,3,2,1
144,21,2,1
144,17,8,0
144,48,8,0
144,27,5,1
144,70,4,1
144,51,6,0
144,35,9,0
144,43,6,1
144,81,7,0
144,83,8,0
144,69,2,1
144,90,5,0
144,67,2,0
144,39,0,1
144,79,7,0
144,34,6,0
144,63,8,0
144,59,1,0
144,95,9,0
144,86,0,0
144,11,4,0
144,49,6,0
144,60,2,1
144,87,7,1
144,77,9,0
144,92,5,0
144,75,8,0
144,14,7,1
144,93,1,0
144,15,1,0
144,25,6,1
144,55,8,0
144,66,4,1
144,45,1,0
144,52,2,0
144,1,4,1
144,23,7,0
144,50,6,0
144,88,4,1
144,82,7,0
144,22,2,0
144,30,3,0
144,12,6,1
144,19,4,0
144,85,0,1
144,98,6,1
144,31,5,1
144,36,8,1
144,46,1,0
144,58,5,0
144,61,0,0
144,38,2,0
144,33,8,1
144,29,1,1
144,56,9,0
144,99,9,1
144,44,5,1
144,32,0,0
144,94,6,0
144,41,6,0
144,5,1,1
144,40,0,0
144,68,2,1
144,71,1,1
144,18,6,0
144,24,5,0
144,9,3,0
144,26,6,0
144,4,1,0
144,97,1,0
144,91,9,1
144,47,0,0
144,53,2,0
144,7,9,0
385,50,5,0
385,2,4,1
385,74,9,0
385,96,8,0
385,43,4,1
385,28,7,1
385,29,7,1
385,75,6,0
385,49,9,1
385,52,1,0
385,5,4,0
385,78,1,0
385,39,6,0
385,17,2,1
385,80,0,0
385,8,9,1
385,69,6,0
385,81,1,1
385,10,1,0
385,87,8,1
385,91,5,1
385,0,6,0
385,51,0,1
385,12,7,1
385,63,8,0
385,76,0,1
385,33,0,0
385,11,3,0
385,93,4,0
385,97,7,0
385,15,4,0
385,40,7,0
385,94,1,1
385,83,4,1
385,67,1,0
385,99,0,1
385,62,1,0
385,18,5,0
385,34,2,0
385,13,8,1
385,6,9,0
385,86,0,0
385,32,3,0
385,72,0,0
385,38,8,0
385,95,8,0
385,59,3,1
385,16,4,1
385,61,5,1
385,60,2,0
385,85,4,1
385,26,4,1
385,57,2,1
385,37,7,1
385,48,0,0
385,71,2,1
385,14,6,0
385,1,9,1
385,42,2,0
385,68,4,1
385,4,3,1
385,47,4,0
385,64,4,0
385,89,9,1
385,41,6,0
385,23,4,1
385,92,0,1
385,65,5,1
385,54,5,0
385,98,6,1
385,46,5,1
385,58,9,1
385,3,6,1
385,30,2,0
385,45,0,1
385,55,8,0
385,24,6,1
385,27,1,1
385,35,2,0
385,9,4,0
385,77,2,1
385,22,3,0
295,4,7,1
295,47,0,1
295,75,7,0
295,65,7,1
295,93,1,1
295,79,6,1
295,42,7,1
295,95,2,0
295,33,7,1
295,81,5,0
295,88,2,1
295,24,4,0
295,87,9,1
295,54,8,1
295,99,6,1
295,3,5,1
295,77,4,1
295,91,3,0
295,5,8,1
295,37,2,0
295,46,6,1
295,26,9,1
295,69,6,0
295,31,0,1
295,15,9,1
295,74,9,0
295,64,8,1
295,12,1,1
295,6,8,1
295,32,0,1
295,53,8,1
295,55,1,1
295,7,8,1
295,27,0,1
295,83,3,1
295,60,3,0
295,90,3,1
295,23,9,1
295,29,4,1
295,71,7,1
295,97,0,1
295,98,3,0
295,11,9,1
295,20,3,0
295,30,3,1
295,34,1,1
295,52,1,0
295,82,8,0
295,48,6,1
295,10,2,1
295,62,3,1
295,73,3,1
295,43,4,1
295,70,3,1
295,22,7,1
295,41,3,0
295,85,9,1
295,21,8,1
295,61,8,1
295,45,9,1
295,25,2,0
295,96,0,0
295,38,8,0
295,57,7,1
295,78,0,1
295,40,1,0
295,67,8,1
295,14,8,0
295,9,9,1
295,72,4,1
295,58,6,0
295,8,6,0
295,39,8,1
295,63,9,1
295,1,7,0
295,89,3,0
295,68,7,1
295,80,7,1
295,2,2,0
295,51,5,0
64,76,9,0
64,32,6,0
64,77,2,0
64,19,3,0
64,75,4,0
64,0,1,1
64,45,7,0
64,31,5,1
64,44,8,0
64,69,8,0
64,40,9,0
64,63,8,0
64,21,8,0
64,39,9,0
64,1,8,0
64,13,9,0
64,6,7,1
64,50,5,0
64,37,0,0
64,46,6,0
64,5,9,0
64,91,7,0
64,83,9,0
64,58,0,0
64,17,0,0
64,47,9,1
64,79,0,1
64,67,7,0
64,59,9,0
64,92,1,0
64,7,1,0
64,98,7,0
64,18,6,0
64,71,9,0
64,84,9,0
64,9,2,0
64,66,4,0
64,42,8,0
64,60,1,0
64,8,7,0
64,55,7,0
64,64,8,0
64,90,1,0
64,34,6,1
64,52,2,0
64,26,2,0
64,99,8,1
64,62,2,0
64,12,5,0
64,53,0,1
64,68,7,0
64,2,7,0
64,49,9,0
64,23,2,0
64,56,4,1
64,93,2,0
64,27,0,0
64,36,1,0
64,87,6,0
64,73,0,0
64,3,9,1
64,25,2,0
64,30,5,1
64,20,3,0
64,15,0,0
64,33,4,0
64,96,5,0
64,78,9,0
64,14,2,0
64,89,1,0
64,10,0,1
64,57,3,0
64,97,0,0
64,95,9,0
64,85,8,0
64,80,4,0
64,94,3,0
64,43,1,0
64,72,4,1
64,81,7,0
64,24,0,1
134,27,0,1
134,6,3,0
134,18,5,0
134,32,8,0
134,22,7,0
134,60,3,0
134,14,3,0
134,62,2,0
134,41,2,1
134,99,3,1
134,16,2,0
134,56,7,0
134,15,1,0
134,36,7,0
134,17,1,1
134,26,8,0
134,57,9,1
134,70,1,0
134,66,6,0
134,92,7,0
134,81,0,0
134,74,3,1
134,0,2,0
134,63,1,0
134,54,5,0
134,10,8,1
134,13,4,0
134,25,3,1
134,89,8,1
134,72,9,1
134,67,9,1
134,86,0,1
134,98,6,1
134,53,7,1
134,50,0,0
134,29,6,0
134,58,3,0
134,68,4,0
134,1,7,0
134,38,3,0
134,11,1,0
134,20,0,0
134,96,4,0
134,80,1,0
134,3,9,0
134,78,4,1
134,69,8,1
134,43,4,0
134,75,4,0
134,19,7,0
134,35,7,0
134,82,0,1
134,77,2,0
134,4,4,0
134,5,4,0
134,91,7,1
134,40,7,0
134,94,4,0
134,73,3,0
134,83,5,0
134,88,9,0
134,42,8,0
134,37,1,0
134,87,8,0
134,76,3,0
134,9,1,0
134,45,1,1
134,28,8,0
134,51,9,0
156,70,8,1
156,17,9,0
156,21,7,0
156,67,6,1
156,54,9,1
156,86,5,1
156,87,7,0
156,22,1,1
156,69,6,0
156,38,0,1
156,76,5,0
156,57,9,1
156,41,3,1
156,94,0,1
156,77,0,1
156,50,4,0
156,34,2,1
156,7,3,1
156,59,5,1
156,88,2,0
156,10,2,1
156,42,1,1
156,97,6,1
156,5,2,1
156,13,5,0
156,25,9,1
156,23,3,0
156,58,7,0
156,82,9,1
156,43,9,0
156,78,5,1
156,53,3,0
156,93,9,1
156,27,5,1
156,60,9,0
156,80,9,1
156,48,1,1
156,14,8,0
156,90,5,0
156,30,5,0
156,45,1,1
156,32,6,0
156,74,9,1
156,4,8,1
156,2,4,1
156,46,6,1
156,56,4,1
156,28,3,1
156,98,1,0
156,6,5,1
156,75,5,0
156,65,8,0
156,35,7,1
156,40,7,1
156,79,4,0
156,64,6,1
156,1,9,1
156,44,0,1
156,55,2,0
156,16,2,0
156,96,7,0
156,91,5,1
156,12,0,1
156,83,6,1
156,18,3,1
156,66,3,0
156,92,2,1
156,84,3,1
156,0,3,1
156,47,7,1
156,62,6,0
156,31,6,1
156,99,3,1
156,63,0,1
156,19,6,1
156,20,3,1
156,52,9,1
156,36,3,0
156,37,4,0
372,40,7,0
372,78,9,0
372,83,8,1
372,59,6,1
372,66,7,1
372,91,0,1
372,31,8,1
372,27,2,0
372,34,3,1
372,8,7,0
372,84,9,0
372,49,2,1
372,35,5,1
372,57,8,1
372,30,3,0
372,28,7,0
372,93,1,0
372,51,4,0
372,97,3,0
372,99,1,0
372,43,2,0
372,86,3,1
372,11,3,0
372,0,5,1
372,39,3,1
372,48,9,0
372,2,0,1
372,24,7,0
372,65,9,1
372,61,8,1
372,60,9,0
372,87,9,0
372,16,5,0
372,4,7,0
372,21,9,0
372,92,8,1
372,75,6,1
372,88,0,1
372,54,5,0
372,38,1,0
372,32,8,0
372,14,1,0
372,52,3,1
372,10,5,0
372,25,5,1
372,76,1,0
372,56,5,0
372,18,2,0
372,53,7,0
372,71,4,0
372,73,2,1
372,7,7,1
372,64,8,0
372,33,0,1
372,3,5,1
372,5,0,1
372,41,2,0
372,55,9,1
372,15,0,1
372,90,7,0
372,45,8,1
372,9,0,1
372,44,0,0
372,95,9,1
372,89,7,0
372,67,2,0
372,13,8,0
372,74,4,0
372,94,0,0
372,22,6,0
372,46,6,0
372,80,8,0
372,70,8,1
372,6,8,0
372,58,6,0
372,72,3,1
372,12,5,0
372,42,1,1
372,23,3,1
372,82,3,1
372,63,6,0
173,76,8,1
173,93,3,1
173,43,5,1
173,30,1,1
173,87,6,1
173,24,7,0
173,96,8,1
173,73,5,1
173,21,6,1
173,13,0,1
173,3,9,1
173,66,3,1
173,55,0,1
173,32,7,0
173,97,7,1
173,18,0,1
173,34,1,0
173,54,7,0
173,60,6,1
173,79,2,1
173,70,0,1
173,17,5,1
173,35,6,1
173,8,1,1
173,4,8,1
173,29,2,1
173,91,7,1
173,12,6,0
173,85,3,1
173,47,3,1
173,9,0,1
173,41,1,0
173,90,0,1
173,57,1,1
173,81,5,1
173,92,2,0
173,37,9,0
173,84,2,0
173,28,8,0
173,69,9,1
173,45,3,0
173,58,6,1
173,6,4,0
173,2,3,1
173,11,0,1
173,61,3,0
173,39,8,0
173,95,0,1
173,94,6,1
173,20,3,1
173,16,7,0
173,99,1,1
173,63,4,1
173,31,4,1
173,25,0,1
173,52,9,1
173,89,3,1
173,88,7,1
173,68,3,1
173,49,4,1
173,10,9,1
173,42,8,0
173,53,9,1
173,19,2,0
173,26,8,1
173,51,6,1
173,78,6,1
173,59,2,0
173,44,1,1
173,77,0,1
173,50,2,1
173,56,3,1
173,38,4,1
173,14,8,0
173,40,7,1
173,72,1,1
173,75,9,1
173,71,3,0
173,83,5,1
173,64,2,0
173,5,5,1
431,91,8,0
431,7,2,0
431,39,5,0
431,85,5,0
431,49,3,0
431,56,4,0
431,66,5,0
431,34,4,1
431,77,0,0
431,60,6,0
431,48,2,0
431,84,1,0
431,59,0,0
431,42,1,1
431,54,6,1
431,8,1,0
431,2,0,0
431,37,5,0
431,94,0,0
431,68,3,1
431,43,2,0
431,71,6,0
431,13,4,0
431,12,6,0
431,22,1,0
431,5,8,0
431,81,8,0
431,80,7,0
431,72,5,0
431,89,0,0
431,88,4,0
431,19,4,0
431,40,1,0
431,9,5,0
431,97,7,0
431,79,4,0
431,6,5,0
431,3,3,0
431,18,9,0
431,99,3,1
431,62,5,0
431,90,6,0
431,35,8,0
431,0,4,0
431,86,0,0
431,10,3,0
431,29,3,0
431,92,8,0
431,45,5,0
431,46,2,0
431,17,2,0
431,1,0,0
431,74,7,0
431,25,0,0
431,57,6,1
431,16,6,0
431,52,6,0
431,93,5,0
431,55,0,0
431,4,0,0
431,44,9,0
431,28,8,0
431,70,3,0
431,69,4,0
431,23,5,0
431,61,3,0
431,53,5,0
431,98,3,0
431,65,1,0
431,41,3,0
431,32,0,0
431,20,0,1
431,64,0,1
431,31,1,0
431,78,1,0
431,95,8,0
431,87,8,0
431,24,6,0
431,30,1,0
431,76,1,0
431,75,9,0
431,15,0,0
431,36,8,0
431,63,6,1
431,14,2,0
15,91,3,0
15,79,9,0
15,28,4,1
15,60,8,1
15,7,9,0
15,89,6,0
15,14,0,1
15,93,8,0
15,56,3,0
15,44,0,1
15,74,6,1
15,1,4,0
15,0,0,1
15,41,7,0
15,97,9,1
15,6,9,0
15,15,1,1
15,75,1,0
15,17,5,0
15,45,0,1
15,2,8,0
15,48,5,1
15,98,5,1
15,95,8,1
15,51,6,1
15,32,8,1
15,57,9,1
15,50,0,1
15,46,8,0
15,38,6,0
15,5,8,0
15,23,0,0
15,83,3,0
15,99,8,0
15,53,6,0
15,11,1,0
15,4,6,0
15,39,1,0
15,66,1,0
15,42,5,1
15,58,2,0
15,90,5,0
15,73,5,0
15,35,0,0
15,18,4,0
15,37,6,1
15,25,9,0
15,29,0,1
15,63,0,1
15,94,0,1
15,16,1,1
15,21,4,0
15,87,9,0
15,49,6,0
15,84,2,0
15,26,4,0
15,30,1,1
15,34,3,0
15,76,7,1
15,82,7,0
15,10,7,0
15,72,5,1
15,70,4,0
15,96,3,0
15,27,5,0
15,19,7,0
15,86,6,1
15,92,5,1
15,3,1,0
15,22,3,1
15,9,5,0
15,33,0,0
15,80,2,1
15,62,8,0
15,54,0,0
15,12,4,1
15,59,7,0
15,71,1,1
15,43,6,1
15,24,3,0
15,31,9,1
15,55,7,1
15,36,0,1
15,64,3,1
15,40,9,1
15,69,6,0
15,77,1,0
244,13,3,0
244,67,5,1
244,81,0,0
244,55,3,0
244,92,7,1
244,60,0,0
244,48,7,1
244,98,4,0
244,38,9,0
244,2,5,1
244,64,6,1
244,18,3,0
244,51,6,1
244,75,6,0
244,44,5,0
244,36,6,0
244,77,1,0
244,79,5,1
244,35,7,0
244,97,0,0
244,84,5,0
244,9,2,0
244,57,3,1
244,93,9,0
244,37,8,1
244,31,8,0
244,66,2,0
244,29,0,1
244,68,3,1
244,73,5,1
244,21,4,0
244,5,0,0
244,49,3,0
244,65,4,0
244,71,4,0
244,14,1,1
244,70,9,0
244,32,3,1
244,82,2,0
244,47,0,1
244,4,1,0
244,1,4,0
244,83,6,0
244,10,2,0
244,89,4,0
244,25,6,1
244,24,9,1
244,41,1,0
244,8,2,1
244,90,6,1
244,85,6,1
244,53,0,0
244,23,0,1
244,69,7,0
244,91,4,0
244,42,2,0
244,12,8,1
244,95,5,1
244,40,5,0
244,11,5,0
244,52,1,1
244,15,5,1
244,50,0,1
244,33,6,1
244,88,8,1
244,34,5,0
244,39,5,0
244,86,4,1
244,94,5,0
244,3,8,1
244,78,6,0
244,80,7,0
244,87,6,1
244,7,3,0
244,20,6,1
244,45,2,0
244,63,3,0
244,28,1,0
244,54,7,0
244,59,6,0
244,72,1,1
244,43,4,0
244,46,4,1
244,62,5,0
244,22,6,1
41,49,5,0
41,98,6,1
41,37,9,1
41,87,0,1
41,91,2,1
41,17,1,1
41,62,8,1
41,18,5,1
41,33,8,1
41,94,5,1
41,57,3,1
41,73,4,1
41,70,1,1
41,72,3,1
41,4,3,0
41,60,2,0
41,77,9,0
41,41,9,1
41,36,4,1
41,32,6,0
41,81,4,1
41,25,6,1
41,20,5,0
41,40,0,1
41,89,2,1
41,30,0,0
41,8,6,0
41,7,0,1
41,75,2,0
41,65,4,0
41,48,2,1
41,46,5,0
41,99,3,0
41,50,8,1
41,3,7,1
41,34,6,1
41,27,0,1
41,44,6,1
41,24,1,0
41,47,9,1
41,66,4,1
41,29,5,1
41,31,3,1
41,64,3,1
41,61,7,1
41,97,9,1
41,42,1,1
41,80,1,0
41,5,1,1
41,52,3,0
41,78,4,0
41,39,5,1
41,26,2,0
41,45,8,1
41,92,3,1
41,15,1,1
41,43,3,0
41,56,7,0
41,1,3,1
41,54,6,0
41,21,8,0
41,88,0,1
41,0,5,1
41,55,2,0
41,14,6,1
41,67,4,1
41,93,9,0
41,85,6,1
41,6,2,0
41,16,0,1
41,53,1,1
41,68,3,1
41,11,0,0
41,13,9,1
41,71,3,0
41,51,0,1
41,22,4,1
41,76,5,1
41,90,5,1
41,79,7,0
41,96,5,1
41,28,7,1
41,59,9,0
41,10,7,1
41,2,1,1
41,38,5,1
41,58,9,1
41,84,0,0
41,19,9,1
223,9,8,1
223,73,2,1
223,79,8,0
223,64,8,0
223,18,5,0
223,94,5,1
223,41,9,1
223,50,1,1
223,22,3,0
223,98,0,0
223,23,2,0
223,32,9,0
223,84,6,0
223,68,2,0
223,6,0,1
223,80,8,1
223,54,1,1
223,70,4,1
223,93,5,1
223,88,5,1
223,0,3,0
223,25,4,1
223,52,7,0
223,1,5,1
223,16,5,0
223,21,0,1
223,39,0,0
223,78,2,1
223,11,3,1
223,7,4,0
223,97,5,0
223,99,6,0
223,63,3,1
223,24,5,1
223,19,4,1
223,89,7,0
223,58,2,0
223,27,8,0
223,15,5,1
223,45,7,0
223,62,2,0
223,51,0,0
223,53,3,0
223,10,2,0
223,35,8,0
223,61,5,1
223,4,3,0
223,36,9,0
223,75,0,1
223,72,2,1
223,87,6,0
223,67,1,1
223,46,3,1
223,33,4,1
223,28,5,0
223,47,0,1
223,76,4,1
223,81,1,1
223,59,6,0
223,92,9,0
223,86,0,0
223,85,2,0
223,44,1,1
223,2,3,1
223,74,7,0
223,91,9,1
223,38,6,0
223,20,1,0
223,77,0,0
223,90,0,0
223,8,8,0
223,83,7,0
223,40,0,1
223,57,9,0
223,34,0,1
223,55,7,1
223,31,6,0
223,60,9,0
164,37,1,0
164,72,7,1
164,40,8,0
164,1,5,0
164,90,8,1
164,50,9,0
164,78,6,0
164,43,2,0
164,59,3,0
164,35,7,0
164,99,2,1
164,98,8,0
164,16,1,0
164,62,5,1
164,25,1,1
164,32,1,0
164,31,7,1
164,26,7,0
164,19,4,0
164,93,1,0
164,10,2,0
164,34,1,0
164,20,5,1
164,12,3,0
164,95,2,1
164,85,7,0
164,8,2,0
164,57,0,0
164,22,9,1
164,94,8,0
164,41,7,1
164,96,2,1
164,63,3,1
164,5,1,0
164,47,3,0
164,68,4,0
164,65,1,1
164,39,9,1
164,52,1,1
164,21,5,0
164,0,6,1
164,66,7,0
164,29,3,1
164,30,9,1
164,11,0,0
164,55,4,0
164,17,0,1
164,15,4,1
164,74,5,0
164,42,6,0
164,80,5,1
164,58,3,0
164,51,6,0
164,13,7,1
164,79,8,0
164,64,0,1
164,97,8,0
164,81,6,0
164,83,9,0
164,14,0,1
164,36,2,1
164,56,5,1
164,27,3,0
164,45,7,1
164,18,4,1
164,38,7,0
164,4,1,1
164,54,4,1
164,73,1,0
164,61,1,0
164,88,4,0
164,86,9,0
164,9,1,1
164,75,9,1
164,69,3,0
439,64,6,0
439,62,1,1
439,3,3,1
439,70,6,0
439,77,6,1
439,35,4,1
439,89,2,1
439,59,2,0
439,32,3,1
439,8,9,1
439,30,6,0
439,6,7,1
439,52,5,1
439,20,0,1
439,5,9,1
439,57,7,1
439,28,0,1
439,14,9,1
439,97,4,1
439,48,7,0
439,63,9,0
439,44,6,1
439,78,1,1
439,36,6,1
439,15,9,1
439,90,8,0
439,58,9,1
439,51,7,1
439,66,4,1
439,96,9,1
439,13,7,0
439,23,1,1
439,73,3,0
439,85,8,1
439,45,6,1
439,19,9,1
439,24,6,1
439,11,7,1
439,4,0,0
439,72,0,1
439,50,7,1
439,39,7,1
439,31,9,0
439,0,2,1
439,29,4,1
439,98,3,1
439,86,1,0
439,67,4,1
439,22,2,1
439,21,4,1
439,68,3,1
439,27,3,0
439,1,7,1
439,42,8,1
439,94,4,1
439,12,9,1
439,38,7,0
439,54,5,1
439,91,6,1
439,99,8,1
439,43,8,1
439,53,9,1
439,33,7,0
439,92,0,0
439,10,8,1
439,83,9,0
439,26,8,1
439,76,6,1
439,47,6,0
439,74,9,0
439,75,6,0
439,61,0,1
439,87,5,1
439,69,8,0
439,41,8,1
439,95,1,0
439,37,5,1
439,65,3,1
439,34,7,0
439,25,2,0
439,46,4,1
439,60,5,1
439,81,7,1
445,52,6,0
445,81,2,0
445,22,4,0
445,60,4,0
445,85,5,1
445,72,0,0
445,96,4,0
445,28,5,0
445,46,7,0
445,98,6,0
445,24,1,0
445,79,5,0
445,47,6,0
445,51,5,0
445,88,8,0
445,38,7,0
445,78,8,0
445,25,3,0
445,43,6,0
445,4,8,0
445,54,1,1
445,11,8,1
445,16,3,0
445,64,4,0
445,65,4,0
445,50,7,0
445,20,0,0
445,34,1,0
445,74,4,0
445,63,7,0
445,83,3,0
445,71,2,0
445,41,8,0
445,70,3,0
445,9,4,0
445,13,3,0
445,89,6,0
445,86,8,1
445,44,8,1
445,61,3,0
445,68,7,1
445,31,7,1
445,30,8,0
445,12,6,1
445,58,6,0
445,14,1,0
445,18,5,0
445,94,8,0
445,36,7,1
445,0,3,0
445,55,8,0
445,39,7,0
445,2,7,0
445,29,8,0
445,17,7,1
445,53,4,1
445,40,1,1
445,37,3,0
445,76,9,1
445,66,1,1
445,23,6,0
445,57,2,0
445,26,0,0
445,73,5,0
445,77,6,1
445,97,0,0
445,82,6,0
445,49,1,0
445,87,5,0
445,42,8,0
445,33,5,0
445,62,4,0
445,99,1,0
445,5,5,0
445,45,5,0
445,27,0,1
445,69,9,0
445,10,8,0
186,11,4,0
186,14,0,1
186,92,1,1
186,33,0,0
186,84,6,1
186,81,7,0
186,2,3,1
186,28,7,0
186,42,9,0
186,99,4,1
186,16,2,0
186,24,6,1
186,80,1,0
186,8,1,1
186,67,4,0
186,9,5,1
186,17,7,1
186,46,8,0
186,12,9,1
186,55,6,0
186,35,0,1
186,48,5,1
186,64,4,0
186,57,9,0
186,79,9,0
186,73,3,1
186,22,0,1
186,65,7,0
186,89,1,1
186,75,5,0
186,7,8,1
186,36,7,0
186,38,6,1
186,27,3,0
186,26,7,0
186,25,1,1
186,77,1,0
186,5,6,0
186,87,2,0
186,3,1,0
186,43,5,1
186,10,2,0
186,85,7,1
186,61,2,1
186,70,6,0
186,31,2,0
186,51,7,1
186,74,1,1
186,50,5,0
186,30,4,1
186,93,9,1
186,20,7,1
186,37,6,0
186,0,9,0
186,82,3,0
186,68,4,1
186,52,2,0
186,86,8,0
186,29,7,0
186,49,0,1
186,18,6,1
186,54,9,0
186,96,8,1
186,97,0,1
186,62,6,0
186,78,1,1
186,44,7,1
186,63,3,0
186,4,4,1
186,53,4,1
186,94,5,1
186,47,3,1
186,66,7,1
186,34,6,1
186,39,6,0
186,98,3,1
186,23,7,0
186,88,7,1
186,60,6,0
186,15,1,1
318,17,3,1
318,45,9,1
318,7,1,0
318,67,3,0
318,96,5,1
318,82,4,1
318,20,4,1
318,12,8,0
318,47,4,1
318,84,0,1
318,81,6,1
318,77,4,0
318,19,8,0
318,98,0,1
318,72,0,1
318,86,3,1
318,4,6,0
318,25,3,1
318,95,6,1
318,92,7,1
318,74,9,1
318,18,9,1
318,43,2,0
318,15,8,1
318,6,3,1
318,97,5,1
318,8,6,1
318,30,6,0
318,5,1,0
318,14,7,1
318,62,4,1
318,54,5,0
318,75,3,1
318,61,1,1
318,80,1,0
318,35,0,0
318,46,2,0
318,22,6,0
318,3,8,1
318,90,6,1
318,49,4,0
318,70,8,0
318,21,3,1
318,58,8,1
318,36,6,0
318,57,7,0
318,93,3,1
318,65,6,1
318,63,3,1
318,76,5,1
318,13,4,1
318,87,2,0
318,40,8,0
318,60,4,0
318,23,0,1
318,59,2,1
318,85,7,1
318,71,5,1
318,73,7,1
318,0,5,1
318,26,7,1
318,44,6,1
318,68,7,0
318,29,6,1
318,99,5,0
318,1,8,1
318,34,0,1
318,66,1,0
318,31,1,0
318,94,2,1
318,52,0,0
318,27,4,1
318,38,3,0
318,33,7,1
318,83,6,0
318,64,0,1
318,10,4,1
318,79,7,0
318,48,6,1
318,11,0,1
56,44,3,1
56,23,9,1
56,89,1,1
56,22,6,1
56,3,3,1
56,79,3,1
56,69,9,0
56,1,2,0
56,0,1,1
56,70,1,1
56,49,9,1
56,18,2,1
56,39,9,1
56,67,4,1
56,50,3,1
56,97,8,1
56,21,8,1
56,25,5,0
56,92,6,1
56,85,1,0
56,72,4,1
56,57,8,1
56,6,1,1
56,74,5,1
56,33,7,0
56,51,3,1
56,13,0,1
56,54,6,1
56,78,3,1
56,59,4,1
56,38,2,1
56,19,6,1
56,81,9,1
56,14,8,1
56,34,6,1
56,17,2,0
56,48,5,1
56,11,3,1
56,86,9,1
56,20,4,1
56,52,0,1
56,16,0,1
56,41,5,1
56,58,9,1
56,37,5,1
56,5,6,1
56,99,2,1
56,12,7,1
56,68,5,1
56,55,6,0
56,91,1,1
56,35,0,1
56,80,8,1
56,65,7,1
56,83,2,1
56,71,3,1
56,90,0,1
56,31,7,1
56,93,7,1
56,82,5,1
56,94,4,1
56,45,4,1
56,2,8,1
56,29,9,1
56,27,9,1
56,64,0,1
56,26,5,1
56,62,2,0
56,42,4,1
56,28,2,0
56,73,7,0
56,9,2,0
56,46,3,1
56,24,5,1
56,56,7,1
56,10,8,0
56,75,2,0
56,77,8,1
56,40,0,1
56,60,9,1
293,8,4,0
293,74,8,0
293,97,1,0
293,88,4,1
293,34,1,0
293,43,3,1
293,87,2,0
293,31,5,0
293,95,7,1
293,91,1,0
293,45,1,1
293,22,9,1
293,4,7,1
293,56,7,1
293,0,4,1
293,92,0,1
293,2,6,0
293,68,6,0
293,62,3,1
293,44,7,1
293,40,9,1
293,26,6,0
293,99,7,0
293,77,5,0
293,12,2,1
293,71,8,1
293,78,1,0
293,61,8,0
293,67,3,0
293,1,2,0
293,79,8,0
293,29,7,0
293,21,9,0
293,39,8,0
293,47,1,0
293,9,0,0
293,96,6,0
293,33,1,0
293,5,2,1
293,86,5,1
293,53,7,1
293,41,6,1
293,58,7,0
293,66,7,1
293,14,6,1
293,16,5,0
293,54,0,1
293,28,6,1
293,7,2,1
293,59,9,0
293,52,8,0
293,90,9,1
293,94,9,0
293,85,6,0
293,25,7,0
293,83,7,1
293,24,6,1
293,72,3,0
293,17,7,1
293,19,9,1
293,84,9,1
293,60,9,0
293,18,2,1
293,42,0,1
293,57,4,1
293,30,7,0
293,6,3,1
293,75,8,0
293,50,2,0
293,38,6,0
293,3,6,0
293,48,7,0
293,69,8,1
293,55,7,0
293,35,1,1
293,51,1,0
293,81,2,1
293,36,5,1
293,37,0,0
293,64,4,0
293,76,6,1
293,11,4,0
27,30,4,1
27,67,9,0
27,68,3,0
27,95,1,0
27,70,2,0
27,33,9,0
27,18,6,1
27,23,6,0
27,57,8,0
27,60,5,0
27,26,7,0
27,56,4,0
27,12,1,0
27,82,9,0
27,38,9,0
27,47,5,0
27,49,2,0
27,58,7,0
27,9,3,0
27,53,3,0
27,80,1,0
27,54,1,0
27,88,8,1
27,69,9,0
27,0,1,0
27,96,1,0
27,39,9,0
27,45,0,0
27,59,4,0
27,92,1,0
27,94,9,1
27,29,3,1
27,84,8,1
27,51,5,0
27,99,9,0
27,46,0,0
27,97,5,0
27,71,0,1
27,41,0,0
27,35,6,0
27,72,0,0
27,50,5,0
27,85,8,0
27,28,2,0
27,13,6,0
27,27,4,0
27,5,2,0
27,14,4,0
27,76,4,0
27,98,1,0
27,83,0,1
27,86,5,0
27,93,8,0
27,22,0,0
27,78,1,0
27,61,8,0
27,81,4,0
27,24,2,1
27,32,7,0
27,74,7,0
27,90,5,0
27,10,4,0
27,79,5,0
27,1,6,0
27,40,5,1
27,37,5,0
27,19,7,1
27,63,6,1
27,52,6,0
27,11,7,1
27,62,7,0
27,65,2,0
27,55,8,1
27,6,9,1
27,2,1,0
27,15,0,0
27,73,5,1
27,64,4,0
27,21,7,1
27,7,0,1
27,75,3,0
27,31,0,1
482,97,5,1
482,1,9,0
482,78,1,0
482,26,5,0
482,76,8,1
482,14,5,0
482,17,7,1
482,52,2,1
482,39,3,1
482,48,4,1
482,83,6,0
482,37,1,0
482,96,9,0
482,24,7,0
482,72,1,1
482,85,4,0
482,62,5,1
482,18,3,0
482,7,3,0
482,19,5,1
482,51,1,0
482,29,1,0
482,10,7,1
482,98,4,1
482,95,5,0
482,99,6,0
482,91,2,1
482,70,0,1
482,54,0,0
482,21,9,1
482,11,0,1
482,59,8,1
482,63,2,0
482,75,8,1
482,13,6,1
482,45,7,0
482,94,6,1
482,89,1,0
482,23,7,0
482,16,1,1
482,4,5,1
482,2,1,1
482,56,1,0
482,79,5,1
482,58,2,1
482,44,9,0
482,40,4,1
482,42,0,1
482,22,8,1
482,71,7,1
482,46,3,1
482,34,6,1
482,68,6,0
482,73,3,1
482,30,5,1
482,12,1,1
482,27,0,1
482,67,9,1
482,66,4,1
482,3,4,1
482,20,0,1
482,28,8,1
482,35,4,1
482,64,6,0
482,81,4,1
482,92,7,0
482,15,0,1
482,84,9,1
482,53,4,1
482,57,3,1
283,73,4,1
283,72,4,0
283,91,7,0
283,70,2,0
283,53,6,0
283,69,1,1
283,3,4,1
283,50,1,0
283,7,0,0
283,4,7,1
283,84,3,0
283,98,0,1
283,28,5,1
283,94,2,0
283,37,0,1
283,48,7,0
283,93,8,1
283,85,0,0
283,54,9,0
283,15,1,1
283,14,2,0
283,22,6,0
283,16,2,1
283,23,1,0
283,26,3,0
283,25,9,0
283,66,6,0
283,36,5,0
283,35,7,1
283,78,6,1
283,58,1,0
283,34,8,1
283,9,9,1
283,59,4,0
283,62,6,0
283,92,4,0
283,43,3,0
283,39,1,1
283,83,8,0
283,81,4,1
283,45,8,0
283,86,5,1
283,82,7,1
283,80,1,1
283,31,7,0
283,61,9,0
283,24,7,1
283,40,9,0
283,76,9,1
283,97,7,1
283,68,4,1
283,2,6,0
283,65,8,0
283,8,7,1
283,0,5,0
283,71,1,0
283,19,6,0
283,60,7,1
283,95,3,1
283,12,1,0
283,99,6,1
283,38,3,1
283,42,3,0
283,21,3,0
283,56,1,0
283,11,9,1
283,87,3,0
283,46,7,0
283,1,7,1
283,64,9,0
283,63,7,0
283,57,1,0
283,88,7,0
283,74,1,1
283,30,1,0
283,13,4,0
283,29,9,0
283,90,9,1
283,10,1,0
283,75,3,1
283,96,3,1
283,5,0,1
49,46,0,0
49,52,0,0
49,91,5,0
49,74,2,1
49,59,7,0
49,60,1,0
49,38,1,0
49,35,6,0
49,79,7,0
49,37,0,1
49,80,7,1
49,12,2,0
49,40,6,0
49,11,1,1
49,92,0,0
49,24,8,0
49,31,2,0
49,65,9,0
49,47,7,0
49,68,8,1
49,67,5,1
49,20,0,0
49,44,9,0
49,33,7,0
49,32,4,0
49,42,6,0
49,96,4,1
49,6,5,1
49,63,3,0
49,64,6,1
49,41,3,1
49,43,2,1
49,72,3,0
49,58,1,0
49,61,2,0
49,90,3,0
49,26,2,0
49,48,0,1
49,98,3,1
49,56,7,0
49,82,5,0
49,10,9,1
49,95,2,0
49,69,9,0
49,84,4,0
49,55,8,1
49,45,8,0
49,27,5,0
49,22,5,0
49,1,3,1
49,7,3,0
49,94,1,1
49,28,1,0
49,70,8,0
49,21,2,0
49,36,7,0
49,4,4,0
49,76,6,0
49,49,6,0
49,29,0,0
49,3,1,0
49,85,6,0
49,89,6,0
49,57,7,1
49,73,0,1
49,88,9,0
49,51,1,0
49,9,2,0
49,93,6,0
49,25,2,0
49,53,8,0
49,5,6,1
49,97,6,1
49,50,1,0
49,54,5,1
49,34,6,0
39,83,2,0
39,30,7,1
39,71,2,0
39,81,8,0
39,66,1,0
39,76,0,1
39,69,1,1
39,53,3,0
39,2,7,0
39,97,2,0
39,34,7,1
39,80,3,0
39,50,1,0
39,45,1,1
39,15,1,0
39,73,8,1
39,44,5,1
39,78,0,1
39,62,9,0
39,88,9,0
39,94,1,0
39,0,7,0
39,56,3,1
39,10,2,0
39,95,0,1
39,85,1,1
39,26,1,0
39,87,7,1
39,12,5,1
39,60,4,0
39,40,3,1
39,93,1,0
39,21,7,0
39,63,6,1
39,59,8,1
39,57,5,1
39,46,9,0
39,42,9,1
39,35,8,1
39,64,9,0
39,98,8,1
39,92,3,1
39,8,5,1
39,27,8,0
39,58,2,0
39,55,4,0
39,79,5,0
39,14,5,1
39,90,7,1
39,84,7,0
39,49,7,1
39,61,2,1
39,25,6,0
39,68,6,1
39,3,1,0
39,43,0,0
39,33,7,0
39,86,5,0
39,32,3,0
39,28,7,0
39,47,4,0
39,19,8,0
39,24,5,1
39,16,5,0
39,20,1,1
39,9,7,0
39,48,2,0
39,6,0,0
39,75,4,1
39,74,2,0
39,67,8,0
39,13,6,1
39,39,0,1
39,36,3,0
371,6,0,1
371,77,6,0
371,39,0,1
371,81,9,1
371,14,2,1
371,58,5,1
371,17,1,0
371,36,8,0
371,93,2,0
371,51,7,1
371,25,1,1
371,86,1,1
371,49,4,1
371,29,7,0
371,42,0,1
371,41,7,0
371,35,8,0
371,37,1,0
371,99,8,1
371,65,7,0
371,78,1,0
371,57,6,1
371,55,6,0
371,97,6,0
371,38,4,0
371,69,0,0
371,54,7,1
371,92,1,0
371,98,0,1
371,96,1,1
371,30,3,1
371,90,0,1
371,56,2,1
371,95,8,0
371,2,1,1
371,26,0,1
371,87,4,1
371,74,2,0
371,40,0,1
371,53,0,1
371,43,6,0
371,88,1,0
371,94,3,0
371,45,5,0
371,0,2,1
371,75,6,1
371,48,0,1
371,28,7,1
371,9,9,0
371,44,9,0
371,18,8,1
371,33,1,0
371,15,7,1
371,3,0,1
371,60,9,0
371,64,6,0
371,71,5,0
371,20,6,1
371,47,7,0
371,5,7,0
371,66,8,1
371,80,0,0
371,11,5,0
371,67,2,1
371,16,5,0
371,83,9,1
371,89,1,0
371,76,6,1
371,84,6,0
371,7,3,1
371,27,2,1
371,73,9,1
371,31,5,1
371,23,1,0
371,12,4,1
371,46,9,0
371,50,8,0
371,82,2,0
371,91,5,0
371,85,9,0
371,1,8,1
371,24,5,1
357,99,1,0
357,3,8,0
357,24,2,0
357,33,9,1
357,65,5,1
357,19,2,0
357,15,2,1
357,60,9,0
357,20,8,1
357,29,7,0
357,28,7,1
357,75,3,0
357,97,4,0
357,11,2,1
357,1,7,0
357,89,4,0
357,93,5,1
357,37,4,0
357,21,8,1
357,76,9,0
357,68,1,0
357,72,4,1
357,61,5,1
357,2,8,0
357,64,2,1
357,23,6,1
357,18,3,1
357,57,3,1
357,13,2,1
357,66,8,0
357,82,9,0
357,12,8,1
357,41,7,1
357,94,9,1
357,32,1,0
357,36,3,1
357,47,0,1
357,79,9,1
357,25,6,0
357,85,3,0
357,5,9,1
357,52,9,1
357,44,1,0
357,16,0,1
357,49,8,1
357,54,5,1
357,40,3,0
357,77,1,1
357,88,6,1
357,14,5,0
357,78,6,0
357,86,4,0
357,53,0,1
357,98,4,0
357,4,6,0
357,70,0,1
357,17,1,0
357,91,1,0
357,35,3,1
357,59,6,0
357,8,7,1
357,38,2,1
357,31,7,1
357,56,5,1
357,83,3,0
357,46,1,0
357,26,2,1
357,10,5,0
357,58,2,0
357,96,8,1
357,6,9,1
357,87,6,1
357,48,7,0
357,7,5,1
357,71,3,1
357,9,4,1
357,34,7,0
357,73,6,1
357,43,4,1
292,74,6,0
292,57,2,1
292,79,7,1
292,38,4,1
292,31,8,0
292,75,3,1
292,49,2,0
292,44,4,0
292,43,2,1
292,52,8,0
292,1,9,0
292,9,2,0
292,71,2,1
292,99,3,0
292,32,6,0
292,8,6,0
292,6,7,0
292,29,6,0
292,18,9,0
292,91,5,0
292,96,9,0
292,69,7,0
292,48,0,0
292,35,1,0
292,30,4,0
292,0,3,1
292,93,4,0
292,22,4,1
292,13,1,1
292,80,7,1
292,11,5,0
292,64,2,0
292,23,1,0
292,72,4,0
292,27,7,1
292,65,2,0
292,60,5,0
292,24,8,1
292,82,5,0
292,39,6,0
292,58,7,0
292,63,7,0
292,85,0,0
292,95,1,0
292,21,5,0
292,83,7,0
292,15,0,0
292,56,4,0
292,19,2,0
292,55,8,0
292,77,8,1
292,70,7,0
292,3,2,0
292,10,1,0
292,40,9,1
292,5,5,0
292,20,9,1
292,4,9,0
292,34,5,0
292,33,4,0
292,36,5,0
292,12,8,1
292,87,4,0
292,2,4,0
292,59,2,0
292,51,7,0
292,97,5,0
292,94,6,0
292,61,3,0
292,81,3,0
292,62,2,0
292,14,1,0
292,37,0,1
292,84,7,0
292,42,9,0
292,54,4,0
292,92,9,1
292,90,0,0
292,17,1,0
292,73,7,0
292,25,2,0
292,26,0,1
292,66,5,1
292,50,7,0
440,11,7,1
440,19,1,1
440,37,9,1
440,17,0,1
440,85,8,1
440,42,0,1
440,12,0,1
440,83,1,1
440,80,7,1
440,25,9,1
440,8,7,1
440,26,5,1
440,73,3,0
440,2,1,1
440,16,7,1
440,71,2,0
440,68,4,1
440,93,1,0
440,27,1,1
440,30,3,1
440,99,3,1
440,92,0,1
440,22,4,1
440,28,7,1
440,97,4,1
440,91,9,1
440,43,1,1
440,7,1,0
440,77,4,1
440,45,3,1
440,95,3,1
440,40,7,1
440,5,9,1
440,54,7,1
440,44,9,1
440,89,6,1
440,52,9,1
440,53,7,1
440,50,8,0
440,61,7,1
440,6,6,1
440,21,4,1
440,55,3,0
440,23,2,1
440,48,2,1
440,98,1,0
440,84,1,0
440,59,2,1
440,79,9,1
440,57,2,0
440,96,4,1
440,34,4,1
440,76,6,0
440,13,5,0
440,35,5,1
440,60,7,0
440,70,0,1
440,1,7,1
440,63,9,1
440,81,8,1
440,67,1,0
440,78,2,0
440,94,6,1
440,9,6,1
440,64,7,1
440,86,6,0
440,58,6,1
440,38,9,1
440,62,1,1
440,87,2,1
440,72,9,0
440,82,7,1
440,69,4,1
440,74,0,1
440,75,8,1
440,15,6,1
440,24,5,1
440,0,6,1
110,87,3,0
110,30,3,1
110,70,3,1
110,13,6,1
110,54,8,1
110,98,7,1
110,69,7,1
110,31,1,0
110,17,2,0
110,72,0,0
110,25,7,1
110,76,1,0
110,52,4,1
110,40,2,1
110,86,3,1
110,66,0,0
110,65,9,1
110,22,0,0
110,53,9,1
110,61,9,0
110,34,7,1
110,75,5,0
110,15,5,1
110,91,4,1
110,32,2,0
110,11,1,0
110,36,9,1
110,92,0,0
110,68,9,0
110,6,8,1
110,71,4,0
110,94,0,1
110,95,1,1
110,93,8,1
110,82,6,0
110,28,7,0
110,37,5,0
110,78,4,1
110,33,3,0
110,74,1,0
110,18,5,0
110,20,5,1
110,59,9,0
110,10,1,0
110,63,1,0
110,2,9,0
110,43,4,0
110,79,9,1
110,46,4,1
110,60,3,1
110,3,3,0
110,12,8,0
110,7,6,1
110,47,8,1
110,19,6,0
110,0,2,1
110,24,1,1
110,5,2,0
110,84,2,0
110,29,8,0
110,73,3,0
110,23,7,0
110,49,1,1
110,21,4,0
110,99,1,1
110,80,6,1
110,88,8,0
110,42,7,0
110,97,9,0
110,4,4,1
110,62,1,0
110,38,9,1
110,1,9,1
110,14,6,1
110,83,5,0
110,51,2,1
110,96,1,0
110,55,3,1
110,48,4,0
110,57,5,0
110,85,9,0
110,77,9,1
110,39,2,0
110,26,3,0
110,44,3,1
110,41,4,1
110,58,0,1
206,82,2,0
206,77,7,1
206,5,6,0
206,21,8,0
206,57,9,0
206,80,7,1
206,98,8,1
206,22,7,0
206,71,7,1
206,63,6,0
206,42,9,0
206,3,5,1
206,84,4,0
206,34,7,0
206,15,2,0
206,95,4,0
206,0,6,1
206,13,6,0
206,4,3,0
206,31,0,0
206,69,7,0
206,6,8,1
206,19,5,1
206,24,2,0
206,39,3,0
206,66,8,1
206,47,5,0
206,51,8,1
206,79,9,0
206,96,3,1
206,59,7,1
206,55,0,0
206,45,2,0
206,18,1,0
206,70,5,0
206,58,3,1
206,72,0,0
206,25,6,1
206,92,1,0
206,62,1,0
206,97,8,1
206,46,5,0
206,67,4,1
206,49,7,0
206,73,4,1
206,56,5,0
206,65,8,0
206,40,2,0
206,17,0,0
206,75,2,1
206,8,1,1
206,2,8,0
206,50,8,1
206,52,7,0
206,37,6,0
206,88,3,0
206,7,9,0
206,48,3,1
206,32,2,0
206,64,3,1
206,68,0,0
206,41,9,1
206,11,0,1
206,14,0,0
206,89,5,1
206,43,1,1
206,91,7,0
206,83,5,0
206,54,4,0
206,30,9,0
206,27,3,1
206,28,3,0
206,1,1,0
206,10,3,0
206,9,5,1
206,74,0,1
206,20,3,0
206,60,2,0
206,90,4,0
206,36,0,0
206,87,4,1
206,16,1,0
206,99,1,0
206,61,0,1
438,7,8,1
438,61,8,0
438,19,9,1
438,85,9,0
438,94,1,0
438,24,3,1
438,69,1,0
438,84,8,0
438,81,1,1
438,86,4,1
438,91,9,1
438,68,2,1
438,18,5,1
438,83,5,1
438,87,2,1
438,46,9,1
438,67,1,0
438,25,1,0
438,35,6,1
438,50,1,1
438,96,0,1
438,44,7,1
438,89,3,0
438,51,0,1
438,14,4,1
438,65,6,0
438,31,8,1
438,63,1,1
438,33,0,1
438,75,0,1
438,52,9,1
438,2,5,0
438,40,2,1
438,88,0,0
438,8,7,1
438,90,1,1
438,77,9,0
438,47,8,0
438,23,7,1
438,92,2,0
438,59,2,1
438,62,6,0
438,27,8,1
438,30,9,0
438,97,0,1
438,34,8,0
438,43,7,0
438,57,6,0
438,41,5,1
438,55,8,1
438,56,0,1
438,20,7,1
438,80,2,1
438,0,9,1
438,79,4,1
438,13,2,1
438,4,4,1
438,98,9,1
438,66,2,0
438,45,3,0
438,5,6,0
438,26,6,1
438,11,9,1
438,53,7,1
438,29,3,1
438,3,0,1
438,76,5,0
438,32,0,1
438,42,4,1
438,73,1,1
438,39,0,1
438,64,7,0
438,49,1,1
438,74,1,1
449,27,6,1
449,17,7,1
449,31,0,1
449,71,8,0
449,39,4,1
449,76,8,0
449,85,6,1
449,44,8,0
449,8,3,0
449,90,0,0
449,69,1,1
449,9,3,1
449,2,9,0
449,62,4,1
449,74,9,1
449,38,3,0
449,37,9,0
449,0,9,1
449,41,5,1
449,75,0,1
449,53,9,0
449,1,3,0
449,5,0,0
449,93,2,0
449,21,6,1
449,82,3,1
449,43,4,0
449,96,2,1
449,12,7,1
449,46,2,1
449,59,1,0
449,68,2,1
449,78,8,0
449,64,1,1
449,6,0,1
449,88,2,0
449,87,5,0
449,80,2,1
449,91,7,0
449,30,3,1
449,94,2,0
449,40,9,1
449,89,5,1
449,50,6,0
449,36,6,0
449,28,7,1
449,83,1,1
449,99,0,0
449,79,5,0
449,25,8,0
449,19,4,1
449,20,1,0
449,86,7,0
449,65,4,1
449,33,1,0
449,35,5,0
449,77,0,0
449,70,3,0
449,13,6,1
449,84,0,1
449,49,5,1
449,73,7,1
449,51,4,1
449,11,4,1
449,52,9,0
449,54,4,0
449,72,6,0
449,34,1,0
449,24,7,0
449,23,5,0
449,29,7,0
449,97,0,1
449,18,2,0
449,22,4,0
449,47,8,1
449,26,5,0
449,92,3,1
449,45,8,0
449,42,4,0
449,58,4,1
449,56,5,1
449,3,8,0
449,55,4,0
449,14,5,1
449,15,5,0
449,7,7,1
81,35,9,0
81,71,7,1
81,56,1,1
81,5,4,1
81,70,8,1
81,69,3,0
81,19,1,0
81,57,0,1
81,85,7,1
81,32,2,1
81,21,2,0
81,68,6,1
81,92,9,0
81,65,7,1
81,34,3,0
81,24,6,0
81,16,1,1
81,46,2,0
81,98,7,1
81,40,4,1
81,42,1,1
81,2,9,1
81,11,9,1
81,37,7,1
81,60,9,1
81,80,0,1
81,64,0,1
81,43,3,1
81,83,6,1
81,44,8,0
81,31,9,1
81,66,9,1
81,38,0,1
81,76,0,1
81,1,1,1
81,6,3,1
81,97,7,0
81,74,4,1
81,59,1,0
81,22,5,0
81,29,8,1
81,77,9,1
81,23,4,1
81,33,7,0
81,82,9,1
81,47,6,0
81,4,5,1
81,58,1,0
81,91,0,1
81,73,6,0
81,79,2,1
81,67,5,0
81,9,1,0
81,52,5,1
81,61,5,0
81,88,7,1
81,78,3,0
81,36,8,1
81,89,4,0
81,13,6,0
81,75,3,0
81,15,5,1
81,90,7,1
81,96,2,1
81,86,9,0
81,72,8,0
81,94,1,0
81,51,9,0
81,25,8,1
81,10,8,0
81,55,1,1
81,93,3,1
81,30,7,0
81,41,7,0
81,3,1,1
81,50,8,1
81,62,4,0
81,18,9,1
81,39,7,0
81,87,0,0
81,7,2,1
412,40,9,1
412,0,6,1
412,67,9,1
412,80,1,1
412,62,8,1
412,61,6,1
412,76,3,0
412,45,2,0
412,37,0,1
412,92,7,1
412,75,1,1
412,31,8,1
412,25,8,1
412,35,3,1
412,64,9,1
412,39,7,1
412,50,7,1
412,47,3,1
412,91,1,1
412,95,5,1
412,49,3,1
412,53,7,1
412,90,7,1
412,69,0,1
412,52,1,0
412,28,5,0
412,81,9,1
412,18,7,0
412,19,6,0
412,87,2,1
412,71,6,1
412,8,9,1
412,30,3,1
412,85,8,1
412,38,8,1
412,9,9,1
412,20,4,1
412,97,0,1
412,5,2,0
412,34,8,1
412,66,0,1
412,17,6,1
412,36,0,1
412,86,2,1
412,15,4,0
412,58,2,1
412,7,4,1
412,3,1,1
412,74,4,1
412,24,8,0
412,48,7,1
412,99,7,1
412,88,7,1
412,68,8,1
412,78,8,1
412,14,9,0
412,54,8,1
412,73,5,0
412,60,9,0
412,4,5,0
412,96,9,1
412,21,5,0
412,72,6,0
412,79,1,1
412,84,0,1
412,23,2,0
412,12,7,1
412,33,7,1
412,77,4,1
412,46,5,1
412,42,6,0
412,98,1,0
412,22,3,1
412,41,7,0
412,93,0,1
412,55,7,1
412,6,7,1
412,10,0,1
121,7,4,1
121,37,9,1
121,35,6,1
121,55,0,1
121,86,7,1
121,76,9,1
121,29,1,0
121,2,1,0
121,19,3,1
121,9,8,1
121,90,8,1
121,93,8,0
121,87,6,1
121,12,0,0
121,4,5,0
121,83,5,0
121,98,0,1
121,79,5,0
121,85,0,0
121,17,5,1
121,38,4,0
121,45,8,1
121,0,1,0
121,32,6,1
121,52,9,0
121,60,0,1
121,18,8,0
121,47,5,1
121,44,7,1
121,34,5,1
121,64,6,0
121,59,5,1
121,73,3,1
121,84,4,1
121,24,0,1
121,82,4,1
121,65,8,1
121,51,5,0
121,89,8,1
121,43,2,1
121,22,5,1
121,66,2,1
121,30,5,1
121,50,9,1
121,99,5,1
121,26,8,0
121,78,2,0
121,72,3,0
121,21,5,1
121,61,4,1
121,63,8,1
121,91,3,1
121,68,1,1
121,40,3,0
121,14,8,0
121,80,0,1
121,13,4,0
121,96,5,0
121,31,6,1
121,10,1,0
121,6,8,0
121,28,9,1
121,53,6,1
121,11,6,1
121,3,0,1
121,71,7,1
121,62,7,0
121,39,9,0
121,15,1,0
121,77,0,0
121,81,3,0
121,16,2,1
121,54,4,1
121,94,0,1
121,57,7,1
121,23,4,1
121,46,4,1
419,27,6,0
419,61,9,1
419,10,8,0
419,66,2,0
419,34,3,0
419,9,0,1
419,83,0,0
419,41,1,1
419,56,3,0
419,32,2,0
419,97,0,0
419,29,6,0
419,90,3,0
419,35,4,0
419,95,7,1
419,44,9,1
419,84,1,0
419,81,7,1
419,20,8,0
419,40,9,0
419,80,4,1
419,6,1,0
419,50,5,0
419,98,1,1
419,51,8,0
419,79,2,0
419,8,6,1
419,71,0,0
419,58,7,1
419,38,3,0
419,65,9,0
419,31,1,0
419,77,9,0
419,21,3,0
419,68,4,0
419,78,3,0
419,57,3,0
419,5,4,1
419,96,9,0
419,26,1,0
419,82,7,0
419,52,0,1
419,86,0,0
419,87,2,1
419,89,8,0
419,74,4,1
419,25,3,0
419,46,5,0
419,14,1,0
419,76,0,1
419,54,3,0
419,13,0,0
419,91,8,0
419,48,0,0
419,73,4,1
419,69,5,0
419,42,6,0
419,4,6,0
419,36,8,0
419,22,1,0
419,43,5,0
419,85,5,0
419,64,2,0
419,60,2,0
419,28,2,1
419,30,0,0
419,39,5,1
419,72,2,0
419,94,5,0
419,2,3,1
419,49,8,0
419,1,0,0
419,33,3,1
419,63,1,0
419,93,9,0
419,47,8,0
419,16,1,0
419,88,7,0
419,0,0,0
419,53,2,0
215,62,4,0
215,24,5,1
215,30,1,1
215,11,0,0
215,9,6,0
215,39,5,1
215,99,1,1
215,78,8,0
215,72,5,0
215,31,3,1
215,60,5,1
215,3,7,0
215,80,3,0
215,74,8,1
215,73,4,1
215,20,3,1
215,77,0,0
215,26,0,1
215,91,6,1
215,36,8,0
215,70,9,1
215,41,9,0
215,33,6,0
215,76,1,1
215,61,7,1
215,81,4,0
215,68,1,0
215,71,6,1
215,82,1,1
215,12,7,1
215,37,9,1
215,83,6,0
215,16,7,1
215,6,5,0
215,25,0,1
215,27,9,1
215,51,7,0
215,43,2,0
215,97,0,1
215,84,1,0
215,7,8,0
215,32,2,0
215,21,9,0
215,93,6,1
215,48,3,1
215,15,7,0
215,50,8,1
215,53,9,0
215,85,6,1
215,59,2,0
215,45,7,1
215,92,5,0
215,44,2,0
215,86,0,0
215,4,8,1
215,14,4,0
215,8,7,1
215,42,2,0
215,90,3,0
215,47,5,0
215,46,0,0
215,1,3,1
215,63,5,0
215,19,9,1
215,2,4,1
215,65,4,1
215,54,5,0
215,57,8,0
215,96,3,0
215,75,9,0
215,89,4,0
215,69,4,0
215,34,0,0
215,0,8,0
215,28,0,1
215,22,7,1
215,67,3,1
215,87,4,1
215,79,8,0
215,64,7,0
215,10,9,0
215,23,4,0
215,18,7,0
215,55,9,1
5,6,0,1
5,64,3,1
5,79,4,0
5,28,5,0
5,42,2,0
5,51,1,1
5,94,7,1
5,68,7,0
5,98,6,0
5,58,2,0
5,89,8,0
5,13,6,1
5,84,5,1
5,81,5,1
5,11,4,0
5,75,2,0
5,31,5,1
5,37,2,1
5,99,6,0
5,22,7,0
5,38,0,1
5,61,3,1
5,14,9,1
5,25,5,1
5,34,2,0
5,9,3,1
5,85,2,0
5,5,2,1
5,46,4,1
5,78,6,1
5,72,2,1
5,52,9,0
5,39,1,1
5,80,5,0
5,77,4,0
5,56,2,1
5,7,4,0
5,50,9,1
5,47,9,0
5,44,2,0
5,10,3,1
5,49,5,0
5,18,5,1
5,30,0,0
5,66,0,1
5,88,2,0
5,45,9,1
5,12,5,1
5,67,9,0
5,83,7,0
5,3,0,1
5,62,4,0
5,87,8,0
5,29,0,1
5,48,8,1
5,24,7,1
5,65,5,1
5,57,6,0
5,1,1,0
5,32,8,0
5,16,5,1
5,71,9,0
5,2,1,0
5,59,8,1
5,43,1,0
5,69,6,1
5,4,5,0
5,95,0,1
5,55,3,0
5,8,3,0
5,17,7,1
5,19,4,0
5,40,2,0
5,93,3,1
5,33,8,0
5,97,3,0
5,60,9,1
5,63,6,0
5,26,4,1
5,23,2,1
5,73,1,0
356,30,4,1
356,19,7,1
356,89,7,0
356,35,3,0
356,79,2,0
356,37,0,1
356,49,9,0
356,98,8,1
356,93,0,1
356,69,4,1
356,17,8,1
356,59,8,1
356,22,0,0
356,88,4,0
356,57,8,0
356,14,5,0
356,55,3,1
356,25,0,1
356,77,3,1
356,47,3,0
356,33,4,0
356,53,3,0
356,26,4,0
356,16,5,0
356,32,7,0
356,58,5,1
356,1,2,0
356,87,2,1
356,76,8,1
356,46,6,1
356,20,3,0
356,24,0,1
356,83,2,0
356,36,2,1
356,78,7,0
356,21,0,0
356,23,1,1
356,4,2,1
356,0,6,0
356,62,9,1
356,12,5,1
356,86,2,0
356,73,5,1
356,85,1,0
356,44,8,1
356,97,9,1
356,13,3,1
356,84,3,0
356,99,2,0
356,50,1,1
356,94,4,1
356,74,5,1
356,65,8,0
356,90,2,1
356,2,3,1
356,18,3,1
356,7,7,1
356,66,9,0
356,40,6,1
356,71,5,1
356,43,0,1
356,6,1,0
356,31,2,1
356,72,2,1
356,5,2,0
356,11,7,0
356,54,3,1
356,45,6,0
356,3,9,0
356,60,8,0
356,41,7,0
356,95,0,0
356,52,5,1
356,75,7,1
356,28,0,0
356,68,1,1
356,8,0,1
356,10,9,0
356,56,3,1
356,51,9,1
356,34,6,1
356,92,8,0
233,81,8,0
233,76,7,1
233,72,3,1
233,59,9,1
233,36,2,1
233,55,9,1
233,17,1,1
233,52,4,0
233,91,0,1
233,49,4,1
233,8,4,1
233,95,2,1
233,0,9,0
233,45,6,1
233,9,0,0
233,34,8,0
233,69,5,1
233,66,1,0
233,80,9,1
233,32,7,1
233,21,1,0
233,88,4,1
233,99,2,0
233,98,3,0
233,38,7,1
233,75,9,0
233,7,2,1
233,6,2,0
233,43,8,0
233,35,0,1
233,51,3,1
233,79,9,1
233,53,2,0
233,71,0,0
233,92,8,0
233,67,1,1
233,57,1,1
233,37,0,1
233,41,8,1
233,29,4,0
233,4,3,0
233,96,1,0
233,73,2,1
233,47,6,1
233,89,7,1
233,44,0,1
233,85,9,0
233,31,4,0
233,12,7,1
233,61,6,0
233,42,2,0
233,46,5,0
233,74,0,0
233,97,7,0
233,33,0,1
233,39,4,1
233,68,3,1
233,19,6,1
233,54,4,0
233,62,1,1
233,28,8,1
233,82,2,1
233,30,3,0
233,86,9,1
233,24,3,1
233,10,2,0
233,20,8,0
233,27,0,0
233,65,0,1
233,87,8,0
233,70,1,0
233,63,2,0
233,77,0,1
233,14,7,0
233,64,9,1
233,2,7,1
300,92,5,1
300,97,9,1
300,40,9,1
300,74,1,0
300,2,7,1
300,28,5,1
300,84,0,1
300,16,4,1
300,73,5,1
300,17,7,1
300,21,2,0
300,59,9,1
300,38,9,1
300,43,7,0
300,54,4,1
300,6,6,1
300,82,1,1
300,22,3,1
300,14,5,1
300,10,5,0
300,47,0,1
300,65,8,1
300,79,0,1
300,90,6,0
300,48,9,1
300,96,7,1
300,27,7,1
300,3,5,1
300,35,4,0
300,70,9,1
300,29,7,1
300,66,9,1
300,60,8,1
300,8,4,1
300,81,5,1
300,52,7,1
300,57,3,1
300,89,3,1
300,32,5,1
300,39,2,0
300,0,4,1
300,83,7,1
300,75,6,1
300,58,0,1
300,44,7,1
300,7,5,0
300,24,1,1
300,61,7,1
300,51,2,1
300,55,9,1
300,87,3,1
300,95,7,1
300,15,2,1
300,26,6,1
300,12,8,1
300,80,7,1
300,36,4,1
300,46,1,1
300,30,5,1
300,99,3,1
300,18,8,1
300,41,9,1
300,23,3,1
300,94,9,1
300,20,9,1
300,71,2,0
300,68,4,1
300,56,8,1
300,86,1,0
300,91,6,1
300,67,6,1
300,5,1,1
300,62,4,1
300,9,7,1
300,50,7,0
300,88,1,1
300,93,6,1
300,98,4,1
300,69,0,1
300,45,5,1
300,11,8,1
300,34,4,1
300,13,9,1
300,42,2,0
300,85,8,1
105,79,5,1
105,70,4,1
105,60,1,1
105,89,6,1
105,84,6,1
105,12,0,1
105,0,3,1
105,16,5,1
105,32,7,1
105,34,4,1
105,19,2,0
105,85,7,1
105,74,4,1
105,83,6,1
105,52,8,1
105,35,1,1
105,33,2,1
105,47,5,1
105,58,3,0
105,88,7,1
105,2,1,1
105,65,8,1
105,80,5,0
105,17,5,0
105,48,5,1
105,38,1,0
105,76,1,1
105,87,5,1
105,92,8,1
105,95,0,1
105,46,8,1
105,94,2,1
105,1,5,0
105,68,1,1
105,23,9,1
105,75,0,1
105,78,0,1
105,44,3,1
105,64,6,1
105,26,8,1
105,7,3,1
105,50,5,1
105,30,2,0
105,67,3,1
105,53,3,0
105,55,0,1
105,66,9,1
105,24,5,1
105,56,6,1
105,4,4,1
105,98,3,1
105,9,2,1
105,82,0,1
105,15,5,1
105,43,5,1
105,93,0,1
105,13,3,0
105,3,0,1
105,59,7,1
105,41,3,1
105,36,7,0
105,91,4,1
105,97,0,1
105,5,7,0
105,31,0,1
105,54,3,1
105,61,9,1
105,10,0,1
105,49,3,0
105,90,1,1
105,37,5,1
105,40,8,0
105,14,6,0
105,45,6,1
105,81,4,1
105,99,3,0
105,51,8,1
105,25,7,1
105,71,1,0
105,96,7,0
105,21,3,1
105,22,4,1
105,20,7,1
105,8,8,1
105,63,3,1
105,72,1,0
105,73,1,1
105,29,5,1
105,39,3,0
299,50,3,1
299,47,7,0
299,15,0,1
299,14,2,0
299,93,4,1
299,3,9,1
299,11,9,1
299,41,2,1
299,73,6,1
299,83,0,1
299,77,2,1
299,68,6,1
299,5,5,1
299,17,9,0
299,27,3,0
299,38,7,1
299,6,3,0
299,30,4,1
299,44,0,1
299,39,6,1
299,69,0,1
299,66,2,0
299,48,6,1
299,63,9,1
299,16,3,0
299,32,8,0
299,65,9,0
299,34,1,1
299,52,2,0
299,60,2,0
299,56,7,1
299,84,3,0
299,78,8,1
299,23,4,1
299,80,4,1
299,13,8,1
299,59,0,0
299,28,4,1
299,97,6,1
299,37,8,0
299,12,8,1
299,70,5,1
299,57,4,1
299,31,2,1
299,75,4,1
299,85,0,1
299,71,4,0
299,98,1,1
299,35,6,1
299,49,4,1
299,45,9,1
299,53,2,1
299,87,3,1
299,99,2,1
299,89,6,1
299,19,6,1
299,36,7,0
299,43,0,1
299,24,9,0
299,55,8,0
299,81,4,1
299,92,8,1
299,21,3,0
299,62,9,1
299,8,8,1
299,76,7,0
299,26,6,1
299,2,9,1
299,95,5,1
299,42,6,1
299,0,2,1
299,72,5,1
299,22,1,1
299,1,0,1
299,33,2,0
299,9,1,0
299,20,4,1
299,96,9,1
184,32,1,0
184,9,2,0
184,83,7,0
184,24,2,0
184,57,6,0
184,34,0,0
184,17,0,0
184,38,9,0
184,67,1,0
184,22,2,0
184,18,9,0
184,13,9,1
184,64,6,0
184,11,7,0
184,97,6,0
184,78,1,0
184,99,4,0
184,94,7,0
184,21,9,0
184,16,0,0
184,72,5,1
184,15,5,0
184,60,3,0
184,10,5,1
184,25,6,1
184,30,3,1
184,31,6,0
184,27,3,0
184,45,3,0
184,20,4,1
184,28,8,0
184,90,8,0
184,58,0,0
184,89,1,0
184,5,6,1
184,68,8,0
184,55,0,0
184,77,4,0
184,62,0,1
184,51,4,0
184,87,1,0
184,88,2,1
184,73,1,0
184,2,7,0
184,80,2,0
184,39,3,1
184,23,3,1
184,44,1,1
184,69,4,1
184,19,5,0
184,65,7,0
184,37,3,0
184,7,0,0
184,74,6,0
184,14,2,0
184,47,4,0
184,79,2,0
184,63,3,0
184,35,1,0
184,12,2,0
184,3,0,0
184,48,2,0
184,61,1,0
184,86,9,1
184,50,2,0
184,91,2,1
184,1,6,0
184,8,9,1
184,95,1,0
184,41,1,0
184,0,5,1
184,70,0,0
184,71,2,0
184,82,6,1
184,29,3,1
184,81,4,0
184,93,3,0
184,40,6,0
184,98,8,1
89,23,5,1
89,39,4,1
89,9,6,1
89,17,8,1
89,49,7,1
89,36,3,1
89,27,2,1
89,19,5,1
89,37,7,1
89,58,9,1
89,82,9,0
89,12,5,0
89,7,3,1
89,96,7,1
89,1,0,1
89,73,3,1
89,97,0,1
89,93,0,1
89,54,5,1
89,62,5,1
89,52,4,1
89,72,4,1
89,8,0,1
89,67,6,1
89,29,2,1
89,53,2,1
89,79,3,1
89,95,3,1
89,57,1,1
89,20,4,1
89,59,9,1
89,61,7,1
89,10,4,1
89,74,9,1
89,85,9,1
89,88,5,1
89,16,4,1
89,70,4,1
89,13,3,0
89,5,2,1
89,98,4,1
89,15,3,1
89,75,1,0
89,99,2,1
89,26,3,1
89,71,0,1
89,46,5,1
89,81,7,0
89,65,3,0
89,94,5,1
89,2,9,1
89,50,3,1
89,34,8,0
89,90,3,1
89,33,7,0
89,30,7,1
89,63,6,1
89,45,8,0
89,14,6,1
89,40,2,1
89,43,0,1
89,0,4,1
89,92,0,1
89,24,9,1
89,44,2,0
89,22,9,1
89,21,8,1
89,89,7,1
89,6,7,0
89,76,7,1
89,56,6,1
89,77,4,0
89,32,1,1
89,84,0,1
89,51,3,0
89,83,5,1
89,11,7,0
89,86,8,1
89,4,8,1
89,3,3,0
89,35,8,0
89,91,5,1
118,83,9,1
118,30,6,0
118,13,0,0
118,41,6,0
118,87,8,0
118,88,9,0
118,36,2,1
118,81,2,0
118,17,2,0
118,49,0,0
118,34,8,0
118,59,6,0
118,68,7,0
118,5,3,0
118,51,2,0
118,92,5,0
118,1,9,0
118,80,3,0
118,84,9,0
118,72,1,0
118,77,5,1
118,90,0,1
118,74,1,0
118,78,9,0
118,96,2,0
118,99,4,1
118,21,0,0
118,2,9,0
118,42,6,1
118,58,6,0
118,0,6,1
118,46,5,0
118,19,9,1
118,31,8,0
118,97,8,1
118,3,5,1
118,43,7,0
118,48,2,0
118,54,2,0
118,4,2,1
118,89,4,0
118,32,4,1
118,60,1,1
118,35,0,0
118,55,4,0
118,94,4,0
118,39,2,0
118,62,4,0
118,57,6,1
118,86,5,0
118,40,0,0
118,20,8,0
118,8,6,1
118,6,7,0
118,73,8,0
118,63,8,0
118,11,1,1
118,22,1,0
118,61,4,0
118,33,1,0
118,52,7,1
118,47,7,1
118,26,7,0
118,15,2,0
118,45,6,0
118,82,0,1
118,24,1,0
118,69,9,0
118,85,3,1
118,98,9,0
118,9,1,0
118,28,3,0
118,66,9,0
118,44,1,0
118,79,2,1
118,12,8,0
118,64,0,0
118,75,2,1
118,95,1,1
413,47,0,1
413,85,3,0
413,14,4,1
413,56,4,1
413,19,6,1
413,84,3,1
413,41,8,0
413,6,9,0
413,64,3,0
413,4,2,1
413,51,0,1
413,43,1,0
413,96,7,0
413,31,0,0
413,73,6,1
413,92,3,1
413,75,7,1
413,36,9,1
413,26,1,1
413,82,2,0
413,15,2,1
413,27,1,0
413,30,1,0
413,54,1,0
413,53,5,1
413,20,5,1
413,32,6,1
413,21,0,1
413,0,9,1
413,61,9,1
413,49,7,0
413,45,2,0
413,83,1,1
413,34,8,1
413,5,2,0
413,11,1,1
413,60,9,0
413,58,9,1
413,29,5,1
413,94,0,1
413,39,7,0
413,79,0,0
413,25,2,0
413,23,6,1
413,42,9,1
413,76,9,1
413,33,2,0
413,46,5,1
413,22,4,0
413,2,2,0
413,35,4,1
413,40,8,1
413,77,8,0
413,98,6,1
413,48,1,0
413,74,2,1
413,38,3,0
413,28,3,0
413,99,7,0
413,89,3,1
413,97,5,1
413,93,2,1
413,70,3,1
413,59,0,1
413,57,6,1
413,87,6,1
413,8,6,1
413,78,3,1
413,12,9,0
413,55,0,1
413,18,1,0
413,13,5,0
413,24,9,0
413,3,8,0
413,90,9,1
413,71,7,1
413,80,2,0
413,65,4,1
413,72,3,0
413,37,2,1
229,99,6,1
229,48,7,0
229,53,7,1
229,78,2,0
229,51,8,0
229,77,9,0
229,83,6,1
229,66,6,1
229,65,9,1
229,73,1,0
229,79,4,0
229,74,7,1
229,4,6,1
229,31,7,0
229,63,8,1
229,59,3,1
229,52,8,0
229,57,7,0
229,80,6,1
229,71,1,1
229,5,4,1
229,33,3,1
229,85,8,1
229,58,3,1
229,14,6,1
229,37,6,1
229,88,7,1
229,27,6,1
229,22,1,0
229,24,8,0
229,82,1,1
229,44,8,1
229,94,3,0
229,81,2,1
229,56,5,0
229,90,9,1
229,42,7,0
229,12,5,1
229,10,2,1
229,21,6,1
229,17,7,1
229,87,7,1
229,76,7,1
229,8,9,0
229,25,3,1
229,16,8,1
229,92,0,0
229,54,5,1
229,0,7,1
229,29,5,1
229,55,5,1
229,61,3,1
229,11,3,0
229,91,4,0
229,68,4,1
229,39,5,1
229,38,0,1
229,43,9,0
229,86,4,1
229,50,9,1
229,97,9,1
229,20,6,1
229,18,0,1
229,45,0,1
229,41,2,0
229,26,1,1
229,69,6,1
229,40,5,1
229,49,6,1
229,89,2,1
229,32,7,1
229,96,4,0
229,72,6,0
229,60,4,1
229,13,9,0
229,30,3,1
229,6,2,1
229,47,4,1
229,28,9,1
229,46,1,1
229,23,2,0
229,95,1,1
229,67,3,0
229,2,2,1
463,20,5,1
463,0,8,0
463,29,5,1
463,1,5,1
463,43,5,1
463,69,8,1
463,39,0,1
463,55,0,1
463,4,7,1
463,98,7,1
463,67,1,1
463,15,0,1
463,99,3,1
463,36,7,1
463,10,9,1
463,96,8,1
463,7,0,1
463,87,5,1
463,27,8,1
463,44,5,1
463,51,0,1
463,60,0,1
463,75,3,0
463,16,8,1
463,31,5,1
463,6,5,1
463,53,7,0
463,79,9,1
463,11,2,1
463,46,7,1
463,65,0,1
463,41,1,0
463,17,7,1
463,21,5,1
463,83,3,0
463,18,6,1
463,81,3,1
463,33,4,1
463,63,0,1
463,45,3,1
463,19,2,1
463,74,3,1
463,47,1,0
463,95,5,0
463,40,5,1
463,97,9,0
463,88,4,1
463,5,0,1
463,30,2,0
463,89,7,1
463,12,9,1
463,52,3,1
463,78,1,1
463,70,5,1
463,59,3,1
463,77,9,1
463,62,3,1
463,58,7,1
463,37,3,1
463,22,2,1
463,34,1,1
463,49,0,1
463,73,5,1
463,42,2,0
463,61,7,0
463,48,1,1
463,56,0,1
463,64,9,0
463,23,2,1
463,91,0,1
463,8,3,1
463,72,0,1
463,14,6,0
463,25,0,1
463,71,4,1
135,5,5,0
135,88,0,1
135,27,3,0
135,9,0,1
135,12,0,1
135,97,0,1
135,55,5,1
135,85,6,1
135,56,5,1
135,76,0,1
135,32,5,1
135,10,9,1
135,58,9,1
135,16,9,1
135,44,6,1
135,29,6,1
135,22,4,1
135,34,5,1
135,17,3,0
135,26,7,1
135,77,9,1
135,19,8,0
135,51,8,1
135,86,2,0
135,61,1,1
135,71,3,1
135,45,4,1
135,87,5,1
135,74,7,1
135,52,8,0
135,84,1,1
135,49,9,1
135,21,8,1
135,54,7,1
135,57,4,1
135,94,4,1
135,82,5,1
135,24,2,1
135,78,7,1
135,72,7,0
135,47,9,1
135,38,0,1
135,35,0,1
135,37,8,1
135,96,1,1
135,80,2,1
135,0,0,1
135,66,7,1
135,46,6,1
135,41,3,1
135,30,6,1
135,4,4,0
135,48,6,1
135,93,5,0
135,43,1,0
135,31,2,0
135,73,1,0
135,6,9,1
135,28,0,1
135,67,3,1
135,13,7,1
135,63,9,1
135,7,8,1
135,40,0,1
135,91,9,1
135,59,8,0
135,23,1,1
135,75,3,0
135,3,7,1
135,15,6,1
135,95,1,1
135,50,2,1
135,99,4,0
135,2,3,1
135,81,3,1
135,64,7,1
135,60,2,1
135,14,6,0
135,8,7,1
135,53,9,1
135,98,0,1
135,39,6,1
135,68,6,1
353,37,8,0
353,53,1,0
353,13,3,0
353,86,5,0
353,11,2,0
353,30,1,0
353,12,0,0
353,90,5,0
353,52,2,1
353,85,1,0
353,96,9,1
353,66,5,1
353,27,0,0
353,39,7,1
353,41,5,0
353,60,3,1
353,70,6,1
353,57,1,0
353,16,9,0
353,98,3,0
353,91,9,0
353,14,1,1
353,50,0,1
353,65,9,0
353,4,1,0
353,8,6,1
353,20,8,0
353,94,0,1
353,6,3,1
353,72,6,1
353,10,9,1
353,0,1,0
353,97,4,0
353,47,8,0
353,29,2,0
353,99,2,0
353,89,4,1
353,84,5,1
353,69,9,1
353,34,0,0
353,28,1,0
353,64,7,1
353,82,3,0
353,43,7,0
353,68,9,1
353,44,8,1
353,46,9,0
353,93,4,1
353,56,6,1
353,76,0,0
353,92,8,0
353,26,3,0
353,32,9,0
353,95,7,0
353,62,9,1
353,77,6,0
353,42,1,0
353,22,3,1
353,33,8,0
353,83,9,0
353,81,7,1
353,79,3,0
353,58,1,0
353,38,3,1
353,35,9,0
353,31,8,1
353,59,7,1
353,63,7,0
353,19,3,0
353,15,6,0
353,74,3,0
353,87,3,0
353,48,9,0
353,5,3,0
353,7,2,0
353,51,2,1
353,45,5,0
353,54,9,0
353,80,1,0
353,71,0,1
353,2,0,1
353,40,8,0
314,45,3,0
314,21,3,0
314,71,1,1
314,15,4,1
314,11,9,1
314,81,7,1
314,9,5,0
314,55,9,1
314,68,6,1
314,3,3,1
314,48,8,1
314,75,9,1
314,53,9,1
314,98,2,0
314,66,0,1
314,32,9,1
314,60,6,1
314,87,6,1
314,86,8,1
314,24,4,1
314,94,6,0
314,1,6,1
314,84,5,1
314,90,8,1
314,93,1,1
314,80,9,1
314,2,7,1
314,20,5,0
314,76,5,0
314,83,1,1
314,77,5,1
314,51,2,1
314,72,8,1
314,59,5,0
314,30,9,1
314,39,1,0
314,96,1,1
314,29,5,1
314,88,9,0
314,46,3,1
314,63,7,1
314,35,6,0
314,38,3,1
314,4,1,1
314,12,1,0
314,13,5,1
314,62,7,0
314,43,6,1
314,56,3,1
314,28,9,1
314,97,0,1
314,19,2,1
314,14,7,1
314,57,9,1
314,91,6,1
314,89,2,0
314,16,8,0
314,58,6,1
314,17,4,1
314,26,6,1
314,25,9,1
314,33,4,1
314,23,9,1
314,8,9,1
314,18,8,1
314,69,2,1
314,49,6,1
314,0,9,1
314,79,1,0
314,41,8,1
314,85,4,0
314,27,4,1
314,37,4,1
314,54,2,1
314,40,4,1
314,44,1,1
314,6,9,1
314,34,9,1
314,52,4,1
314,42,6,1
36,44,7,0
36,17,1,0
36,68,2,0
36,55,7,0
36,10,0,1
36,96,3,0
36,28,5,1
36,8,6,0
36,97,4,1
36,12,3,1
36,74,9,1
36,59,7,1
36,78,3,0
36,21,7,0
36,32,3,0
36,53,6,1
36,50,7,0
36,57,0,1
36,92,4,0
36,82,9,1
36,22,8,1
36,3,8,1
36,27,8,1
36,35,5,1
36,89,3,0
36,33,3,1
36,1,2,1
36,25,8,0
36,85,9,0
36,70,4,1
36,26,8,1
36,24,4,1
36,95,8,1
36,16,8,0
36,19,3,1
36,20,0,0
36,5,1,1
36,64,1,1
36,30,8,0
36,56,3,1
36,66,0,1
36,65,9,1
36,72,6,1
36,38,8,1
36,58,0,1
36,11,3,1
36,90,2,0
36,93,5,1
36,2,4,0
36,76,4,1
36,4,4,1
36,37,3,1
36,48,6,1
36,43,0,1
36,39,9,1
36,36,9,1
36,7,4,0
36,46,6,0
36,49,0,1
36,62,9,1
36,88,0,0
36,45,6,0
36,80,4,1
36,63,2,0
36,99,0,1
36,18,1,0
36,0,1,1
36,67,5,1
36,31,9,1
36,77,3,1
36,14,4,1
36,81,8,1
36,79,6,0
36,40,0,1
36,29,7,1
36,15,9,0
36,61,4,0
469,5,4,0
469,82,0,1
469,0,7,1
469,44,3,0
469,12,1,0
469,7,4,0
469,18,5,0
469,74,6,0
469,70,9,0
469,22,1,1
469,93,9,0
469,86,8,0
469,81,9,0
469,15,3,1
469,60,5,1
469,68,4,0
469,73,6,1
469,94,0,0
469,42,2,0
469,72,5,0
469,88,5,1
469,39,2,0
469,75,6,1
469,13,9,0
469,33,6,1
469,23,5,1
469,25,3,1
469,99,6,1
469,26,6,1
469,54,2,1
469,92,3,1
469,31,6,0
469,96,2,0
469,32,8,1
469,43,7,1
469,27,9,0
469,11,1,0
469,97,8,0
469,52,3,0
469,35,7,0
469,4,4,1
469,51,5,1
469,37,9,0
469,34,8,0
469,78,9,0
469,55,3,0
469,6,9,1
469,62,1,0
469,16,6,0
469,84,5,0
469,64,8,0
469,89,9,1
469,76,0,1
469,83,4,1
469,9,9,1
469,8,1,1
469,28,6,1
469,2,3,0
469,40,8,0
469,29,0,1
469,58,0,0
469,80,8,0
469,24,6,1
469,46,4,1
469,49,1,1
469,47,9,1
469,30,9,1
469,57,6,0
469,56,5,0
469,45,4,1
469,87,9,0
469,41,8,0
469,85,1,0
469,14,6,1
216,41,5,1
216,97,0,1
216,92,4,1
216,88,3,0
216,76,8,1
216,43,0,1
216,4,9,1
216,38,5,1
216,7,1,1
216,9,6,1
216,3,0,1
216,2,7,1
216,60,6,1
216,52,6,0
216,58,6,1
216,98,6,1
216,72,3,1
216,82,8,0
216,79,8,1
216,46,5,0
216,30,6,1
216,26,8,0
216,67,1,0
216,34,2,0
216,48,3,0
216,37,1,1
216,65,7,1
216,95,1,1
216,44,7,0
216,29,5,1
216,55,0,1
216,93,0,1
216,89,2,1
216,80,0,1
216,31,4,1
216,39,1,1
216,61,7,1
216,10,8,1
216,59,9,0
216,11,7,1
216,83,4,0
216,18,2,0
216,75,3,1
216,94,3,0
216,78,2,0
216,0,2,1
216,90,3,1
216,70,9,1
216,63,0,1
216,14,4,1
216,25,9,1
216,73,9,1
216,15,7,1
216,13,1,1
216,85,9,0
216,20,9,1
216,47,6,0
216,62,4,1
216,36,5,0
216,22,9,1
216,24,1,0
216,19,3,1
216,35,5,1
216,87,8,1
216,64,0,1
216,74,2,0
216,27,1,1
216,32,4,1
216,57,9,1
216,86,9,1
216,8,3,1
216,53,0,0
216,81,0,1
216,28,8,1
216,69,3,0
216,49,6,1
234,82,1,0
234,85,5,1
234,90,4,1
234,73,1,1
234,8,4,1
234,69,8,0
234,56,1,1
234,14,4,1
234,67,3,1
234,75,6,1
234,49,1,1
234,91,7,1
234,76,5,1
234,25,8,1
234,64,3,1
234,59,4,1
234,35,4,1
234,27,3,1
234,54,4,1
234,0,5,1
234,32,9,1
234,28,0,1
234,18,5,1
234,78,0,1
234,15,2,0
234,33,0,1
234,37,7,1
234,53,6,1
234,50,7,1
234,94,3,1
234,5,2,1
234,96,8,1
234,29,3,1
234,52,7,1
234,20,2,1
234,41,3,1
234,11,9,1
234,63,3,1
234,48,7,1
234,72,8,1
234,81,8,1
234,65,5,1
234,34,1,1
234,84,3,0
234,60,6,1
234,93,9,1
234,17,6,0
234,26,0,1
234,39,2,0
234,19,4,1
234,4,9,1
234,80,0,1
234,71,1,1
234,74,7,0
234,97,6,1
234,12,0,1
234,88,3,0
234,42,3,1
234,36,2,0
234,43,4,1
234,45,1,1
234,68,3,1
234,57,8,0
234,22,7,1
234,38,7,1
234,89,7,1
234,51,8,1
234,83,0,1
234,92,5,0
234,44,2,1
234,46,3,1
234,23,7,1
234,10,7,1
234,55,4,1
234,77,8,1
234,24,3,0
128,94,4,0
128,37,3,1
128,76,3,1
128,51,8,1
128,85,2,0
128,38,3,1
128,9,6,1
128,19,5,1
128,21,9,1
128,52,8,1
128,48,7,1
128,50,9,1
128,43,1,1
128,97,6,1
128,26,3,1
128,10,4,1
128,28,6,1
128,46,6,1
128,92,9,0
128,29,7,1
128,71,4,1
128,25,8,1
128,3,9,0
128,90,5,1
128,79,6,1
128,54,8,1
128,63,5,1
128,45,0,1
128,5,8,1
128,69,3,1
128,15,3,0
128,12,5,1
128,82,9,1
128,59,7,1
128,39,6,1
128,96,2,1
128,89,7,0
128,14,6,0
128,91,5,1
128,99,0,0
128,61,3,1
128,75,8,1
128,88,8,1
128,33,4,0
128,55,7,0
128,11,4,1
128,30,0,1
128,17,0,1
128,56,1,1
128,16,2,1
128,1,7,1
128,49,9,0
128,78,2,1
128,58,5,0
128,13,1,1
128,2,8,0
128,86,0,1
128,72,9,1
128,93,6,1
128,23,7,1
128,35,9,0
128,67,0,1
128,66,1,1
128,18,9,1
128,68,1,1
128,31,3,1
128,62,8,1
128,36,8,1
128,81,9,1
128,20,3,1
128,47,3,0
128,70,4,1
128,73,8,1
128,80,4,1
128,53,2,1
128,64,5,1
128,34,5,1
128,27,1,0
128,8,6,1
128,84,0,1
334,47,5,0
334,59,3,0
334,62,4,0
334,24,0,0
334,44,6,0
334,14,0,0
334,78,2,0
334,90,4,0
334,21,8,0
334,95,9,0
334,75,8,0
334,65,8,0
334,36,4,0
334,94,8,0
334,54,3,0
334,34,1,0
334,80,2,0
334,56,1,0
334,45,3,0
334,88,7,1
334,22,4,0
334,48,9,1
334,77,5,0
334,61,0,0
334,39,6,0
334,63,1,0
334,64,7,0
334,16,0,0
334,30,7,0
334,52,9,0
334,4,6,1
334,97,2,0
334,27,7,0
334,7,8,0
334,46,2,0
334,60,8,0
334,69,1,0
334,19,2,0
334,37,8,0
334,67,0,0
334,23,0,1
334,40,9,0
334,55,5,1
334,71,5,0
334,3,4,0
334,81,6,0
334,9,7,0
334,28,9,0
334,43,4,0
334,25,8,0
334,10,6,1
334,0,7,1
334,20,1,0
334,32,4,0
334,57,7,0
334,98,5,0
334,66,8,0
334,8,9,1
334,76,3,0
334,2,9,0
334,26,2,0
334,31,5,1
334,42,9,1
334,33,5,0
334,29,2,0
334,84,1,0
334,49,3,1
334,5,4,0
334,53,7,0
334,12,2,0
334,74,2,1
334,83,8,0
334,1,5,1
334,15,2,0
334,18,0,1
334,51,1,0
334,50,1,1
334,91,2,0
161,90,2,0
161,31,1,0
161,1,8,0
161,67,4,0
161,85,6,0
161,64,5,0
161,97,4,0
161,92,4,0
161,48,1,0
161,44,1,1
161,62,9,0
161,68,4,0
161,96,4,0
161,77,2,0
161,39,9,0
161,76,9,0
161,35,9,0
161,21,7,0
161,13,1,0
161,3,3,0
161,75,6,0
161,63,0,1
161,47,8,0
161,5,9,1
161,51,6,0
161,66,9,0
161,14,1,0
161,46,3,0
161,99,2,0
161,19,3,0
161,25,6,1
161,58,1,1
161,9,5,0
161,54,1,1
161,79,1,0
161,40,7,0
161,17,2,0
161,15,6,0
161,4,4,1
161,59,3,0
161,80,9,0
161,11,0,0
161,87,4,0
161,52,4,0
161,23,1,0
161,33,0,1
161,37,3,0
161,93,6,1
161,18,7,1
161,61,0,0
161,50,5,1
161,73,4,0
161,24,1,1
161,69,9,0
161,72,2,0
161,83,3,1
161,49,4,0
161,34,1,0
161,8,9,1
161,41,8,0
161,91,9,0
161,71,9,0
161,98,7,0
161,65,3,0
161,20,6,1
161,28,1,0
161,84,3,0
161,36,3,1
161,7,1,0
161,26,5,1
161,10,0,0
161,95,6,0
161,12,6,0
161,30,4,0
161,45,4,0
161,86,7,0
161,94,9,0
161,6,3,0
161,53,5,0
182,6,0,0
182,92,6,0
182,86,5,0
182,89,1,0
182,35,8,0
182,58,1,0
182,48,9,0
182,25,1,0
182,70,2,0
182,10,7,0
182,26,6,0
182,79,2,0
182,12,4,0
182,67,9,0
182,3,6,0
182,2,5,0
182,7,2,0
182,85,6,0
182,90,6,0
182,73,1,0
182,39,9,0
182,13,8,0
182,51,8,0
182,19,6,0
182,18,5,0
182,43,0,1
182,98,1,0
182,88,9,0
182,83,0,0
182,52,9,0
182,82,4,1
182,78,2,0
182,72,4,0
182,9,5,0
182,49,1,0
182,93,3,0
182,45,6,0
182,15,8,0
182,47,6,0
182,65,4,0
182,53,2,0
182,14,9,0
182,91,5,0
182,8,2,1
182,46,7,0
182,31,3,0
182,69,1,1
182,61,5,0
182,60,3,0
182,32,3,0
182,77,9,0
182,66,5,0
182,0,4,0
182,41,3,1
182,50,5,0
182,99,6,0
182,20,4,0
182,84,6,0
182,94,5,0
182,24,5,0
182,64,6,0
182,68,6,0
182,96,0,0
182,57,4,0
182,30,6,0
182,75,0,0
182,29,3,1
182,4,0,0
182,63,6,1
182,33,9,0
182,44,5,0
182,34,7,1
182,40,0,0
182,37,9,1
182,42,7,0
182,38,8,0
182,23,0,0
182,55,0,0
182,62,7,0
182,56,6,0
182,1,4,1
182,22,2,0
422,21,1,1
422,59,6,1
422,97,4,1
422,13,2,0
422,74,8,1
422,54,5,0
422,91,5,1
422,82,6,1
422,24,4,0
422,28,5,1
422,73,1,0
422,63,3,0
422,99,8,1
422,44,7,1
422,7,5,0
422,92,7,1
422,45,7,1
422,93,0,1
422,8,7,1
422,79,8,1
422,89,8,1
422,4,7,0
422,80,7,1
422,52,6,1
422,41,1,1
422,48,4,0
422,10,2,0
422,98,5,0
422,83,3,0
422,75,0,1
422,65,6,1
422,68,7,1
422,46,4,0
422,2,9,1
422,56,9,1
422,3,7,1
422,57,9,1
422,6,0,1
422,70,5,1
422,5,2,1
422,29,1,1
422,71,2,0
422,12,6,1
422,64,9,0
422,76,8,1
422,61,1,1
422,67,5,0
422,53,6,1
422,96,2,1
422,36,5,1
422,86,0,1
422,22,5,1
422,33,3,1
422,0,8,1
422,94,5,1
422,55,0,1
422,72,4,1
422,42,8,0
422,27,1,0
422,20,6,1
422,23,7,0
422,15,4,1
422,49,2,0
422,30,4,1
422,81,3,1
422,35,0,1
422,19,0,0
422,34,6,1
422,11,3,0
332,74,2,0
332,87,6,0
332,39,2,0
332,76,5,0
332,24,0,0
332,43,5,0
332,30,5,0
332,95,2,0
332,59,6,0
332,60,9,0
332,26,4,1
332,89,7,0
332,93,7,0
332,6,8,0
332,40,8,0
332,77,8,0
332,70,4,0
332,64,6,1
332,45,9,0
332,22,4,1
332,51,1,0
332,84,0,0
332,4,0,0
332,97,7,0
332,13,1,0
332,5,9,0
332,78,9,0
332,83,1,0
332,62,4,1
332,50,3,0
332,68,1,0
332,81,2,1
332,8,0,0
332,29,9,0
332,92,3,0
332,56,4,0
332,21,7,0
332,96,5,1
332,41,5,1
332,46,3,1
332,79,0,0
332,18,3,1
332,90,2,1
332,42,5,1
332,73,1,1
332,31,6,0
332,44,5,1
332,7,0,0
332,20,7,1
332,71,0,0
332,16,7,0
332,52,0,0
332,33,4,0
332,10,5,0
332,53,7,0
332,19,0,0
332,48,9,0
332,9,9,1
332,37,3,0
332,91,2,1
332,66,1,0
332,23,2,0
332,35,2,0
332,32,7,1
332,28,8,0
332,11,0,0
332,69,5,0
332,94,7,0
332,34,8,0
332,47,8,0
332,98,0,0
332,27,3,0
332,49,1,1
332,15,9,0
332,54,8,0
332,88,9,0
332,99,8,0
332,82,8,1
332,67,0,1
230,31,6,1
230,75,4,1
230,73,5,1
230,76,2,0
230,2,2,1
230,42,4,0
230,69,1,1
230,24,1,0
230,48,3,1
230,49,4,1
230,89,9,1
230,23,0,1
230,65,7,1
230,19,3,1
230,62,3,1
230,12,1,0
230,29,5,1
230,85,3,1
230,21,2,1
230,8,5,1
230,56,6,0
230,78,0,1
230,79,3,0
230,40,2,1
230,6,7,0
230,11,2,0
230,87,2,0
230,41,7,1
230,35,6,1
230,9,5,1
230,83,7,0
230,45,5,0
230,94,2,1
230,14,4,1
230,95,8,1
230,17,5,1
230,3,6,1
230,5,5,1
230,63,8,1
230,93,4,1
230,80,9,1
230,61,2,1
230,27,9,1
230,38,9,1
230,43,0,1
230,53,6,1
230,68,0,1
230,1,7,1
230,50,4,1
230,57,8,1
230,74,3,0
230,46,8,0
230,90,3,1
230,86,5,1
230,28,8,0
230,37,1,0
230,67,6,0
230,25,4,1
230,99,6,1
230,20,8,1
230,51,2,1
230,71,5,1
230,10,5,1
230,15,6,0
230,33,2,0
230,16,3,1
230,44,8,1
230,4,9,1
230,96,3,1
230,98,6,1
230,30,7,1
230,92,0,1
230,54,0,1
230,52,4,0
230,81,6,1
230,26,9,1
230,34,5,1
230,13,5,1
230,60,1,1
230,55,9,1
230,7,4,0
230,97,2,0
246,94,6,0
246,33,7,1
246,75,5,1
246,11,1,0
246,59,8,1
246,15,2,0
246,35,0,0
246,14,5,0
246,31,4,0
246,62,0,0
246,27,9,0
246,43,4,1
246,69,1,1
246,39,1,0
246,55,5,1
246,72,3,0
246,68,0,0
246,81,8,1
246,36,6,0
246,34,7,1
246,99,9,1
246,96,4,0
246,30,9,0
246,17,8,1
246,18,0,1
246,7,9,1
246,41,4,1
246,78,3,0
246,80,4,0
246,45,4,0
246,57,3,0
246,2,7,1
246,28,5,0
246,74,4,1
246,88,4,0
246,26,7,0
246,52,6,0
246,37,6,0
246,49,1,0
246,10,1,1
246,71,6,0
246,1,6,0
246,61,4,1
246,48,7,0
246,91,6,0
246,97,7,0
246,76,2,0
246,54,7,0
246,56,2,0
246,51,5,1
246,60,3,0
246,66,8,1
246,25,0,0
246,20,0,1
246,46,7,0
246,73,9,0
246,3,9,1
246,84,9,1
246,65,6,0
246,82,0,1
246,83,2,0
246,22,5,1
246,0,3,0
246,63,0,1
246,77,6,1
246,32,3,1
246,16,4,1
246,21,3,1
246,50,4,0
246,9,2,1
246,5,3,0
246,47,9,1
246,79,7,0
246,6,3,1
246,38,1,1
246,23,7,0
246,98,5,0
246,89,4,1
246,24,0,1
246,13,9,0
246,4,5,0
52,53,8,0
52,15,5,1
52,43,0,1
52,98,9,1
52,26,4,0
52,24,9,1
52,37,3,1
52,88,5,1
52,86,6,1
52,42,9,1
52,4,0,1
52,14,5,1
52,48,4,1
52,35,4,1
52,25,6,0
52,78,0,1
52,97,1,0
52,61,7,1
52,50,8,1
52,62,8,1
52,54,8,1
52,23,9,0
52,95,7,1
52,46,7,0
52,40,4,1
52,87,0,1
52,3,1,0
52,92,6,1
52,7,4,1
52,32,9,1
52,72,8,0
52,77,6,1
52,22,0,1
52,5,6,1
52,79,2,0
52,28,8,0
52,52,8,1
52,55,4,1
52,76,8,0
52,31,2,0
52,56,8,0
52,33,6,1
52,30,1,0
52,27,5,1
52,18,2,1
52,49,7,0
52,17,7,0
52,38,8,1
52,85,2,0
52,59,3,0
52,93,3,1
52,20,9,1
52,51,6,1
52,58,8,1
52,74,3,0
52,9,0,1
52,66,5,0
52,71,5,1
52,45,4,0
52,96,6,1
52,11,6,1
52,6,9,1
52,19,1,1
52,57,1,1
52,44,6,1
52,41,5,1
52,91,6,1
52,70,2,1
52,10,9,1
52,13,4,1
52,94,5,0
52,60,2,1
52,82,9,1
52,84,0,1
52,67,4,1
52,81,4,0
52,16,7,0
52,47,6,0
52,39,3,1
52,90,4,1
52,29,9,1
52,1,5,1
444,65,8,0
444,43,0,1
444,67,1,0
444,20,4,0
444,75,0,1
444,52,6,0
444,29,4,1
444,60,9,1
444,1,7,1
444,4,7,1
444,82,4,0
444,45,7,1
444,79,1,0
444,33,8,1
444,12,5,1
444,30,8,1
444,87,8,0
444,93,7,1
444,23,3,1
444,27,1,1
444,22,6,1
444,38,2,0
444,84,7,0
444,88,1,0
444,68,0,1
444,89,5,1
444,86,9,1
444,80,6,1
444,19,2,1
444,50,3,1
444,46,4,1
444,72,0,1
444,63,2,0
444,59,4,1
444,6,7,1
444,53,2,1
444,76,1,1
444,32,0,1
444,94,0,1
444,18,1,0
444,66,4,0
444,24,4,1
444,25,8,0
444,7,4,1
444,73,2,1
444,78,1,0
444,55,5,1
444,11,1,0
444,31,6,0
444,39,7,1
444,97,4,1
444,98,1,1
444,28,8,0
444,58,4,0
444,62,3,1
444,8,3,1
444,91,5,0
444,64,7,1
444,69,3,0
444,49,7,1
444,15,9,1
444,77,4,1
444,81,0,1
444,42,5,0
444,48,8,1
444,61,6,1
444,26,0,1
444,90,4,1
444,16,4,1
444,41,5,1
444,37,6,1
444,40,7,0
444,56,5,0
444,5,8,1
444,71,0,1
444,96,8,1
444,2,9,1
325,30,1,1
325,59,9,1
325,82,4,0
325,6,8,1
325,83,2,0
325,61,1,1
325,86,5,1
325,54,7,1
325,4,3,0
325,28,4,1
325,5,3,1
325,22,9,1
325,19,1,1
325,42,4,1
325,38,7,0
325,80,7,1
325,95,7,1
325,32,0,1
325,11,0,0
325,94,9,1
325,99,3,1
325,1,5,1
325,31,0,1
325,15,6,0
325,29,8,1
325,2,1,1
325,49,7,0
325,55,5,1
325,89,5,1
325,73,1,1
325,3,8,1
325,43,5,1
325,88,5,1
325,26,9,0
325,16,5,1
325,78,6,1
325,60,3,1
325,13,7,0
325,17,3,0
325,64,8,1
325,27,7,1
325,9,5,1
325,79,2,0
325,50,5,1
325,66,5,0
325,70,0,1
325,39,2,1
325,90,6,1
325,36,4,1
325,47,3,0
325,24,5,1
325,18,4,0
325,98,1,1
325,40,9,1
325,7,5,1
325,10,9,1
325,93,4,0
325,72,5,1
325,37,7,1
325,67,9,1
325,74,5,1
325,41,2,1
325,69,8,0
325,23,3,1
325,76,8,0
325,52,7,1
325,84,9,1
325,75,8,0
325,87,5,1
325,51,6,0
325,14,2,0
325,85,4,1
325,57,4,1
325,92,5,1
65,83,4,1
65,25,1,0
65,18,8,0
65,22,7,0
65,48,8,1
65,27,4,0
65,87,2,1
65,16,6,1
65,44,1,0
65,61,4,1
65,19,9,1
65,67,4,1
65,9,2,0
65,88,9,0
65,12,1,1
65,91,0,0
65,95,2,0
65,14,0,1
65,55,1,1
65,79,2,0
65,89,7,0
65,92,2,0
65,75,1,0
65,60,9,1
65,90,0,1
65,93,9,0
65,42,4,0
65,10,5,1
65,97,7,0
65,78,2,0
65,57,6,0
65,82,0,0
65,0,4,1
65,24,1,0
65,94,9,1
65,81,6,1
65,38,2,1
65,72,5,1
65,2,5,0
65,65,9,0
65,70,9,1
65,49,3,1
65,6,4,1
65,39,3,0
65,50,2,0
65,21,8,0
65,26,1,1
65,13,5,0
65,34,0,0
65,23,2,1
65,28,2,0
65,37,4,0
65,84,9,0
65,77,4,0
65,51,1,1
65,68,2,0
65,62,3,1
65,8,4,1
65,76,7,1
65,64,1,1
65,7,3,0
65,66,0,0
65,52,6,0
65,56,2,0
65,36,5,1
65,15,7,0
65,80,9,0
65,29,1,0
65,40,5,1
65,43,0,1
65,20,5,1
65,63,4,0
65,53,8,1
65,3,9,1
65,71,3,1
65,17,8,1
65,31,0,0
65,98,6,0
65,86,7,0
65,45,3,0
65,1,2,1
65,35,0,0
65,46,3,1
65,74,7,1
65,85,4,1
104,95,4,1
104,15,9,1
104,75,9,1
104,13,5,0
104,40,0,1
104,94,7,0
104,62,0,1
104,69,7,1
104,41,2,1
104,82,0,0
104,37,5,1
104,33,8,1
104,88,7,0
104,92,1,0
104,54,4,1
104,64,7,1
104,30,8,0
104,72,0,1
104,34,6,0
104,74,4,1
104,91,6,1
104,59,8,1
104,5,1,0
104,87,1,0
104,10,6,1
104,36,2,1
104,79,5,1
104,14,9,0
104,19,8,1
104,28,9,1
104,55,2,0
104,65,2,1
104,49,5,1
104,1,7,0
104,44,8,1
104,11,5,1
104,78,9,1
104,3,6,0
104,76,5,1
104,50,0,1
104,81,2,0
104,51,3,1
104,20,1,0
104,68,7,1
104,45,2,1
104,27,6,1
104,84,7,1
104,60,9,0
104,43,3,1
104,47,1,1
104,31,6,1
104,57,3,0
104,7,6,1
104,98,0,1
104,67,7,1
104,66,9,1
104,2,1,1
104,29,6,1
104,61,7,1
104,86,8,0
104,35,6,1
104,53,2,0
104,12,1,0
104,42,5,0
104,8,2,0
104,90,5,1
104,89,5,1
104,71,0,0
104,58,5,1
104,97,0,1
104,4,0,1
104,23,5,1
104,73,5,0
104,39,3,1
104,46,7,1
104,52,1,0
104,9,4,1
104,93,9,1
104,0,6,1
104,63,0,1
104,18,5,0
104,70,6,1
104,96,8,1
104,26,2,1
414,27,1,1
414,40,9,0
414,89,1,1
414,20,5,1
414,58,1,1
414,22,2,1
414,14,5,0
414,10,8,0
414,65,6,0
414,74,5,1
414,23,3,0
414,33,4,1
414,61,9,1
414,13,3,1
414,97,1,1
414,84,2,1
414,91,7,0
414,83,7,1
414,78,1,1
414,29,8,0
414,82,8,0
414,6,7,0
414,99,4,1
414,2,6,1
414,90,5,0
414,24,7,1
414,38,4,1
414,66,0,1
414,0,7,1
414,5,3,1
414,63,7,1
414,25,0,1
414,39,7,0
414,81,1,1
414,31,6,1
414,94,6,1
414,79,6,0
414,1,3,1
414,50,8,1
414,53,9,1
414,19,9,1
414,77,9,1
414,62,3,1
414,59,6,1
414,60,7,0
414,11,5,1
414,85,1,1
414,86,6,1
414,69,3,1
414,72,7,1
414,76,0,1
414,44,2,0
414,96,7,0
414,7,0,1
414,87,7,1
414,35,3,1
414,54,8,1
414,28,6,1
414,64,6,1
414,70,4,1
414,98,2,1
414,55,7,0
414,68,8,0
414,37,3,1
414,34,5,1
414,47,9,0
414,4,2,1
414,41,2,0
414,57,0,1
414,32,1,0
414,73,7,0
414,93,5,1
414,71,6,1
414,75,1,1
414,92,5,1
414,67,7,0
414,17,3,0
414,48,2,0
414,36,2,1
414,52,0,1
414,26,6,0
414,30,9,0
9,30,0,1
9,20,6,0
9,40,6,0
9,19,6,0
9,28,2,0
9,90,4,0
9,65,9,1
9,4,8,1
9,14,0,1
9,97,3,0
9,38,4,0
9,91,7,0
9,63,3,0
9,86,1,0
9,43,0,0
9,59,5,1
9,23,2,0
9,62,0,1
9,0,8,0
9,32,3,1
9,44,7,1
9,37,8,0
9,73,7,0
9,24,4,0
9,9,5,1
9,33,8,0
9,77,3,0
9,6,9,0
9,92,8,1
9,16,8,0
9,7,0,0
9,15,5,1
9,79,3,1
9,81,4,1
9,41,9,0
9,52,1,0
9,49,3,0
9,72,1,0
9,13,6,0
9,83,8,0
9,85,6,0
9,51,1,0
9,50,0,0
9,93,5,1
9,55,1,0
9,17,3,1
9,29,7,0
9,54,3,1
9,1,2,0
9,10,2,0
9,35,8,0
9,57,6,1
9,88,1,1
9,18,5,1
9,84,7,0
9,78,2,0
9,98,2,0
9,61,6,0
9,48,9,0
9,46,6,0
9,60,6,1
9,3,3,0
9,53,3,0
9,45,8,1
9,26,3,0
9,68,4,1
9,71,5,0
9,99,1,0
9,2,7,1
9,80,1,0
9,70,6,1
9,22,2,0
9,82,3,0
9,47,9,1
9,5,5,1
9,36,7,0
9,27,9,0
9,66,0,1
9,12,7,0
9,75,8,0
9,39,7,0
9,42,0,1
9,34,7,0
9,67,0,1
9,21,9,0
9,96,3,1
9,64,8,0
221,52,8,0
221,64,0,1
221,33,5,1
221,66,9,1
221,46,1,1
221,50,5,1
221,4,7,1
221,54,3,1
221,60,9,1
221,18,5,1
221,62,9,0
221,74,9,1
221,17,4,0
221,39,2,0
221,20,0,1
221,44,7,0
221,24,7,0
221,76,2,0
221,95,9,0
221,21,8,1
221,90,7,0
221,53,2,0
221,14,2,0
221,63,8,0
221,75,4,0
221,47,7,1
221,41,0,0
221,8,2,0
221,9,8,0
221,86,4,0
221,2,6,0
221,61,5,0
221,84,8,1
221,87,7,0
221,22,0,0
221,10,5,0
221,0,0,1
221,48,8,1
221,93,4,1
221,16,5,1
221,58,7,0
221,68,8,1
221,1,8,0
221,70,2,1
221,5,3,0
221,80,6,0
221,89,5,0
221,43,2,1
221,34,8,0
221,23,7,0
221,55,6,1
221,69,0,0
221,78,4,0
221,42,9,0
221,38,3,0
221,57,3,0
221,7,1,0
221,85,9,1
221,92,1,0
221,81,7,0
221,36,3,0
221,15,1,0
221,11,8,0
221,49,8,1
221,91,3,1
221,99,6,1
221,13,2,0
221,73,5,0
221,82,7,1
221,71,3,0
221,98,5,1
221,32,6,0
221,65,9,0
221,25,6,1
228,62,1,0
228,26,2,1
228,30,9,0
228,27,4,0
228,17,9,0
228,54,7,1
228,23,8,0
228,83,5,1
228,59,6,0
228,86,1,1
228,78,7,1
228,67,3,1
228,72,9,0
228,64,2,0
228,71,0,0
228,98,1,0
228,94,7,0
228,33,1,0
228,18,2,0
228,40,3,0
228,42,6,1
228,37,1,0
228,73,6,0
228,0,2,0
228,90,8,0
228,35,0,1
228,32,3,0
228,1,4,0
228,6,9,1
228,96,4,1
228,65,8,0
228,47,3,1
228,11,9,0
228,87,3,1
228,84,1,1
228,24,8,1
228,92,5,1
228,2,8,0
228,76,5,0
228,60,1,1
228,69,8,0
228,91,4,0
228,46,6,0
228,82,2,0
228,52,9,1
228,38,3,0
228,45,1,1
228,85,9,1
228,49,0,0
228,95,8,0
228,50,4,0
228,8,1,0
228,70,6,0
228,79,1,1
228,7,7,0
228,66,4,1
228,10,8,1
228,3,5,0
228,81,0,1
228,25,2,1
228,74,5,0
228,22,6,1
228,9,0,0
228,31,5,0
228,63,8,1
228,55,2,0
228,19,4,1
228,13,2,0
228,93,0,0
228,58,4,0
228,53,6,1
228,48,7,1
228,44,2,0
228,20,8,1
228,68,3,0
228,88,1,0
228,14,3,0
228,75,0,1
228,89,4,0
228,61,6,0
228,21,1,1
228,12,3,0
228,36,4,1
228,29,4,0
335,17,5,0
335,43,9,1
335,85,9,1
335,88,0,0
335,70,2,0
335,2,6,1
335,40,2,0
335,6,2,1
335,14,1,1
335,90,7,0
335,23,7,1
335,45,8,1
335,79,9,1
335,66,1,1
335,8,7,1
335,9,0,1
335,84,0,1
335,32,3,1
335,68,7,1
335,60,5,1
335,34,0,1
335,0,5,1
335,89,7,1
335,53,4,1
335,71,1,0
335,13,0,1
335,80,4,1
335,99,4,1
335,29,8,1
335,64,5,1
335,83,3,1
335,35,5,1
335,65,1,1
335,73,4,1
335,31,5,1
335,86,3,1
335,55,4,0
335,38,2,0
335,63,4,0
335,69,1,1
335,30,8,1
335,26,9,1
335,93,4,1
335,24,7,0
335,49,5,1
335,7,5,1
335,36,6,0
335,22,9,1
335,76,8,1
335,94,3,0
335,72,8,0
335,81,2,0
335,91,4,1
335,28,5,0
335,41,3,1
335,3,0,1
335,48,9,0
335,75,9,0
335,92,4,1
335,50,0,1
335,18,4,1
335,39,7,0
335,42,0,1
335,1,0,1
335,52,8,1
335,4,0,1
335,12,8,0
335,19,8,0
335,37,4,0
335,11,1,0
335,78,1,0
335,74,3,1
335,20,7,1
335,27,1,1
335,61,2,0
335,46,7,0
335,62,5,1
335,10,6,1
335,25,5,1
335,87,0,0
335,44,7,0
335,33,0,1
335,5,5,1
194,4,9,1
194,43,1,0
194,14,5,1
194,86,0,1
194,84,8,1
194,51,6,1
194,74,4,1
194,36,0,1
194,34,1,0
194,18,1,1
194,8,8,0
194,94,1,1
194,81,1,0
194,77,8,1
194,28,3,1
194,27,7,1
194,31,8,1
194,45,0,1
194,20,1,1
194,66,5,1
194,99,7,1
194,39,9,1
194,11,4,1
194,35,3,1
194,98,9,1
194,52,4,1
194,40,2,1
194,61,4,1
194,82,2,0
194,30,9,1
194,3,4,1
194,64,5,1
194,71,1,1
194,70,5,1
194,75,2,0
194,15,8,1
194,22,3,0
194,90,1,1
194,44,2,0
194,13,9,1
194,95,4,1
194,57,9,1
194,7,5,1
194,29,8,1
194,26,0,1
194,53,3,1
194,59,4,1
194,54,0,1
194,19,6,1
194,49,7,1
194,72,7,1
194,88,4,1
194,50,7,1
194,9,0,1
194,67,5,1
194,69,4,1
194,12,3,1
194,76,4,1
194,17,1,1
194,2,6,1
194,78,3,1
194,46,1,1
194,42,8,1
194,33,4,1
194,48,3,0
194,79,6,0
194,63,2,0
194,1,4,1
194,32,3,0
194,23,7,1
194,5,5,0
194,83,7,1
194,96,7,1
194,10,7,1
194,87,4,1
194,16,6,0
194,73,6,1
194,56,3,1
194,85,1,1
194,92,1,1
194,25,8,1
194,60,4,1
211,22,5,0
211,20,9,1
211,58,6,0
211,41,9,1
211,64,9,0
211,85,3,0
211,9,6,0
211,35,3,0
211,16,6,1
211,65,2,0
211,33,7,0
211,55,8,0
211,4,4,1
211,29,1,0
211,81,8,0
211,71,1,0
211,1,4,0
211,7,6,1
211,59,7,0
211,47,1,0
211,11,2,0
211,80,7,0
211,13,2,0
211,51,7,0
211,74,6,1
211,8,4,0
211,82,7,0
211,6,3,0
211,79,4,1
211,78,9,1
211,89,5,0
211,40,6,0
211,70,8,1
211,5,9,0
211,32,2,1
211,18,5,0
211,99,5,0
211,88,4,0
211,30,7,0
211,77,9,0
211,34,7,0
211,49,6,1
211,94,5,0
211,52,8,1
211,3,5,0
211,84,4,0
211,87,7,0
211,72,0,0
211,25,9,0
211,31,0,0
211,68,9,0
211,63,8,0
211,60,3,0
211,61,0,1
211,76,7,0
211,75,2,0
211,14,1,0
211,91,4,0
211,24,6,0
211,93,6,1
211,48,1,0
211,43,9,0
211,53,9,0
211,66,9,0
211,62,7,1
211,19,1,0
211,38,3,0
211,39,8,0
211,56,7,0
211,98,6,0
211,96,2,0
211,10,8,0
211,44,0,0
211,54,1,0
211,12,4,0
211,21,2,1
211,28,2,0
211,15,8,0
12,36,5,0
12,34,3,0
12,89,5,0
12,46,8,1
12,57,5,0
12,22,9,0
12,77,7,0
12,83,2,0
12,37,8,1
12,4,6,1
12,96,5,0
12,31,8,0
12,42,5,0
12,51,5,0
12,71,5,0
12,99,6,0
12,76,2,0
12,88,3,0
12,58,4,0
12,84,6,0
12,47,2,0
12,15,5,0
12,6,5,0
12,65,5,0
12,91,7,0
12,92,6,0
12,79,2,0
12,93,7,0
12,23,1,0
12,45,6,0
12,30,9,0
12,9,2,0
12,40,0,0
12,86,5,0
12,48,3,0
12,61,6,0
12,78,5,0
12,90,7,0
12,18,1,0
12,69,8,1
12,13,5,0
12,29,6,0
12,1,7,0
12,33,6,0
12,55,5,0
12,87,0,0
12,49,2,0
12,54,9,0
12,43,8,0
12,25,2,0
12,2,5,0
12,32,1,0
12,21,6,0
12,27,0,1
12,74,9,0
12,67,8,0
12,26,8,0
12,38,4,0
12,98,3,0
12,50,0,0
12,75,6,0
12,52,5,0
12,63,5,0
12,39,4,1
12,81,8,0
12,82,5,0
12,95,1,0
12,44,6,0
12,8,6,0
12,35,4,1
12,24,9,0
12,41,0,0
12,72,8,0
12,28,4,0
12,10,0,0
12,64,6,0
12,60,3,1
12,5,2,0
12,14,8,1
12,20,0,0
12,97,0,0
12,68,0,0
16,14,0,0
16,43,5,1
16,8,3,0
16,90,8,0
16,83,2,0
16,12,9,1
16,76,1,0
16,5,7,0
16,47,6,0
16,53,7,1
16,59,2,1
16,63,4,0
16,75,9,0
16,26,9,0
16,98,9,1
16,79,1,0
16,32,4,0
16,23,0,1
16,94,2,0
16,99,6,1
16,50,0,1
16,84,7,1
16,34,4,1
16,82,8,0
16,97,8,1
16,15,6,0
16,54,9,0
16,40,9,1
16,9,2,1
16,74,1,0
16,96,0,1
16,44,8,0
16,33,0,1
16,91,6,1
16,13,1,1
16,18,6,0
16,71,5,0
16,86,2,0
16,27,6,1
16,68,0,1
16,56,7,1
16,95,7,1
16,61,8,1
16,73,7,0
16,85,7,1
16,0,2,0
16,72,1,0
16,62,8,1
16,19,6,0
16,31,4,1
16,70,9,0
16,60,6,0
16,80,5,1
16,4,4,0
16,57,3,0
16,37,1,0
16,3,2,1
16,1,5,0
16,22,8,0
16,45,8,1
16,88,8,0
16,17,5,1
16,7,5,1
16,46,6,1
16,93,9,1
16,35,8,1
16,6,5,1
16,69,2,1
16,10,8,1
16,20,7,1
16,78,3,1
16,64,1,1
16,11,7,0
16,92,2,0
16,29,2,0
16,42,6,0
16,48,9,0
16,39,3,1
16,49,7,0
16,89,4,1
122,67,5,0
122,20,7,0
122,63,3,0
122,56,2,0
122,70,9,0
122,41,0,1
122,88,5,0
122,91,7,0
122,13,9,1
122,24,1,1
122,6,5,1
122,19,3,1
122,68,2,0
122,21,0,1
122,9,6,1
122,29,6,1
122,90,2,1
122,99,1,0
122,98,1,1
122,48,7,0
122,42,8,0
122,14,7,0
122,26,9,1
122,10,4,1
122,32,4,0
122,97,9,1
122,3,7,0
122,39,5,1
122,18,7,1
122,54,8,1
122,11,1,1
122,57,5,1
122,30,9,1
122,96,6,1
122,12,4,1
122,93,2,0
122,83,5,0
122,52,9,1
122,40,1,0
122,74,4,0
122,87,1,0
122,28,1,1
122,17,5,0
122,38,8,1
122,36,0,1
122,82,0,0
122,76,1,1
122,59,0,0
122,84,2,0
122,94,0,0
122,95,6,0
122,85,9,0
122,31,6,0
122,51,0,1
122,80,2,1
122,34,7,0
122,1,2,1
122,25,3,1
122,62,0,1
122,73,1,0
122,23,3,0
122,8,1,0
122,69,8,0
122,43,4,0
122,77,0,1
122,79,5,0
122,37,8,0
122,92,5,1
122,7,4,0
122,33,3,1
122,86,8,0
122,35,0,1
122,46,1,1
122,53,3,0
122,47,5,1
122,66,4,0
122,5,7,1
122,58,3,1
122,71,5,0
268,31,4,1
268,53,4,1
268,85,3,1
268,93,1,0
268,22,1,1
268,86,3,0
268,58,6,1
268,18,6,1
268,42,3,0
268,76,4,1
268,90,2,1
268,49,3,1
268,20,9,1
268,46,4,1
268,54,7,1
268,33,3,1
268,41,5,0
268,69,8,0
268,47,2,1
268,78,4,1
268,29,3,1
268,15,3,0
268,4,2,0
268,27,3,0
268,89,5,1
268,1,4,1
268,74,5,0
268,12,4,1
268,55,6,0
268,77,7,0
268,75,8,1
268,64,3,1
268,26,5,1
268,40,6,1
268,14,5,1
268,34,8,1
268,45,7,1
268,67,9,0
268,52,4,0
268,48,9,0
268,6,5,1
268,97,1,1
268,83,1,1
268,87,1,1
268,63,2,0
268,8,7,1
268,24,5,1
268,99,2,1
268,88,2,1
268,82,0,1
268,65,4,0
268,73,3,0
268,11,5,1
268,17,0,1
268,23,2,1
268,51,2,0
268,94,5,1
268,39,1,0
268,43,9,1
268,61,0,1
268,96,6,1
268,44,4,1
268,0,3,1
268,81,6,1
268,9,1,1
268,79,3,0
268,98,1,0
268,60,6,1
268,10,9,1
268,30,1,0
268,71,7,1
268,19,3,1
268,70,1,1
268,3,3,0
268,92,4,1
268,28,2,0
268,50,5,1
265,2,6,1
265,80,1,0
265,77,6,1
265,29,9,1
265,88,4,1
265,9,0,1
265,84,5,1
265,92,8,1
265,83,5,1
265,93,3,1
265,76,6,0
265,28,1,0
265,32,3,0
265,47,9,1
265,52,5,0
265,55,4,0
265,17,0,0
265,34,4,1
265,53,4,1
265,27,3,1
265,71,7,1
265,95,1,0
265,7,7,1
265,86,6,0
265,56,8,0
265,60,2,0
265,89,0,0
265,81,3,1
265,85,3,0
265,61,1,1
265,67,2,1
265,90,2,0
265,19,3,0
265,25,1,1
265,51,5,1
265,44,4,1
265,98,8,0
265,21,6,0
265,4,0,0
265,33,9,1
265,20,2,0
265,91,4,0
265,43,8,0
265,82,3,0
265,8,6,0
265,45,3,1
265,18,8,0
265,79,6,1
265,70,1,0
265,15,9,1
265,16,2,0
265,13,2,0
265,58,1,0
265,24,7,1
265,39,5,1
265,40,0,1
265,66,3,0
265,63,0,1
265,30,4,0
265,14,8,0
265,69,2,0
265,11,5,1
265,48,1,1
265,37,3,1
265,96,5,0
265,54,5,1
265,42,4,1
265,26,8,0
265,50,4,0
265,94,3,1
265,5,3,1
265,22,8,0
265,10,0,1
265,12,0,1
265,78,8,0
265,57,3,1
265,97,1,1
265,49,7,0
265,38,0,1
265,87,2,0
265,73,5,1
265,3,0,1
265,35,7,1
265,72,6,1
265,0,2,1
265,75,2,1
265,6,0,1
265,36,6,1
477,54,8,1
477,36,5,1
477,11,4,1
477,95,0,1
477,44,8,0
477,39,3,0
477,6,5,0
477,40,8,0
477,63,2,1
477,73,1,0
477,55,0,1
477,98,7,1
477,46,7,1
477,15,2,0
477,88,3,0
477,87,1,0
477,61,6,1
477,50,3,1
477,37,2,0
477,96,9,1
477,59,2,0
477,65,1,0
477,31,8,1
477,22,8,0
477,64,7,0
477,7,5,1
477,17,0,1
477,92,9,1
477,72,5,0
477,9,1,0
477,24,4,0
477,82,9,1
477,85,8,0
477,75,7,0
477,32,8,1
477,90,0,0
477,83,3,0
477,67,5,1
477,68,8,0
477,52,0,0
477,16,2,0
477,10,9,1
477,20,6,1
477,4,3,0
477,38,8,0
477,93,2,0
477,0,8,0
477,97,7,0
477,30,2,0
477,56,4,0
477,80,0,0
477,33,2,1
477,35,6,0
477,8,3,1
477,28,0,1
477,86,0,1
477,19,8,0
477,89,6,0
477,79,1,0
477,43,2,0
477,71,3,0
477,60,4,0
477,77,2,1
477,99,9,1
477,78,3,1
477,13,5,0
477,42,0,1
477,2,9,1
477,49,6,0
477,14,7,1
477,58,7,0
477,48,3,0
477,74,3,0
477,81,3,1
477,45,1,0
477,91,1,0
477,1,9,0
477,41,0,1
477,21,6,1
477,76,4,0
477,27,4,0
477,70,8,0
21,57,4,0
21,13,1,0
21,1,4,0
21,43,1,0
21,56,3,0
21,32,7,0
21,23,3,1
21,17,6,0
21,25,3,0
21,6,7,1
21,83,1,0
21,26,9,0
21,29,8,0
21,20,9,0
21,94,4,1
21,54,0,1
21,90,3,0
21,89,1,0
21,77,3,0
21,27,8,0
21,21,8,0
21,61,3,0
21,58,3,0
21,51,0,0
21,62,3,0
21,35,4,0
21,65,7,1
21,38,8,0
21,45,5,0
21,42,9,0
21,33,9,0
21,63,6,0
21,0,7,0
21,12,3,0
21,50,7,0
21,10,0,0
21,44,9,0
21,11,3,0
21,82,0,0
21,66,4,1
21,15,1,0
21,64,2,0
21,19,9,0
21,31,7,0
21,88,1,0
21,80,4,0
21,28,3,0
21,81,2,0
21,8,8,0
21,47,5,0
21,40,9,0
21,4,9,0
21,71,5,0
21,72,8,0
21,91,2,1
21,60,9,0
21,41,8,1
21,86,9,0
21,74,3,0
21,16,5,0
21,59,6,0
21,9,5,0
21,92,2,0
21,46,2,0
21,98,6,1
21,97,6,0
21,3,2,0
21,79,0,1
21,37,1,0
21,53,7,0
21,70,9,0
21,5,6,0
21,75,4,0
21,99,8,0
349,4,6,0
349,29,9,0
349,76,8,0
349,27,1,0
349,66,9,0
349,65,4,0
349,5,4,1
349,99,5,0
349,86,5,0
349,56,0,1
349,98,5,0
349,61,3,0
349,14,9,1
349,36,2,0
349,53,1,0
349,43,2,0
349,82,4,1
349,77,6,1
349,47,5,0
349,89,3,0
349,84,4,0
349,52,5,0
349,88,5,1
349,74,1,1
349,54,2,1
349,73,2,0
349,68,2,0
349,57,6,1
349,38,4,0
349,18,5,0
349,70,6,0
349,7,9,1
349,42,8,0
349,10,5,1
349,91,2,0
349,31,0,0
349,92,4,0
349,28,5,0
349,85,1,0
349,1,0,0
349,13,6,0
349,83,9,0
349,96,0,1
349,48,8,1
349,80,3,0
349,17,2,1
349,78,7,0
349,59,2,0
349,58,4,0
349,6,2,0
349,33,6,1
349,67,1,1
349,94,3,0
349,15,4,1
349,12,7,0
349,3,5,1
349,81,6,1
349,93,4,0
349,32,7,1
349,64,1,0
349,40,1,0
349,26,2,0
349,63,5,0
349,34,5,1
349,16,1,0
349,60,2,0
349,51,1,0
349,19,9,0
349,90,5,0
349,35,7,0
349,75,8,1
349,45,8,0
349,72,7,1
349,71,2,0
349,55,4,0
349,97,0,0
349,95,3,0
349,25,1,0
349,79,8,1
349,9,5,0
349,21,8,1
349,41,4,1
349,8,8,0
349,2,2,0
112,27,2,1
112,32,0,1
112,2,7,1
112,21,5,1
112,92,0,1
112,81,9,1
112,62,4,1
112,98,6,0
112,49,5,1
112,31,9,1
112,17,3,0
112,53,1,1
112,14,9,1
112,56,4,1
112,50,7,0
112,86,6,1
112,34,0,1
112,6,9,1
112,10,7,0
112,66,8,0
112,26,4,1
112,37,4,1
112,19,3,0
112,55,2,0
112,57,2,0
112,87,0,0
112,97,5,1
112,33,0,0
112,95,2,1
112,35,8,0
112,22,8,0
112,99,7,1
112,61,0,1
112,96,8,1
112,23,6,0
112,20,1,1
112,65,0,0
112,70,7,1
112,94,2,0
112,12,7,1
112,91,8,0
112,93,0,0
112,82,4,1
112,11,0,1
112,46,3,1
112,42,1,0
112,29,1,1
112,5,3,0
112,75,1,0
112,83,0,0
112,54,7,1
112,13,7,0
112,52,5,1
112,67,4,1
112,48,1,0
112,9,8,1
112,90,2,0
112,40,4,1
112,16,1,0
112,24,3,1
112,15,6,0
112,58,9,1
112,18,8,0
112,1,8,1
112,89,5,0
112,45,6,1
112,30,4,0
112,51,0,0
112,39,7,1
112,84,3,1
112,38,6,0
112,88,5,1
112,69,5,0
112,77,6,1
112,43,5,1
112,7,4,1
112,80,5,0
112,79,6,1
112,72,2,0
112,59,4,1
112,68,4,1
112,71,8,1
112,4,4,1
43,1,4,0
43,95,4,0
43,15,5,0
43,84,8,0
43,93,3,0
43,70,0,1
43,59,4,1
43,78,0,0
43,88,0,0
43,87,1,0
43,18,2,1
43,82,6,0
43,85,3,0
43,32,8,0
43,44,2,0
43,26,1,0
43,4,9,1
43,48,9,0
43,25,4,0
43,72,6,1
43,81,3,0
43,52,4,0
43,3,7,1
43,62,3,0
43,80,9,0
43,45,5,0
43,23,0,0
43,19,8,0
43,34,2,1
43,22,4,0
43,60,4,0
43,42,6,1
43,67,3,0
43,30,7,0
43,57,7,0
43,36,2,0
43,6,0,0
43,55,3,0
43,40,7,1
43,14,9,1
43,90,2,1
43,38,2,0
43,86,4,0
43,98,0,0
43,11,0,0
43,5,1,1
43,94,2,0
43,43,3,0
43,91,1,0
43,64,6,0
43,89,4,0
43,24,1,0
43,83,4,1
43,73,9,0
43,35,5,0
43,28,4,0
43,21,7,0
43,96,7,1
43,29,2,0
43,12,3,0
43,39,7,0
43,65,1,1
43,10,5,1
43,92,6,0
43,68,9,0
43,7,9,1
43,69,7,1
43,16,7,0
43,20,6,0
43,47,2,0
43,13,6,0
43,51,2,1
43,37,3,0
43,97,1,1
43,74,0,0
43,17,8,1
43,9,0,1
43,58,8,0
43,79,8,0
43,71,0,0
43,8,4,0
43,99,4,1
43,33,5,0
317,95,6,0
317,45,5,0
317,32,2,1
317,53,4,0
317,86,5,0
317,49,6,0
317,29,2,0
317,21,1,0
317,23,7,0
317,10,5,0
317,14,1,1
317,24,2,0
317,82,6,0
317,19,5,0
317,9,2,0
317,37,7,0
317,66,9,0
317,87,9,1
317,79,0,0
317,83,3,0
317,78,4,1
317,85,1,0
317,17,9,0
317,92,5,0
317,58,4,0
317,31,6,1
317,57,4,0
317,34,2,0
317,38,5,1
317,94,7,0
317,77,5,1
317,73,4,0
317,47,8,0
317,51,7,0
317,98,4,1
317,20,6,0
317,56,1,1
317,40,6,1
317,39,2,0
317,48,7,0
317,63,4,1
317,5,3,0
317,3,9,0
317,80,2,0
317,11,5,0
317,35,2,1
317,54,6,1
317,64,0,0
317,2,5,1
317,70,8,0
317,99,1,0
317,75,0,0
317,0,0,0
317,50,0,1
317,88,1,0
317,59,1,0
317,8,2,1
317,81,7,0
317,16,9,1
317,42,5,1
317,13,9,0
317,6,5,0
317,90,2,0
317,46,2,0
317,43,7,1
317,65,2,0
317,93,6,0
317,89,7,1
317,22,0,0
317,41,2,0
317,36,0,0
317,71,5,0
317,96,3,1
317,72,5,0
317,33,0,0
317,12,4,0
317,15,6,1
317,97,2,1
317,69,0,1
317,27,7,0
317,74,6,0
317,68,8,1
317,61,5,0
317,26,5,0
33,83,7,0
33,40,0,0
33,23,7,1
33,66,0,0
33,46,8,0
33,91,4,1
33,4,6,0
33,0,0,0
33,6,8,0
33,28,5,1
33,36,4,0
33,71,9,1
33,50,6,0
33,53,1,0
33,67,5,0
33,27,9,0
33,32,6,1
33,45,7,0
33,8,5,0
33,44,6,1
33,79,1,1
33,25,7,0
33,80,5,1
33,99,9,1
33,62,5,1
33,37,4,0
33,14,8,0
33,81,2,1
33,21,5,0
33,29,2,0
33,54,1,0
33,38,1,1
33,10,4,1
33,64,1,1
33,59,7,1
33,60,4,1
33,78,9,0
33,2,3,0
33,93,9,0
33,85,7,0
33,33,6,0
33,47,5,0
33,24,2,0
33,12,8,0
33,89,1,1
33,18,6,1
33,16,2,0
33,68,8,0
33,11,0,1
33,75,6,0
33,56,2,0
33,19,9,1
33,30,0,0
33,84,3,0
33,58,6,0
33,72,0,0
33,74,5,0
33,9,3,0
33,35,4,1
33,15,6,0
33,26,9,0
33,57,8,0
33,41,4,0
33,1,4,0
33,63,5,0
33,13,1,0
33,98,0,1
33,87,3,0
33,43,2,0
33,77,0,1
33,39,6,1
33,3,4,1
33,5,5,1
119,23,5,0
119,55,9,1
119,29,1,1
119,49,4,0
119,39,7,0
119,36,4,1
119,70,2,0
119,64,1,0
119,85,4,1
119,32,4,1
119,58,5,1
119,54,2,0
119,0,2,0
119,15,8,1
119,80,7,0
119,17,2,1
119,2,9,1
119,41,8,1
119,10,6,1
119,69,9,1
119,75,1,1
119,82,7,1
119,84,2,0
119,50,1,1
119,46,7,0
119,3,0,1
119,71,6,1
119,99,9,1
119,67,0,1
119,26,1,1
119,81,0,1
119,78,1,1
119,25,6,1
119,21,1,1
119,18,9,1
119,4,5,1
119,68,0,1
119,94,6,1
119,88,6,1
119,22,1,1
119,65,2,1
119,76,6,1
119,9,0,1
119,19,0,1
119,43,4,0
119,61,5,1
119,57,0,1
119,52,7,1
119,1,8,1
119,73,4,1
119,89,2,1
119,20,8,0
119,5,1,1
119,87,7,0
119,98,9,1
119,93,2,1
119,53,4,1
119,86,5,0
119,45,2,1
119,60,1,1
119,14,4,1
119,27,6,1
119,16,1,1
119,40,0,1
119,83,5,1
119,63,6,1
119,34,8,1
119,24,5,1
119,92,8,1
119,7,2,0
119,35,7,1
119,90,6,1
119,37,6,1
119,72,7,1
119,62,3,1
119,6,9,1
481,2,4,1
481,74,6,1
481,85,1,0
481,23,6,1
481,4,7,1
481,50,4,0
481,89,8,0
481,87,9,1
481,47,2,1
481,6,9,1
481,66,2,1
481,91,0,0
481,81,0,0
481,68,4,1
481,44,8,1
481,15,3,0
481,8,2,1
481,80,4,0
481,61,9,1
481,82,0,1
481,32,5,1
481,95,8,1
481,25,9,0
481,28,9,1
481,97,6,1
481,40,4,1
481,94,6,1
481,70,3,0
481,71,8,0
481,56,3,0
481,90,6,1
481,62,0,0
481,92,3,0
481,51,0,0
481,34,4,0
481,43,5,1
481,55,8,1
481,64,8,1
481,33,1,0
481,63,0,0
481,35,0,1
481,67,2,0
481,83,8,0
481,58,2,0
481,77,6,0
481,27,2,1
481,21,6,1
481,52,7,0
481,84,6,1
481,5,2,1
481,37,1,0
481,53,6,1
481,60,0,1
481,3,9,1
481,30,3,0
481,39,9,1
481,65,5,1
481,36,8,0
481,7,5,0
481,1,0,0
481,75,8,1
481,45,3,1
481,49,1,0
481,19,9,1
481,41,6,1
481,26,1,0
481,96,1,0
481,78,2,0
481,20,2,0
481,59,4,1
481,99,7,1
481,29,5,1
481,88,1,1
481,24,8,0
481,54,0,1
481,72,1,0
481,46,5,0
389,1,2,0
389,75,2,0
389,73,2,1
389,84,3,0
389,0,7,1
389,34,6,1
389,92,2,1
389,31,4,1
389,57,8,0
389,81,6,0
389,49,3,1
389,82,3,1
389,37,9,0
389,97,7,0
389,3,4,1
389,25,1,0
389,32,4,0
389,17,1,1
389,30,3,0
389,83,3,1
389,42,4,0
389,66,6,0
389,23,7,1
389,55,7,0
389,27,3,0
389,89,7,0
389,86,8,1
389,8,3,0
389,99,5,1
389,74,0,0
389,85,7,1
389,88,4,1
389,51,5,0
389,71,2,0
389,98,1,1
389,65,1,0
389,45,8,0
389,12,7,1
389,7,4,1
389,41,4,1
389,59,8,0
389,64,7,1
389,80,3,1
389,63,1,0
389,36,7,0
389,61,1,0
389,52,5,1
389,78,9,1
389,58,7,0
389,46,1,0
389,68,1,1
389,67,4,0
389,22,5,1
389,91,6,1
389,15,5,1
389,4,8,1
389,13,5,1
389,44,8,0
389,79,6,1
389,96,1,1
389,76,0,0
389,70,3,1
389,14,1,0
389,60,5,1
389,6,0,0
389,93,8,1
389,35,0,0
389,43,6,1
389,19,5,1
389,10,6,0
389,48,4,0
389,94,7,0
389,26,1,0
389,87,1,0
389,77,8,0
389,47,3,1
389,9,1,0
389,11,9,1
389,69,7,1
389,21,6,1
389,16,3,1
389,18,2,0
389,53,9,1
373,1,5,1
373,43,5,1
373,32,0,1
373,53,2,0
373,37,9,1
373,39,5,1
373,17,2,1
373,8,6,1
373,95,5,1
373,12,8,1
373,93,3,1
373,72,5,1
373,40,6,1
373,11,1,0
373,33,2,0
373,59,6,1
373,52,1,1
373,50,2,1
373,46,2,1
373,62,8,1
373,61,2,1
373,22,5,1
373,77,1,1
373,28,6,1
373,2,2,1
373,68,3,1
373,10,8,1
373,80,0,1
373,56,7,1
373,92,2,1
373,97,0,1
373,79,9,1
373,86,7,1
373,73,7,1
373,49,4,1
373,58,5,1
373,82,3,1
373,34,3,1
373,66,5,1
373,90,6,1
373,65,1,1
373,48,8,1
373,91,6,0
373,76,4,1
373,3,6,0
373,47,6,1
373,74,6,1
373,99,1,1
373,9,7,1
373,85,4,0
373,15,7,0
373,71,1,1
373,16,2,1
373,94,8,1
373,19,3,0
373,42,6,1
373,4,0,1
373,75,0,1
373,25,2,1
373,0,8,1
373,26,4,1
373,30,5,1
373,70,7,1
373,60,1,0
373,18,1,1
373,21,8,0
373,67,0,1
373,69,3,0
373,88,5,0
373,83,4,1
373,14,0,1
373,87,3,1
373,63,4,1
373,20,4,1
373,31,4,1
373,54,9,1
373,78,6,1
373,96,7,1
373,81,2,0
373,64,3,0
373,57,7,0
373,6,5,1
373,98,5,1
373,23,0,1
373,27,3,1
373,5,7,1
373,7,8,1
373,55,1,1
255,1,7,1
255,26,6,0
255,33,5,1
255,96,9,0
255,99,5,0
255,81,8,1
255,58,6,0
255,5,4,1
255,86,5,1
255,11,4,1
255,68,9,0
255,62,1,1
255,18,3,1
255,83,4,0
255,37,3,0
255,46,1,1
255,78,0,1
255,27,8,0
255,44,3,1
255,42,0,0
255,34,5,0
255,49,8,0
255,20,5,0
255,12,0,1
255,0,7,0
255,93,7,0
255,64,9,1
255,85,6,1
255,22,4,0
255,10,9,0
255,17,1,1
255,38,6,0
255,65,7,0
255,53,1,1
255,3,3,1
255,54,8,0
255,67,6,0
255,30,1,1
255,23,9,0
255,95,2,0
255,43,8,0
255,36,6,0
255,77,2,0
255,35,0,0
255,97,0,0
255,2,1,0
255,21,0,1
255,70,0,1
255,40,8,0
255,94,0,1
255,39,7,0
255,90,5,0
255,82,0,0
255,87,9,1
255,32,1,0
255,92,7,0
255,75,3,0
255,51,5,0
255,76,2,0
255,31,1,0
255,88,9,1
255,41,8,0
255,61,6,0
255,71,5,0
255,89,5,1
255,24,1,0
255,48,1,0
255,80,2,0
255,50,5,0
255,57,2,1
255,16,3,0
255,56,4,1
255,47,9,1
255,60,7,1
255,13,4,0
255,25,2,1
255,29,6,1
255,19,5,0
255,59,7,0
37,80,7,1
37,95,9,1
37,86,7,0
37,24,1,0
37,96,5,0
37,79,6,0
37,43,4,0
37,46,9,0
37,55,9,1
37,98,4,0
37,39,6,0
37,8,5,1
37,28,6,0
37,88,0,0
37,56,7,1
37,32,9,0
37,53,8,0
37,51,1,1
37,49,7,1
37,36,4,0
37,31,6,0
37,60,0,0
37,29,1,1
37,17,6,0
37,82,3,1
37,23,3,1
37,90,6,0
37,34,8,0
37,11,3,0
37,10,3,1
37,64,7,1
37,22,3,1
37,66,0,0
37,35,3,1
37,7,7,0
37,4,3,1
37,30,5,0
37,26,8,1
37,25,6,0
37,72,7,1
37,65,7,0
37,38,9,0
37,44,0,1
37,63,1,0
37,45,6,0
37,21,2,1
37,19,8,0
37,68,0,1
37,67,8,1
37,13,7,0
37,54,3,0
37,87,3,1
37,59,6,0
37,93,4,0
37,9,4,1
37,61,9,0
37,91,6,1
37,62,5,1
37,78,0,1
37,1,2,0
37,2,0,1
37,50,8,1
37,0,1,0
37,5,9,0
37,69,0,1
37,76,3,1
37,75,1,0
37,12,8,1
37,3,1,0
37,85,9,1
37,70,0,0
37,48,1,0
37,18,5,0
37,33,8,1
37,58,3,1
37,57,0,1
37,89,6,1
37,40,8,1
37,71,3,1
37,81,0,1
37,41,7,1
0,3,9,1
0,57,4,1
0,15,3,1
0,65,0,1
0,50,8,1
0,67,5,1
0,95,0,1
0,46,2,1
0,14,4,1
0,17,9,1
0,84,6,0
0,52,5,0
0,59,0,1
0,35,2,0
0,8,7,1
0,76,3,1
0,56,0,1
0,91,6,1
0,43,7,1
0,18,3,1
0,82,5,1
0,12,5,1
0,25,3,1
0,79,0,1
0,38,3,1
0,26,9,1
0,5,9,1
0,66,1,0
0,87,6,1
0,49,8,1
0,47,8,1
0,53,3,1
0,6,5,1
0,27,5,0
0,19,2,1
0,40,1,0
0,78,4,1
0,99,6,1
0,72,6,1
0,20,2,1
0,90,3,1
0,7,7,1
0,77,6,1
0,74,6,1
0,98,2,1
0,33,3,1
0,21,3,1
0,64,1,1
0,70,5,1
0,63,8,1
0,71,4,1
0,31,5,1
0,13,4,1
0,16,7,1
0,93,8,1
0,58,4,1
0,61,3,1
0,4,3,1
0,2,3,1
0,22,7,1
0,60,1,0
0,34,4,1
0,45,4,0
0,28,3,1
0,89,2,0
0,97,9,1
0,55,8,1
0,85,4,1
0,73,1,1
0,88,5,1
0,54,9,0
0,48,8,1
0,29,0,1
0,37,4,0
0,30,3,1
0,32,3,1
0,51,1,1
0,83,3,1
106,81,0,0
106,13,0,0
106,90,4,1
106,76,1,1
106,88,3,0
106,70,0,0
106,67,5,0
106,65,8,0
106,52,3,0
106,80,2,0
106,11,7,0
106,34,7,1
106,72,4,1
106,94,7,0
106,63,2,1
106,69,5,1
106,92,9,0
106,99,9,0
106,51,7,0
106,71,5,0
106,23,3,1
106,89,0,1
106,58,9,0
106,56,2,0
106,30,4,1
106,14,5,0
106,59,9,1
106,75,6,1
106,54,1,1
106,2,6,0
106,27,1,0
106,24,0,0
106,50,2,0
106,85,0,0
106,84,0,0
106,7,7,1
106,44,2,1
106,64,8,0
106,86,7,0
106,5,1,1
106,60,1,1
106,49,5,0
106,78,3,1
106,97,9,0
106,16,8,0
106,20,0,1
106,45,7,1
106,79,4,0
106,4,5,1
106,42,6,1
106,9,8,0
106,53,4,1
106,82,5,0
106,15,7,0
106,77,2,1
106,0,5,0
106,39,3,0
106,40,2,1
106,33,2,0
106,91,7,0
106,43,1,0
106,62,3,1
106,38,0,0
106,73,4,1
106,21,4,1
106,18,5,0
106,3,2,0
106,25,8,0
106,87,5,1
106,31,5,1
106,96,5,1
106,6,6,0
106,48,1,0
106,19,5,0
106,57,9,0
106,10,8,1
106,17,0,0
106,55,8,1
106,74,1,0
106,95,4,1
106,8,0,1
106,26,6,1
106,36,7,0
106,29,8,1
106,46,1,0
106,12,7,1
106,28,9,1
106,37,2,0
497,0,8,0
497,18,8,0
497,51,0,1
497,15,5,0
497,43,0,0
497,13,6,0
497,22,6,0
497,35,4,0
497,95,0,0
497,41,3,1
497,16,9,0
497,63,7,0
497,26,6,0
497,57,8,0
497,34,0,0
497,54,6,0
497,30,8,0
497,80,0,0
497,25,1,0
497,3,7,0
497,72,6,0
497,71,8,0
497,64,2,0
497,21,5,1
497,6,5,0
497,45,5,0
497,88,6,1
497,81,4,1
497,62,0,0
497,94,2,0
497,79,8,0
497,33,1,0
497,85,6,0
497,32,6,0
497,93,2,0
497,89,8,0
497,7,8,0
497,31,2,1
497,98,3,1
497,48,2,0
497,58,1,1
497,91,3,1
497,23,4,1
497,92,1,0
497,27,4,0
497,82,9,0
497,46,8,0
497,65,6,0
497,14,1,0
497,8,7,0
497,42,1,0
497,28,3,0
497,73,6,1
497,53,8,0
497,49,7,0
497,87,2,1
497,74,7,0
497,40,3,0
497,20,3,0
497,77,1,0
497,24,2,0
497,1,8,0
497,36,0,0
497,60,8,0
497,17,9,0
497,67,2,0
497,97,3,0
497,66,3,1
497,86,9,0
497,75,2,0
497,52,8,0
497,37,3,0
497,69,8,0
497,10,8,0
497,96,5,1
497,5,5,1
497,83,3,0
495,22,8,1
495,5,7,1
495,93,6,0
495,48,2,0
495,25,6,0
495,99,5,1
495,27,7,0
495,10,7,0
495,64,9,1
495,16,6,1
495,2,5,0
495,50,6,1
495,58,6,1
495,24,3,0
495,30,3,0
495,41,7,0
495,31,4,0
495,8,1,0
495,81,2,0
495,6,2,1
495,55,2,0
495,15,5,1
495,65,1,0
495,97,6,1
495,3,1,0
495,80,5,1
495,47,3,0
495,66,7,0
495,78,0,0
495,84,3,0
495,95,4,0
495,68,6,0
495,91,5,1
495,59,2,1
495,79,9,0
495,70,2,0
495,46,8,1
495,49,1,0
495,19,6,1
495,87,1,1
495,35,5,1
495,1,3,1
495,9,1,0
495,82,4,0
495,32,2,1
495,37,2,1
495,38,7,1
495,90,3,0
495,7,0,0
495,62,2,1
495,83,1,0
495,89,1,1
495,96,8,0
495,14,4,1
495,88,8,0
495,54,1,1
495,20,7,1
495,21,7,1
495,73,8,0
495,17,3,0
495,43,0,1
495,11,2,1
495,60,2,1
495,45,7,1
495,53,1,1
495,42,7,1
495,69,1,1
495,71,3,1
495,40,0,0
495,13,0,0
495,57,6,0
495,29,5,0
495,56,6,1
495,86,2,0
495,77,9,0
495,75,0,0
495,76,1,0
495,98,3,1
495,94,8,0
495,4,5,1
495,52,9,1
88,66,6,0
88,4,6,0
88,43,6,1
88,32,9,0
88,58,4,0
88,42,1,0
88,44,7,1
88,33,7,1
88,65,6,1
88,7,0,0
88,94,4,0
88,35,8,1
88,28,0,1
88,80,9,0
88,82,0,1
88,70,8,1
88,41,8,0
88,62,8,0
88,74,1,0
88,1,4,1
88,10,5,0
88,45,9,1
88,2,1,0
88,96,6,0
88,86,4,0
88,67,4,0
88,55,3,0
88,50,4,0
88,81,6,0
88,29,6,1
88,37,5,1
88,90,1,1
88,19,1,0
88,87,2,1
88,60,1,0
88,34,4,1
88,27,3,0
88,12,6,1
88,57,1,0
88,21,9,0
88,23,1,0
88,85,5,0
88,95,0,1
88,26,2,0
88,73,8,0
88,79,0,1
88,18,3,0
88,64,9,0
88,97,1,1
88,47,1,1
88,46,6,0
88,56,7,1
88,48,6,1
88,24,5,1
88,39,1,1
88,89,2,0
88,38,5,0
88,3,0,1
88,15,0,0
88,93,5,0
88,20,1,1
88,72,6,0
88,13,8,0
88,77,3,0
88,51,1,1
88,68,4,1
88,40,6,0
88,52,8,1
88,83,0,0
88,54,1,1
88,88,7,0
88,22,1,1
88,25,2,0
88,16,4,0
88,99,0,0
88,76,7,0
88,31,8,0
88,17,5,1
88,8,6,0
88,84,7,0
88,98,7,0
88,61,1,0
88,14,0,1
88,6,3,1
88,69,8,0
88,0,2,0
367,29,9,0
367,94,8,0
367,26,7,1
367,50,5,1
367,91,2,0
367,24,5,0
367,36,6,0
367,14,5,1
367,18,2,1
367,13,7,1
367,48,1,0
367,58,9,1
367,96,5,0
367,5,7,1
367,73,6,0
367,74,0,1
367,89,0,0
367,92,4,1
367,70,2,1
367,34,8,1
367,25,0,1
367,67,6,1
367,53,3,0
367,75,4,1
367,60,1,0
367,9,6,1
367,23,2,1
367,63,3,0
367,40,1,1
367,62,3,1
367,8,2,1
367,42,7,0
367,51,6,1
367,10,0,0
367,95,0,0
367,52,6,0
367,30,2,0
367,57,6,0
367,16,1,0
367,44,6,0
367,68,7,1
367,56,8,0
367,19,8,1
367,80,3,0
367,71,2,0
367,3,6,1
367,64,2,0
367,47,5,1
367,82,4,1
367,49,6,0
367,38,9,0
367,22,2,1
367,41,8,1
367,93,1,0
367,20,4,1
367,12,6,1
367,87,4,1
367,46,5,1
367,55,2,0
367,54,4,0
367,79,6,1
367,69,7,0
367,66,8,1
367,78,9,1
367,7,3,1
367,98,8,1
367,2,9,0
367,43,7,1
367,15,1,1
367,33,9,0
367,90,1,0
367,27,7,1
367,17,4,0
367,0,6,0
367,6,1,0
367,21,1,0
367,72,2,0
367,35,4,1
367,86,1,0
29,39,3,0
29,40,1,0
29,85,8,0
29,61,4,1
29,28,0,0
29,18,4,0
29,6,8,1
29,25,6,0
29,31,1,1
29,52,6,0
29,11,2,0
29,86,8,0
29,90,0,0
29,50,2,1
29,24,8,1
29,66,4,0
29,43,4,0
29,45,9,0
29,23,8,0
29,15,8,0
29,96,2,1
29,73,1,0
29,5,6,0
29,32,5,1
29,57,0,0
29,74,9,0
29,35,4,1
29,17,4,1
29,70,3,0
29,8,8,1
29,20,2,0
29,60,4,0
29,38,9,0
29,36,5,0
29,71,9,0
29,78,8,0
29,4,0,1
29,75,0,0
29,98,3,0
29,47,6,1
29,13,9,0
29,37,8,0
29,22,7,1
29,58,5,0
29,80,5,0
29,76,9,0
29,34,6,1
29,16,8,0
29,1,0,0
29,94,0,0
29,12,4,0
29,10,6,0
29,81,3,0
29,48,3,0
29,69,1,1
29,93,6,1
29,65,6,0
29,63,8,0
29,56,4,1
29,82,5,0
29,91,7,0
29,3,3,0
29,95,6,0
29,67,2,0
29,19,3,0
29,29,0,0
29,51,6,0
29,9,9,0
29,84,0,0
29,0,2,0
29,62,3,0
29,44,6,0
29,21,1,0
29,87,6,1
29,79,5,0
29,77,0,0
29,59,8,0
29,26,3,1
29,92,4,1
29,7,0,0
29,42,4,0
29,33,4,0
29,14,4,0
29,49,0,0
392,11,1,0
392,14,4,0
392,62,2,0
392,77,8,1
392,93,2,0
392,7,9,1
392,53,7,0
392,71,4,1
392,19,3,1
392,81,5,1
392,31,3,1
392,90,8,1
392,29,0,1
392,78,9,0
392,96,9,0
392,60,0,1
392,17,5,1
392,22,8,0
392,91,9,1
392,56,3,0
392,13,4,1
392,43,9,0
392,95,2,0
392,45,7,1
392,63,2,0
392,86,2,0
392,37,9,1
392,47,7,1
392,75,7,0
392,99,2,0
392,44,6,0
392,57,1,0
392,12,4,1
392,59,9,0
392,38,2,0
392,20,3,1
392,30,6,1
392,21,1,0
392,46,2,0
392,16,4,1
392,82,9,1
392,69,2,1
392,80,9,0
392,54,9,1
392,98,5,1
392,3,8,0
392,35,9,1
392,39,0,1
392,67,6,1
392,36,6,0
392,79,6,1
392,51,0,1
392,27,4,1
392,50,3,0
392,28,8,1
392,87,3,1
392,61,1,1
392,40,4,0
392,76,4,1
392,2,6,1
392,52,7,1
392,89,5,0
392,10,5,1
392,88,7,1
392,23,7,0
392,65,6,1
392,34,6,1
392,64,2,0
392,8,1,0
392,58,6,0
392,18,9,1
392,15,2,0
392,85,2,0
392,55,2,1
392,24,3,0
392,92,3,0
392,74,9,1
392,48,0,1
392,72,4,1
392,73,2,0
392,41,0,1
392,49,3,0
392,0,9,0
392,42,5,0
298,86,4,1
298,25,3,0
298,40,4,1
298,76,7,0
298,15,9,1
298,51,2,1
298,55,0,1
298,23,5,1
298,91,5,0
298,88,1,1
298,73,1,1
298,45,8,1
298,72,0,0
298,50,2,1
298,61,5,1
298,41,6,0
298,11,9,1
298,60,0,0
298,4,0,1
298,5,7,0
298,79,9,1
298,31,7,1
298,83,2,0
298,49,0,1
298,92,0,1
298,42,0,1
298,75,0,0
298,64,4,1
298,20,6,0
298,97,3,1
298,63,0,1
298,89,5,1
298,1,0,0
298,6,2,0
298,78,0,1
298,34,1,1
298,10,7,1
298,44,3,1
298,62,7,0
298,19,3,0
298,56,4,0
298,67,4,1
298,43,7,1
298,66,1,1
298,69,5,1
298,58,0,1
298,17,0,0
298,16,3,0
298,68,5,0
298,22,8,1
298,71,2,0
298,48,1,1
298,18,6,0
298,95,7,1
298,12,1,1
298,98,0,1
298,39,1,1
298,14,6,0
298,99,6,1
298,24,2,1
298,27,2,0
298,26,2,1
298,80,4,1
298,65,5,1
298,32,9,1
298,74,9,0
298,7,5,1
298,13,0,1
2,22,1,1
2,48,5,1
2,90,7,0
2,77,8,1
2,14,8,0
2,64,7,1
2,44,7,1
2,60,2,1
2,84,1,1
2,72,3,1
2,5,1,1
2,25,2,1
2,96,3,1
2,66,1,1
2,38,3,0
2,7,7,1
2,51,6,1
2,28,3,1
2,56,3,1
2,55,7,1
2,50,2,1
2,15,2,0
2,85,8,1
2,80,9,1
2,75,7,0
2,2,8,1
2,61,7,1
2,37,2,0
2,59,6,1
2,69,7,1
2,58,0,1
2,29,0,1
2,31,9,1
2,65,6,1
2,89,6,0
2,97,4,1
2,43,8,0
2,1,0,1
2,26,9,1
2,16,9,1
2,0,3,1
2,19,6,1
2,34,9,1
2,74,8,0
2,57,1,1
2,82,3,1
2,20,4,1
2,3,4,1
2,36,3,1
2,42,1,1
2,87,6,1
2,78,5,0
2,99,2,1
2,23,7,0
2,81,0,1
2,79,0,1
2,86,1,0
2,91,2,1
2,94,7,0
2,18,3,1
2,83,9,1
2,70,1,1
2,4,4,1
2,92,1,1
2,12,9,1
2,62,7,1
2,68,8,1
2,63,0,1
2,41,4,0
2,45,3,0
2,35,8,0
2,21,6,1
2,6,6,0
2,17,7,1
2,49,1,0
2,10,7,1
2,95,3,1
2,53,6,1
2,73,0,1
2,98,6,1
487,1,9,1
487,36,2,0
487,60,3,1
487,86,6,1
487,8,9,1
487,79,7,1
487,7,6,0
487,6,2,1
487,18,6,1
487,21,0,1
487,51,7,1
487,20,6,1
487,4,3,0
487,99,6,1
487,74,2,1
487,90,4,1
487,67,5,1
487,29,4,1
487,82,6,0
487,40,4,1
487,43,1,1
487,57,2,0
487,63,8,1
487,38,9,1
487,92,9,1
487,2,1,1
487,9,7,1
487,22,3,1
487,53,3,1
487,32,5,1
487,73,9,1
487,28,6,1
487,16,4,1
487,30,9,1
487,54,2,1
487,85,2,1
487,49,3,1
487,56,8,1
487,25,9,0
487,41,6,1
487,93,4,1
487,13,9,1
487,78,2,1
487,80,1,0
487,94,0,1
487,55,6,1
487,27,9,1
487,17,6,1
487,89,6,1
487,95,0,1
487,72,7,1
487,34,0,1
487,15,5,1
487,64,0,1
487,68,6,1
487,39,7,1
487,88,3,1
487,65,0,1
487,50,3,0
487,91,5,0
487,87,7,0
487,83,1,1
487,96,8,1
487,97,7,1
487,81,7,1
487,31,8,1
487,52,4,1
487,19,2,1
487,33,4,0
487,47,5,1
487,11,2,1
487,77,0,1
487,45,4,1
487,58,8,0
487,69,1,1
487,84,4,1
487,24,2,0
487,37,6,1
487,42,6,1
487,62,2,1
487,44,5,1
487,46,7,1
409,73,2,0
409,90,6,0
409,9,2,0
409,40,5,0
409,4,3,0
409,44,5,0
409,53,1,0
409,77,9,0
409,96,1,0
409,5,7,0
409,81,8,0
409,33,6,0
409,55,6,0
409,27,0,0
409,51,5,0
409,93,1,0
409,85,5,0
409,76,5,0
409,92,2,0
409,91,9,0
409,60,1,0
409,69,6,1
409,87,8,0
409,64,2,1
409,22,9,0
409,15,8,1
409,41,9,0
409,16,9,1
409,95,3,0
409,43,6,0
409,6,9,0
409,32,2,1
409,21,3,0
409,31,8,0
409,78,4,0
409,0,4,0
409,42,5,0
409,57,9,0
409,1,4,1
409,14,8,0
409,97,1,0
409,7,4,1
409,84,1,0
409,98,3,0
409,79,4,0
409,11,3,1
409,99,8,0
409,28,3,0
409,74,9,0
409,58,6,0
409,65,8,0
409,39,9,0
409,20,0,0
409,47,9,0
409,26,7,0
409,24,5,0
409,18,3,0
409,19,0,0
409,63,7,1
409,45,9,0
409,12,9,0
409,83,5,1
409,3,4,1
409,49,2,0
409,72,8,0
409,86,4,1
409,68,4,0
409,13,8,0
409,52,2,0
409,88,1,0
409,36,9,0
409,17,8,0
409,70,9,0
409,25,6,0
409,61,5,1
409,56,8,1
409,54,9,0
409,2,8,1
409,71,3,0
409,46,0,0
409,10,6,0
409,50,8,0
344,49,4,0
344,67,3,1
344,19,5,0
344,39,0,0
344,86,1,0
344,15,7,1
344,32,0,0
344,58,0,1
344,44,8,1
344,82,5,1
344,9,2,1
344,48,2,0
344,34,3,1
344,2,5,0
344,12,8,0
344,10,6,1
344,57,2,0
344,78,9,1
344,6,8,0
344,68,8,1
344,22,1,0
344,11,6,1
344,21,5,0
344,7,2,0
344,43,6,1
344,13,5,1
344,65,2,1
344,79,2,0
344,42,3,0
344,91,4,0
344,8,1,0
344,54,1,1
344,1,9,0
344,0,0,0
344,26,0,1
344,95,2,0
344,38,0,1
344,24,9,0
344,80,7,1
344,83,9,0
344,45,7,1
344,69,8,0
344,33,4,0
344,85,4,0
344,84,6,1
344,66,1,0
344,3,5,0
344,14,9,0
344,20,5,0
344,55,2,1
344,25,3,0
344,36,2,0
344,94,0,1
344,75,6,1
344,37,6,1
344,92,5,0
344,40,8,1
344,47,8,0
344,98,4,1
344,73,1,0
344,99,2,0
344,70,2,1
344,50,4,0
344,71,7,1
344,81,8,0
344,59,1,0
344,53,1,0
344,72,9,1
344,41,7,0
344,97,4,0
344,5,9,0
344,23,2,0
344,52,1,0
344,77,2,0
344,61,1,0
344,56,3,1
344,29,7,0
344,96,8,0
344,51,1,0
344,31,5,1
417,31,1,0
417,53,2,0
417,85,2,1
417,78,2,0
417,41,1,1
417,86,7,1
417,42,3,0
417,67,1,1
417,68,2,0
417,70,4,1
417,61,8,1
417,81,4,0
417,74,1,0
417,5,4,0
417,15,6,1
417,60,2,0
417,92,9,1
417,59,9,1
417,56,3,0
417,76,1,1
417,48,3,1
417,63,3,1
417,7,0,1
417,17,0,1
417,20,0,1
417,22,7,1
417,2,1,1
417,43,1,1
417,33,2,0
417,97,9,1
417,71,5,0
417,96,7,1
417,29,4,1
417,25,6,1
417,65,9,0
417,23,6,1
417,80,2,1
417,79,4,1
417,62,3,1
417,24,0,1
417,0,8,0
417,14,3,0
417,91,3,1
417,11,5,1
417,13,7,1
417,39,2,1
417,72,7,1
417,73,5,0
417,50,1,1
417,19,5,1
417,34,8,0
417,46,7,0
417,27,0,0
417,9,6,1
417,69,8,0
417,28,0,1
417,82,1,1
417,10,2,0
417,87,3,1
417,83,8,1
417,99,9,1
417,52,7,0
417,98,8,1
417,64,3,1
417,51,8,0
417,26,5,1
417,44,1,0
417,4,4,1
417,12,0,1
417,84,1,0
417,93,1,0
417,36,8,0
417,6,4,1
417,66,7,0
417,3,6,0
417,8,2,0
417,21,2,1
417,40,6,1
417,55,8,0
417,47,4,1
322,97,4,1
322,85,3,0
322,30,3,0
322,54,7,1
322,47,9,0
322,52,0,1
322,2,7,1
322,90,1,1
322,15,2,1
322,83,3,1
322,23,2,1
322,98,9,1
322,80,2,0
322,48,9,0
322,36,5,1
322,4,3,1
322,7,1,0
322,42,3,1
322,95,7,0
322,33,2,1
322,32,5,1
322,94,1,0
322,8,1,1
322,43,3,1
322,62,8,1
322,69,6,1
322,37,7,1
322,87,9,1
322,40,3,1
322,71,7,1
322,19,9,1
322,26,7,1
322,14,9,1
322,50,0,0
322,49,8,1
322,91,3,0
322,41,4,0
322,18,1,0
322,81,5,0
322,29,4,1
322,56,4,1
322,1,0,1
322,10,3,1
322,78,7,0
322,55,9,1
322,16,8,1
322,20,9,0
322,12,8,1
322,72,1,0
322,70,1,0
322,9,6,1
322,75,2,0
322,45,0,1
322,99,2,1
322,66,6,0
322,88,0,1
322,64,6,1
322,93,9,0
322,74,6,1
322,65,3,1
322,51,1,0
322,34,5,1
322,68,9,1
322,57,1,1
322,61,5,1
322,89,0,0
322,86,2,1
322,0,8,1
322,35,8,1
322,3,5,1
322,53,1,0
322,25,2,0
322,5,7,1
322,38,0,0
322,11,3,1
322,84,6,1
322,39,3,0
322,27,5,1
322,13,4,1
322,73,6,0
322,44,4,1
322,92,2,0
310,22,2,1
310,7,5,0
310,94,2,0
310,45,7,0
310,48,6,1
310,14,2,0
310,35,7,1
310,64,5,1
310,66,3,0
310,2,4,1
310,38,5,1
310,44,4,1
310,49,1,1
310,24,2,0
310,40,9,1
310,62,8,0
310,12,2,0
310,71,1,1
310,53,2,0
310,29,2,1
310,39,3,0
310,1,5,1
310,89,1,1
310,33,8,1
310,31,9,1
310,28,0,1
310,51,4,1
310,73,7,1
310,87,6,1
310,85,4,1
310,15,1,0
310,41,1,1
310,21,4,1
310,19,0,1
310,69,1,0
310,47,8,1
310,26,3,0
310,52,5,1
310,70,4,1
310,90,4,1
310,63,8,1
310,17,8,1
310,99,1,1
310,20,5,1
310,72,2,0
310,4,5,1
310,61,8,1
310,0,7,0
310,86,8,1
310,57,9,1
310,42,3,0
310,27,5,1
310,74,6,1
310,76,0,1
310,32,7,1
310,96,9,1
310,37,8,1
310,84,0,1
310,23,1,1
310,81,8,1
310,18,2,1
310,46,5,1
310,9,5,1
310,97,0,1
310,59,4,1
310,91,9,1
310,3,0,1
310,10,3,1
310,60,4,1
310,82,6,0
310,68,3,0
310,58,8,1
310,25,5,1
310,80,7,1
310,30,1,0
310,11,3,1
310,75,5,1
310,67,0,1
310,55,3,1
310,36,6,1
247,79,0,1
247,44,3,1
247,78,3,1
247,57,5,1
247,18,2,1
247,45,0,1
247,38,3,1
247,73,2,1
247,77,2,0
247,19,4,1
247,90,5,0
247,58,1,1
247,74,2,1
247,12,2,1
247,6,7,1
247,32,5,1
247,69,8,1
247,51,8,1
247,88,9,0
247,95,1,1
247,30,8,1
247,55,0,1
247,93,2,1
247,25,5,1
247,83,6,1
247,1,7,0
247,27,0,1
247,0,2,1
247,99,9,1
247,35,7,1
247,31,3,1
247,15,2,1
247,20,3,1
247,86,8,1
247,76,3,1
247,92,5,1
247,47,4,1
247,23,7,1
247,68,9,1
247,42,6,1
247,96,5,0
247,11,4,0
247,16,1,1
247,3,5,1
247,82,2,1
247,63,7,1
247,29,4,1
247,75,9,0
247,87,2,1
247,56,2,0
247,98,2,0
247,46,3,1
247,21,1,1
247,94,9,1
247,97,9,1
247,65,2,0
247,62,4,0
247,60,7,1
247,49,2,0
247,7,5,1
247,28,8,0
247,8,5,1
247,26,9,1
247,59,4,1
247,81,6,0
247,48,3,1
247,70,4,1
247,2,8,0
247,39,4,1
247,13,4,1
247,72,9,1
247,71,5,1
247,91,4,1
247,37,6,1
247,41,0,0
247,89,2,0
247,34,9,1
262,59,4,1
262,34,8,1
262,3,8,1
262,9,7,0
262,61,9,1
262,29,9,0
262,23,4,1
262,76,3,1
262,41,9,1
262,13,4,1
262,89,2,1
262,56,9,0
262,79,6,1
262,93,5,0
262,95,7,0
262,14,6,0
262,70,9,1
262,87,7,1
262,69,5,1
262,25,8,0
262,84,3,1
262,31,7,0
262,32,0,1
262,63,0,1
262,16,6,1
262,4,2,0
262,10,6,0
262,15,7,1
262,17,7,1
262,33,0,0
262,77,5,1
262,75,4,1
262,19,7,1
262,92,9,1
262,8,4,1
262,62,5,1
262,86,5,1
262,67,7,1
262,99,9,1
262,48,2,0
262,90,5,1
262,51,1,1
262,45,7,1
262,58,2,1
262,44,4,1
262,39,1,0
262,57,2,1
262,91,6,1
262,22,0,1
262,85,5,1
262,49,4,1
262,26,9,0
262,80,3,1
262,73,1,1
262,43,9,1
262,96,1,0
262,35,4,1
262,5,5,1
262,68,2,1
262,78,5,1
262,20,9,1
262,52,4,1
262,21,8,0
262,6,1,1
262,27,1,0
262,2,4,0
262,42,7,1
262,55,1,0
262,71,7,1
262,74,4,1
262,97,5,1
262,0,3,1
262,81,7,0
262,47,8,0
262,88,4,1
262,38,0,1
238,7,2,1
238,26,8,1
238,52,6,1
238,22,9,1
238,47,2,1
238,18,8,1
238,10,1,1
238,44,5,1
238,65,5,1
238,66,8,0
238,5,0,1
238,21,1,1
238,58,7,1
238,78,4,0
238,34,8,1
238,30,9,1
238,50,4,1
238,43,1,0
238,71,7,1
238,62,0,1
238,6,7,1
238,76,6,1
238,60,8,1
238,73,1,1
238,27,9,1
238,19,1,1
238,63,4,1
238,0,2,1
238,20,3,1
238,13,5,1
238,87,0,1
238,93,7,0
238,82,4,1
238,72,0,1
238,46,8,1
238,83,7,1
238,48,0,1
238,42,8,1
238,94,6,1
238,51,9,1
238,28,4,1
238,81,7,1
238,31,1,1
238,3,3,1
238,79,8,1
238,11,5,1
238,92,1,1
238,53,4,1
238,40,0,1
238,64,1,1
238,9,5,1
238,77,7,1
238,35,0,1
238,1,6,1
238,54,5,1
238,75,7,0
238,32,0,1
238,39,0,1
238,8,3,1
238,55,4,1
238,99,5,1
238,86,4,1
238,17,3,1
238,56,7,1
238,98,1,1
238,90,9,1
238,2,4,1
238,38,2,1
238,37,2,1
238,69,5,1
238,24,2,1
238,70,9,1
238,96,6,1
238,16,6,1
238,33,0,1
238,61,7,1
238,91,0,1
238,85,8,1
238,23,9,0
238,29,2,0
238,45,1,0
238,12,3,0
238,57,7,1
238,14,0,1
238,95,0,1
238,25,2,1
238,59,3,1
430,25,3,0
430,90,9,0
430,17,1,0
430,21,1,1
430,41,2,0
430,81,8,0
430,62,9,0
430,15,0,1
430,82,4,0
430,31,7,1
430,7,2,0
430,2,2,1
430,35,1,0
430,38,2,1
430,23,9,0
430,93,8,1
430,18,3,0
430,47,1,1
430,12,0,0
430,70,1,0
430,99,4,0
430,79,2,1
430,75,6,0
430,78,5,0
430,11,0,1
430,96,0,1
430,48,8,0
430,72,8,0
430,28,1,0
430,4,2,0
430,83,6,1
430,49,7,0
430,13,0,1
430,68,5,0
430,95,2,0
430,60,0,0
430,87,7,0
430,69,4,1
430,44,5,1
430,59,9,1
430,53,1,1
430,29,1,1
430,54,8,0
430,74,5,1
430,50,4,1
430,34,0,0
430,19,1,1
430,76,2,0
430,3,3,0
430,66,3,0
430,98,2,1
430,64,0,0
430,33,2,0
430,40,6,1
430,30,7,1
430,36,2,1
430,65,1,0
430,46,5,1
430,5,0,1
430,6,6,1
430,45,3,0
430,91,1,0
430,92,1,1
430,97,3,0
430,9,8,1
430,89,5,0
430,71,9,1
430,88,3,0
430,16,8,0
430,26,8,0
430,51,5,1
430,52,4,1
430,61,6,1
430,22,6,1
430,55,8,0
430,43,2,1
430,42,3,0
430,32,7,1
430,86,2,0
181,11,4,1
181,52,5,1
181,0,8,0
181,1,0,0
181,3,5,1
181,55,4,1
181,64,3,0
181,77,7,0
181,61,5,0
181,53,3,0
181,49,0,1
181,47,5,1
181,66,0,0
181,39,3,1
181,9,3,1
181,27,0,1
181,92,9,1
181,43,1,0
181,37,8,1
181,46,6,1
181,95,8,0
181,97,3,0
181,78,9,1
181,58,9,0
181,70,8,0
181,20,7,1
181,25,1,1
181,2,8,1
181,99,8,1
181,83,9,1
181,28,1,1
181,85,4,1
181,7,6,1
181,65,9,1
181,15,7,1
181,32,9,1
181,93,3,0
181,57,1,1
181,50,5,1
181,31,1,1
181,22,4,1
181,16,1,1
181,40,3,1
181,67,2,0
181,5,9,1
181,82,9,1
181,33,6,1
181,24,5,1
181,10,1,1
181,94,7,1
181,29,4,1
181,98,1,1
181,60,9,0
181,71,7,1
181,44,8,1
181,59,0,1
181,54,5,1
181,36,7,1
181,88,0,0
181,17,9,1
181,8,8,1
181,19,2,0
181,51,3,1
181,80,1,1
181,91,1,1
181,76,3,0
181,68,8,1
181,21,3,0
181,89,5,1
181,18,2,1
181,73,2,1
181,30,7,1
181,72,4,1
181,41,7,0
181,96,9,1
181,79,7,1
181,84,4,1
181,56,2,1
181,42,7,0
181,6,3,1
483,7,9,0
483,45,0,1
483,16,3,0
483,32,5,0
483,60,7,0
483,69,3,0
483,88,1,0
483,58,2,0
483,36,3,1
483,93,5,0
483,20,7,0
483,52,8,0
483,5,1,0
483,95,4,1
483,46,0,0
483,64,9,0
483,61,6,0
483,92,5,0
483,38,2,1
483,0,7,1
483,85,7,1
483,39,9,1
483,4,4,1
483,27,4,0
483,50,8,0
483,53,7,0
483,18,0,0
483,12,4,1
483,11,6,0
483,79,4,0
483,94,3,0
483,33,0,0
483,31,0,0
483,3,7,0
483,22,0,0
483,83,9,0
483,70,6,1
483,41,3,0
483,14,2,0
483,21,4,0
483,71,5,1
483,66,8,0
483,35,1,0
483,82,9,0
483,15,7,0
483,23,8,0
483,72,5,0
483,43,7,0
483,65,6,0
483,55,8,1
483,86,8,0
483,30,9,1
483,75,2,1
483,56,3,0
483,29,5,0
483,34,9,0
483,40,9,0
483,9,8,0
483,19,7,1
483,28,1,0
483,57,0,0
483,8,7,0
483,51,1,0
483,84,2,0
483,49,1,0
483,74,4,1
483,47,0,1
483,81,1,0
483,76,5,0
483,44,4,0
483,6,1,0
483,26,7,1
483,89,0,0
483,2,9,0
483,80,8,0
483,97,9,1
483,25,7,1
483,10,8,1
343,66,8,1
343,58,1,0
343,6,3,0
343,39,2,1
343,59,8,0
343,21,9,1
343,86,2,1
343,5,9,1
343,96,9,1
343,15,3,1
343,19,2,1
343,57,6,1
343,45,5,0
343,41,0,1
343,14,6,1
343,2,3,1
343,35,3,0
343,63,1,0
343,27,8,0
343,54,1,1
343,56,0,1
343,62,6,1
343,67,9,1
343,47,5,1
343,17,7,1
343,88,9,1
343,1,0,0
343,28,2,1
343,75,2,1
343,26,7,1
343,29,1,0
343,46,4,1
343,13,0,1
343,30,3,0
343,16,8,0
343,18,6,1
343,85,7,1
343,69,2,0
343,24,3,0
343,38,2,0
343,43,0,1
343,9,7,1
343,64,4,1
343,44,1,0
343,80,5,1
343,50,8,1
343,25,6,0
343,60,7,1
343,89,8,1
343,99,4,1
343,4,0,1
343,8,1,0
343,33,3,1
343,87,4,1
343,32,0,1
343,93,3,0
343,55,9,0
343,84,8,0
343,77,7,0
343,40,3,1
343,92,2,1
343,12,0,1
343,20,4,0
343,61,8,0
343,34,6,0
343,76,8,0
343,31,9,0
343,7,7,0
343,73,9,1
343,22,5,0
343,79,4,1
343,83,1,0
343,0,8,1
343,78,9,1
343,82,2,1
343,81,0,1
343,48,8,0
343,91,9,1
224,75,4,1
224,32,8,0
224,46,2,1
224,33,3,0
224,66,4,0
224,65,3,0
224,24,5,0
224,1,2,1
224,71,5,0
224,96,0,0
224,76,6,0
224,61,2,0
224,13,6,0
224,4,7,0
224,11,1,0
224,41,9,0
224,48,8,0
224,87,0,1
224,9,1,0
224,42,4,1
224,97,2,0
224,80,8,1
224,56,4,1
224,93,2,0
224,64,0,0
224,29,7,1
224,36,3,0
224,89,0,0
224,60,7,0
224,47,1,1
224,5,0,0
224,49,0,0
224,26,7,0
224,3,8,0
224,85,0,0
224,67,4,0
224,2,4,1
224,37,0,1
224,12,8,0
224,31,8,1
224,69,3,0
224,90,0,0
224,53,1,0
224,16,4,0
224,28,0,1
224,58,3,0
224,79,7,0
224,43,7,0
224,44,0,1
224,38,4,0
224,50,0,0
224,21,6,1
224,55,7,1
224,81,9,0
224,22,8,0
224,91,9,1
224,77,5,0
224,68,1,0
224,99,4,0
224,20,2,1
224,19,2,0
224,92,1,1
224,74,1,0
224,51,0,0
224,8,0,1
224,23,7,0
224,39,1,0
224,15,1,1
224,82,3,0
224,45,2,1
224,88,6,1
224,35,1,0
224,72,1,0
224,27,3,0
224,84,0,0
224,63,8,0
224,18,7,1
224,62,1,0
224,59,2,0
224,34,2,0
224,94,4,0
224,6,1,0
133,73,1,1
133,18,3,0
133,31,1,0
133,32,6,0
133,50,9,0
133,82,7,1
133,46,9,0
133,22,4,0
133,61,9,1
133,75,8,0
133,1,0,1
133,98,2,0
133,66,9,0
133,74,2,0
133,64,7,1
133,23,2,0
133,45,8,0
133,4,7,1
133,12,1,0
133,51,2,0
133,7,4,0
133,27,8,1
133,78,3,0
133,34,3,1
133,93,2,1
133,90,3,0
133,25,1,0
133,80,9,0
133,99,1,0
133,97,7,0
133,63,3,0
133,40,0,1
133,95,8,0
133,36,1,0
133,57,2,0
133,21,6,1
133,38,6,0
133,26,9,0
133,13,1,0
133,48,9,1
133,10,7,0
133,19,3,0
133,62,3,1
133,29,2,1
133,59,7,1
133,87,1,0
133,35,6,1
133,15,0,0
133,52,0,0
133,67,2,0
133,37,8,1
133,84,5,0
133,96,2,0
133,65,6,0
133,47,7,0
133,72,9,0
133,49,5,0
133,39,0,1
133,85,4,0
133,68,5,1
133,11,2,1
133,28,7,0
133,3,0,1
133,89,6,1
133,5,3,0
133,54,8,1
133,94,0,1
133,17,9,0
133,91,0,0
133,24,0,1
133,41,3,1
133,86,7,0
133,79,2,0
133,60,0,0
133,43,8,1
133,55,6,1
133,16,6,1
133,6,3,0
133,71,4,0
133,69,8,0
133,33,4,0
133,77,3,0
133,8,3,0
133,83,2,0
433,66,3,0
433,62,7,0
433,64,8,0
433,16,0,0
433,79,8,0
433,38,2,0
433,2,9,0
433,88,5,0
433,33,6,0
433,91,1,0
433,75,3,1
433,82,8,0
433,94,9,0
433,35,6,1
433,65,4,0
433,0,7,0
433,60,6,0
433,76,1,0
433,80,8,0
433,95,9,0
433,34,5,1
433,27,7,0
433,32,2,1
433,10,2,1
433,89,8,1
433,25,6,0
433,51,5,0
433,30,9,1
433,22,2,0
433,70,7,0
433,73,5,1
433,52,3,1
433,84,5,1
433,85,8,0
433,83,2,1
433,1,4,1
433,29,4,1
433,24,2,0
433,78,0,0
433,99,0,1
433,8,6,1
433,5,8,0
433,7,9,0
433,41,8,0
433,26,2,0
433,74,9,0
433,56,3,0
433,68,7,0
433,47,9,0
433,98,2,0
433,14,8,1
433,90,3,0
433,48,6,1
433,87,4,1
433,37,1,1
433,21,3,1
433,49,9,0
433,31,3,0
433,54,8,1
433,15,4,1
433,63,2,0
433,96,7,0
433,40,4,0
433,72,0,1
433,86,4,0
433,81,0,1
433,12,4,1
433,53,7,0
433,58,8,0
433,45,6,1
433,13,7,0
433,50,3,0
433,18,8,1
433,69,9,1
433,23,5,1
433,4,4,1
433,77,0,1
433,39,9,0
433,57,2,0
327,21,1,0
327,69,8,0
327,46,7,0
327,35,0,0
327,29,2,0
327,89,7,0
327,67,4,1
327,75,9,0
327,4,2,0
327,52,5,0
327,13,1,0
327,48,5,0
327,83,8,0
327,98,2,0
327,72,0,0
327,70,5,0
327,96,1,0
327,31,7,0
327,47,6,0
327,5,8,0
327,45,7,0
327,23,9,1
327,62,5,1
327,0,1,0
327,71,7,0
327,50,8,1
327,86,9,0
327,55,8,0
327,40,1,0
327,36,6,0
327,34,3,0
327,2,1,0
327,7,8,1
327,93,9,0
327,57,5,0
327,63,2,0
327,65,4,0
327,1,0,0
327,79,2,0
327,78,6,0
327,16,1,0
327,15,9,1
327,12,1,1
327,24,8,0
327,68,6,0
327,25,5,0
327,39,0,0
327,19,4,0
327,82,3,0
327,38,6,0
327,3,1,0
327,49,4,1
327,97,4,0
327,6,2,0
327,14,0,1
327,51,6,0
327,32,9,1
327,81,9,0
327,80,0,0
327,8,8,0
327,54,8,0
327,73,8,0
327,33,0,0
327,99,8,1
327,60,6,1
327,41,4,0
327,74,0,1
327,18,8,0
327,95,4,0
327,43,8,0
327,64,6,1
327,84,3,0
327,61,8,1
327,56,1,0
327,9,5,0
327,59,0,0
327,77,3,0
327,87,3,0
327,42,1,0
327,91,4,0
327,22,9,0
327,28,1,0
377,2,4,1
377,90,0,0
377,43,1,1
377,92,9,1
377,24,9,1
377,65,7,0
377,83,2,0
377,52,0,1
377,54,0,1
377,56,3,1
377,80,6,1
377,39,3,1
377,50,1,0
377,21,2,1
377,93,9,1
377,79,7,1
377,0,4,1
377,68,0,1
377,51,9,1
377,84,8,0
377,78,6,1
377,32,6,0
377,25,1,1
377,58,8,0
377,14,2,1
377,6,9,1
377,72,8,1
377,67,3,1
377,38,4,1
377,69,9,1
377,22,2,1
377,34,7,0
377,11,5,1
377,94,2,1
377,85,7,1
377,86,4,1
377,42,3,1
377,15,6,1
377,45,9,1
377,31,8,1
377,23,0,1
377,71,6,0
377,53,1,1
377,59,6,1
377,66,7,1
377,19,6,1
377,36,1,1
377,17,5,0
377,89,4,0
377,12,7,1
377,8,5,1
377,10,0,0
377,88,4,1
377,47,6,1
377,74,4,1
377,77,5,0
377,63,8,1
377,40,1,1
377,99,2,0
377,97,5,0
377,70,7,1
377,75,3,1
377,95,1,1
377,28,4,1
377,37,1,1
377,82,3,0
377,29,2,0
377,64,8,1
377,7,1,1
377,96,4,1
377,73,0,0
377,55,9,0
377,44,9,1
377,16,9,1
377,18,7,1
377,27,3,0
377,9,7,1
217,23,3,1
217,10,6,1
217,68,6,1
217,22,6,1
217,48,9,0
217,60,5,0
217,84,3,1
217,32,5,1
217,63,0,1
217,99,6,1
217,74,1,0
217,70,5,0
217,98,5,1
217,54,7,1
217,97,6,1
217,73,8,1
217,17,3,0
217,94,4,1
217,76,7,1
217,51,5,1
217,81,9,1
217,36,4,0
217,4,1,1
217,37,3,1
217,14,6,0
217,95,3,1
217,45,5,1
217,56,0,1
217,50,0,0
217,92,9,0
217,77,9,0
217,93,3,0
217,80,3,1
217,33,2,1
217,82,1,1
217,58,1,1
217,72,0,1
217,62,5,1
217,71,1,1
217,88,2,0
217,2,5,1
217,96,1,1
217,25,5,1
217,30,5,1
217,57,0,1
217,11,0,0
217,26,6,0
217,18,4,1
217,85,3,1
217,12,5,1
217,34,4,1
217,28,4,1
217,55,2,1
217,47,2,1
217,59,3,1
217,83,6,1
217,39,7,1
217,41,9,0
217,5,0,1
217,27,1,0
217,49,2,0
217,24,7,1
217,16,4,1
217,78,8,1
217,66,3,1
217,35,6,1
217,29,9,1
217,46,4,1
217,69,1,1
217,40,1,0
217,42,6,1
217,79,3,0
217,44,1,0
217,61,2,0
217,75,7,0
217,1,3,1
217,20,4,1
217,6,1,1
217,7,9,1
217,31,8,0
217,52,0,1
217,8,8,0
183,75,7,0
183,83,0,1
183,47,6,0
183,70,0,1
183,57,4,1
183,59,5,1
183,85,5,0
183,94,7,1
183,46,4,1
183,54,5,0
183,62,1,0
183,80,1,1
183,55,9,1
183,86,1,0
183,37,6,0
183,71,9,1
183,45,3,0
183,6,7,1
183,17,8,1
183,65,0,0
183,30,4,0
183,69,5,0
183,34,3,0
183,67,4,0
183,44,6,1
183,51,4,1
183,72,8,0
183,87,3,0
183,27,0,1
183,28,9,1
183,68,8,0
183,63,0,0
183,1,2,0
183,15,6,0
183,2,8,1
183,25,9,1
183,38,2,0
183,64,3,1
183,19,7,0
183,93,1,0
183,74,2,0
183,48,3,1
183,20,4,0
183,18,2,1
183,42,0,0
183,3,4,1
183,31,0,1
183,35,4,0
183,16,3,0
183,79,3,0
183,26,9,0
183,96,4,0
183,50,4,0
183,41,7,0
183,8,4,0
183,23,0,1
183,61,4,1
183,97,8,0
183,10,5,0
183,95,9,0
183,77,4,0
183,76,4,0
183,66,8,0
183,36,0,0
183,39,0,1
183,32,3,1
183,5,4,1
183,7,9,0
183,43,8,1
183,40,7,1
183,52,8,0
183,92,0,1
183,13,4,1
157,47,5,0
157,23,4,0
157,31,2,0
157,20,3,1
157,71,7,0
157,33,8,0
157,32,1,1
157,53,2,0
157,30,2,0
157,88,0,1
157,35,0,1
157,6,9,1
157,41,3,1
157,58,6,1
157,62,0,1
157,25,9,1
157,85,6,0
157,91,3,0
157,55,3,0
157,82,3,1
157,17,7,0
157,7,3,0
157,12,5,0
157,95,4,0
157,93,0,0
157,99,7,0
157,83,1,1
157,84,6,0
157,51,9,0
157,4,8,1
157,87,7,1
157,75,4,1
157,38,0,0
157,48,4,1
157,16,8,0
157,90,0,1
157,19,9,1
157,60,2,0
157,39,2,1
157,77,8,0
157,54,4,1
157,0,3,1
157,61,9,1
157,52,0,1
157,37,9,1
157,49,2,1
157,21,1,1
157,22,6,1
157,1,0,0
157,56,9,0
157,10,9,0
157,69,3,0
157,36,7,1
157,5,5,0
157,76,4,1
157,28,2,0
157,65,3,1
157,45,7,1
157,64,8,1
157,67,5,1
157,86,5,1
157,94,4,0
157,97,8,1
157,18,5,1
157,57,2,0
157,42,1,1
157,98,0,1
157,50,3,0
157,27,1,1
157,79,9,1
157,80,5,0
157,43,1,1
157,66,0,1
157,3,8,1
157,9,4,1
157,96,9,1
157,14,7,1
157,15,7,0
132,67,1,1
132,53,7,1
132,50,3,1
132,54,3,1
132,76,6,0
132,32,8,1
132,6,9,0
132,2,0,1
132,25,5,1
132,33,7,1
132,34,8,0
132,47,1,1
132,62,0,1
132,8,2,0
132,63,5,1
132,98,4,1
132,71,5,1
132,94,2,1
132,45,1,1
132,58,6,0
132,75,5,1
132,21,6,1
132,23,8,1
132,93,6,1
132,80,8,1
132,3,3,1
132,77,9,1
132,73,9,1
132,41,0,0
132,69,5,1
132,35,7,1
132,74,3,1
132,95,6,0
132,28,0,1
132,56,2,1
132,84,8,1
132,13,9,1
132,52,5,1
132,78,2,1
132,26,3,1
132,16,8,0
132,91,3,0
132,51,2,0
132,72,4,0
132,68,4,1
132,24,2,1
132,65,6,1
132,36,9,0
132,64,0,1
132,90,6,1
132,17,4,1
132,18,2,0
132,44,4,1
132,22,5,0
132,37,7,0
132,70,1,0
132,39,4,1
132,49,4,1
132,96,2,0
132,57,2,1
132,5,9,0
132,38,6,0
132,0,8,1
132,81,0,1
132,11,8,0
132,86,5,1
132,14,1,1
132,9,0,1
132,59,9,1
132,12,5,0
132,10,9,0
132,19,9,1
132,88,3,1
132,99,7,1
132,30,9,0
132,40,8,0
132,15,6,1
132,61,3,0
280,31,3,1
280,3,2,0
280,37,3,0
280,2,2,0
280,63,2,0
280,11,7,0
280,60,9,0
280,85,5,0
280,9,3,0
280,29,1,0
280,93,4,0
280,53,8,0
280,50,7,0
280,38,2,0
280,5,5,0
280,26,3,0
280,45,3,0
280,16,6,0
280,82,0,0
280,80,4,0
280,90,5,0
280,69,5,0
280,97,7,0
280,40,8,1
280,44,1,1
280,4,5,0
280,87,8,0
280,32,2,1
280,25,8,0
280,73,1,0
280,59,2,0
280,8,8,0
280,36,9,0
280,15,8,0
280,24,5,0
280,92,4,0
280,14,1,0
280,23,6,0
280,58,2,1
280,91,0,0
280,21,2,0
280,95,3,0
280,86,4,0
280,79,8,0
280,0,9,0
280,49,3,1
280,96,7,0
280,84,4,0
280,20,5,1
280,42,6,1
280,27,2,0
280,66,9,1
280,10,4,0
280,43,5,0
280,55,0,0
280,18,7,0
280,57,6,1
280,99,4,0
280,88,2,0
280,22,0,0
280,78,1,0
280,62,2,0
280,76,5,0
280,39,0,0
280,35,4,0
280,71,9,0
280,6,3,0
280,67,7,0
280,7,8,0
280,13,8,1
280,61,1,0
280,72,4,0
280,47,7,0
280,30,5,0
280,33,1,0
280,56,2,1
280,19,5,0
280,28,6,0
280,52,5,0
280,94,3,0
62,95,6,1
62,76,7,0
62,22,8,0
62,16,5,1
62,42,2,1
62,57,5,1
62,87,4,1
62,32,4,1
62,4,9,1
62,62,0,1
62,97,0,1
62,10,7,0
62,30,9,1
62,86,9,0
62,79,5,1
62,47,4,1
62,39,1,0
62,78,4,1
62,55,7,1
62,13,2,1
62,53,9,1
62,33,8,1
62,44,8,1
62,27,8,1
62,63,8,0
62,68,2,0
62,88,2,1
62,50,7,0
62,82,1,0
62,72,5,0
62,35,3,1
62,89,7,1
62,58,2,1
62,71,7,0
62,93,8,0
62,5,0,0
62,9,8,1
62,7,5,1
62,70,3,1
62,2,5,1
62,91,3,0
62,96,0,1
62,74,9,1
62,84,0,1
62,38,4,1
62,60,1,1
62,28,7,0
62,41,8,1
62,6,1,1
62,26,9,1
62,61,8,1
62,59,4,1
62,69,3,1
62,52,8,1
62,21,0,1
62,37,7,1
62,90,9,1
62,64,0,1
62,81,8,1
62,80,0,1
62,40,9,1
62,29,3,1
62,98,3,1
62,92,1,1
62,0,8,1
62,31,7,0
62,18,8,1
62,20,1,1
62,25,8,1
62,48,0,1
62,73,1,1
62,49,7,0
62,12,1,0
62,34,7,1
62,11,1,1
62,85,5,1
62,51,4,1
62,67,3,1
62,14,5,1
62,46,3,0
62,19,7,1
62,8,3,1
62,43,2,0
62,77,7,1
62,1,3,0
240,79,7,1
240,5,6,1
240,12,2,0
240,62,7,1
240,81,9,1
240,83,0,1
240,10,6,1
240,14,8,1
240,8,7,0
240,23,1,1
240,24,6,0
240,59,9,1
240,40,1,1
240,18,9,1
240,15,3,0
240,42,8,1
240,27,5,1
240,95,3,1
240,71,0,0
240,56,1,1
240,0,8,0
240,13,5,1
240,4,7,1
240,26,7,1
240,36,4,1
240,34,0,1
240,45,9,1
240,57,5,1
240,33,7,1
240,75,5,1
240,25,4,1
240,6,7,1
240,46,4,1
240,16,2,1
240,52,3,0
240,3,0,1
240,22,2,1
240,84,2,1
240,70,9,1
240,94,5,1
240,91,2,1
240,86,2,0
240,37,0,1
240,93,3,1
240,2,6,1
240,35,6,1
240,21,0,0
240,99,1,0
240,87,6,0
240,41,9,1
240,44,1,0
240,49,4,0
240,85,7,1
240,31,5,0
240,96,5,1
240,74,5,1
240,64,1,1
240,66,1,1
240,61,5,1
240,58,1,1
240,73,9,1
240,55,6,1
240,54,9,1
240,39,3,1
240,80,8,1
240,38,3,1
240,43,5,1
240,53,2,0
240,28,9,1
240,65,3,0
240,11,3,1
240,19,9,1
240,20,2,1
240,92,0,1
240,30,3,0
240,69,7,1
348,54,4,0
348,64,3,0
348,61,5,1
348,40,4,0
348,45,1,0
348,7,6,0
348,52,0,0
348,66,4,0
348,6,6,0
348,41,9,0
348,60,8,0
348,83,7,0
348,90,6,0
348,5,4,1
348,4,6,0
348,15,2,0
348,50,4,0
348,69,5,1
348,33,5,1
348,85,2,0
348,82,0,0
348,18,4,0
348,12,1,0
348,29,7,0
348,79,7,0
348,74,0,1
348,11,4,0
348,19,0,0
348,59,5,0
348,39,0,0
348,23,9,0
348,80,9,0
348,47,6,1
348,10,3,0
348,93,1,0
348,27,3,0
348,16,5,0
348,31,4,0
348,38,1,0
348,84,1,1
348,42,8,0
348,26,3,0
348,34,0,0
348,62,9,1
348,46,9,0
348,86,7,1
348,94,9,0
348,75,1,0
348,13,9,0
348,63,0,0
348,72,4,0
348,48,0,0
348,76,5,0
348,25,8,0
348,0,5,0
348,51,1,0
348,24,5,0
348,70,5,1
348,57,5,0
348,44,5,0
348,91,7,0
348,77,2,0
348,30,0,0
348,43,2,1
348,97,8,0
348,32,5,1
348,92,2,1
348,95,2,1
348,98,7,0
348,65,8,0
348,2,0,1
348,22,3,0
348,58,6,1
348,49,7,0
348,35,8,0
348,89,9,0
348,68,1,0
348,17,7,0
348,87,2,0
348,78,0,0
96,76,3,1
96,65,8,0
96,13,1,0
96,62,3,0
96,33,8,1
96,46,4,0
96,68,3,0
96,6,8,0
96,41,4,0
96,79,0,1
96,86,7,1
96,94,2,1
96,10,9,1
96,69,5,1
96,77,9,1
96,2,1,0
96,18,0,1
96,80,2,0
96,40,3,0
96,3,1,0
96,53,6,1
96,12,8,1
96,55,8,1
96,88,8,1
96,1,5,1
96,96,1,0
96,72,3,0
96,9,7,0
96,60,4,1
96,71,1,1
96,28,4,0
96,81,1,0
96,14,1,0
96,66,1,0
96,35,4,1
96,16,8,1
96,83,5,1
96,36,4,0
96,63,1,1
96,74,1,1
96,51,4,0
96,49,3,0
96,8,0,1
96,75,9,0
96,48,1,0
96,39,4,1
96,26,6,0
96,17,6,1
96,99,9,1
96,57,1,1
96,43,9,0
96,34,9,1
96,0,3,1
96,70,2,1
96,32,9,1
96,54,6,1
96,27,4,0
96,22,8,1
96,50,8,0
96,82,5,0
96,93,9,0
96,21,5,1
96,85,9,1
96,4,5,0
96,24,8,1
96,47,4,0
96,44,8,1
96,87,7,0
96,59,5,1
96,73,4,1
96,89,1,0
484,72,3,0
484,98,0,0
484,80,7,1
484,35,1,0
484,34,3,1
484,46,6,0
484,52,8,0
484,19,1,0
484,75,4,1
484,56,6,0
484,61,8,0
484,23,4,0
484,65,2,0
484,87,6,0
484,66,0,0
484,37,7,1
484,44,0,0
484,11,6,1
484,86,0,0
484,41,1,0
484,7,5,0
484,0,0,0
484,21,2,0
484,8,3,0
484,27,8,0
484,90,8,0
484,71,0,0
484,58,8,1
484,9,1,0
484,83,1,0
484,97,3,0
484,99,0,0
484,22,1,0
484,62,2,1
484,31,4,0
484,53,5,0
484,79,7,0
484,50,3,1
484,10,0,0
484,81,6,0
484,63,6,1
484,3,7,0
484,93,0,1
484,14,7,0
484,73,3,0
484,45,2,1
484,96,3,0
484,33,6,0
484,28,7,1
484,74,7,0
484,64,5,1
484,94,7,1
484,40,7,1
484,92,0,0
484,77,8,0
484,60,7,0
484,48,0,0
484,15,4,0
484,91,9,0
484,76,9,0
484,89,2,0
484,69,4,1
484,67,4,1
484,49,1,1
484,4,0,0
484,51,1,0
484,2,7,1
484,55,4,0
484,78,1,0
484,85,3,0
484,43,0,0
484,54,9,1
484,30,4,0
484,16,8,0
484,42,7,0
484,82,7,0
484,57,9,1
484,88,0,0
484,29,1,1
484,13,5,0
484,59,1,0
484,17,5,0
484,26,6,0
72,18,7,1
72,83,8,0
72,49,2,1
72,40,3,0
72,54,4,0
72,76,2,1
72,88,8,0
72,55,8,0
72,12,8,1
72,87,5,1
72,82,7,0
72,19,5,0
72,26,5,1
72,50,5,1
72,38,0,0
72,34,5,0
72,58,5,0
72,74,0,0
72,25,6,1
72,24,9,1
72,13,0,0
72,39,1,0
72,51,9,1
72,69,3,1
72,20,1,0
72,66,5,0
72,62,7,0
72,77,2,0
72,97,3,0
72,98,1,0
72,47,6,0
72,81,5,1
72,57,6,1
72,43,0,0
72,64,1,0
72,91,8,0
72,85,4,1
72,92,9,0
72,61,1,1
72,32,0,0
72,30,7,0
72,27,1,0
72,93,8,0
72,79,3,1
72,28,1,0
72,63,5,0
72,9,7,0
72,1,2,1
72,67,5,0
72,37,1,0
72,84,3,0
72,75,2,1
72,11,8,0
72,0,7,1
72,17,4,0
72,5,0,1
72,2,3,0
72,53,1,0
72,42,2,1
72,45,2,1
72,60,8,0
72,22,0,1
72,14,9,1
72,4,1,0
72,33,6,0
72,68,1,0
72,70,7,1
72,6,4,0
72,56,4,0
72,90,2,0
72,95,2,0
72,44,8,1
72,96,9,1
72,94,6,0
72,8,1,0
72,29,4,1
488,56,2,1
488,60,4,0
488,4,0,0
488,38,5,0
488,49,1,0
488,81,8,0
488,69,2,0
488,42,6,1
488,41,4,0
488,70,6,1
488,28,7,0
488,67,7,0
488,43,5,0
488,77,5,0
488,61,5,0
488,73,5,0
488,34,4,0
488,99,3,0
488,64,0,0
488,71,6,0
488,29,8,1
488,1,6,0
488,92,0,0
488,45,0,0
488,89,8,0
488,93,2,0
488,17,0,0
488,0,1,0
488,52,6,1
488,59,8,0
488,10,2,0
488,74,2,0
488,62,0,0
488,3,8,0
488,83,3,0
488,30,2,0
488,26,2,0
488,27,7,0
488,9,1,0
488,97,4,0
488,12,6,0
488,40,2,0
488,20,9,0
488,51,5,0
488,44,6,1
488,37,9,1
488,84,2,0
488,65,3,1
488,55,7,0
488,91,4,0
488,23,9,0
488,25,3,0
488,16,2,0
488,95,7,0
488,90,6,1
488,79,6,1
488,35,3,0
488,58,4,1
488,66,3,0
488,94,4,1
488,48,9,0
488,19,7,0
488,53,2,0
488,11,2,0
488,75,2,0
488,96,8,0
488,47,5,0
488,88,9,0
488,54,3,1
488,21,6,0
488,32,3,0
488,98,0,0
488,18,7,1
488,86,7,0
488,57,5,0
488,2,1,1
488,76,9,1
124,40,0,1
124,75,4,1
124,43,5,1
124,15,1,1
124,8,4,1
124,52,1,1
124,5,2,1
124,35,4,0
124,16,6,1
124,94,1,1
124,22,4,1
124,81,2,1
124,73,2,0
124,70,7,1
124,2,0,1
124,30,6,0
124,51,4,1
124,6,8,1
124,62,0,1
124,79,3,1
124,13,1,0
124,71,2,1
124,91,6,1
124,17,4,1
124,41,1,1
124,29,7,1
124,85,5,1
124,96,0,0
124,60,0,1
124,50,3,0
124,98,1,1
124,45,1,0
124,34,0,1
124,74,1,0
124,84,9,0
124,47,5,1
124,99,1,1
124,10,7,1
124,21,0,1
124,7,9,1
124,18,0,1
124,90,3,1
124,87,8,1
124,88,2,0
124,9,7,0
124,66,5,0
124,20,1,0
124,86,6,1
124,78,1,0
124,76,2,0
124,3,2,1
124,61,3,0
124,33,0,0
124,48,6,1
124,57,8,0
124,12,1,0
124,24,4,1
124,80,0,1
124,38,4,1
124,27,8,1
124,55,2,1
124,31,6,1
124,77,3,1
124,89,4,0
124,19,0,1
124,97,0,1
124,44,7,1
124,63,8,1
124,58,2,0
124,32,8,1
124,25,6,0
124,1,0,1
124,83,5,1
124,26,3,0
124,92,9,1
124,14,0,1
124,23,9,1
124,72,4,1
124,82,7,1
124,68,6,1
124,56,5,1
124,65,9,0
124,46,2,1
124,4,3,0
124,59,5,0
124,11,2,1
123,83,8,1
123,50,4,0
123,46,2,0
123,55,6,1
123,59,4,0
123,42,8,0
123,2,2,0
123,27,9,1
123,38,5,0
123,85,3,1
123,14,8,0
123,54,8,0
123,73,5,1
123,63,9,1
123,94,7,0
123,87,2,0
123,12,1,0
123,10,0,0
123,64,1,1
123,40,6,0
123,43,3,1
123,93,9,0
123,19,2,0
123,18,8,1
123,28,6,0
123,3,2,1
123,77,4,1
123,72,9,1
123,39,3,0
123,60,7,1
123,62,2,0
123,13,4,1
123,45,4,0
123,98,8,0
123,37,6,1
123,34,9,0
123,16,0,0
123,48,0,1
123,51,4,0
123,49,6,0
123,84,4,1
123,17,2,0
123,53,8,0
123,41,9,0
123,79,4,0
123,4,8,1
123,22,7,0
123,71,3,0
123,44,2,0
123,35,4,1
123,36,0,0
123,30,2,0
123,78,5,1
123,92,0,0
123,61,1,0
123,23,6,0
123,89,1,0
123,99,8,1
123,32,4,0
123,67,7,1
123,86,9,0
123,56,2,0
123,26,3,1
123,11,0,0
123,88,4,1
123,57,3,1
123,96,0,0
123,97,9,0
123,65,1,1
123,15,9,0
123,25,3,0
123,6,7,0
123,80,5,0
123,68,4,0
123,47,3,1
123,5,4,0
123,95,2,1
123,52,0,1
126,85,5,0
126,76,8,1
126,7,2,0
126,47,5,0
126,11,1,1
126,52,8,0
126,24,3,0
126,82,2,0
126,15,7,1
126,95,9,0
126,42,5,1
126,79,0,1
126,78,7,1
126,64,3,0
126,71,2,0
126,63,8,0
126,89,5,1
126,26,4,1
126,5,5,0
126,50,7,0
126,74,5,1
126,19,4,0
126,21,8,1
126,72,5,1
126,54,0,0
126,40,0,0
126,68,7,1
126,99,0,0
126,45,5,1
126,92,2,0
126,97,9,1
126,20,2,0
126,60,9,1
126,80,1,0
126,4,3,1
126,8,1,1
126,9,6,1
126,13,5,1
126,23,7,1
126,69,2,0
126,32,0,0
126,14,4,1
126,67,0,1
126,39,9,1
126,73,3,1
126,88,9,1
126,98,3,1
126,27,7,1
126,41,8,0
126,30,9,1
126,75,9,0
126,53,4,0
126,83,5,1
126,81,6,0
126,29,0,1
126,51,6,0
126,87,2,1
126,61,6,0
126,18,8,0
126,34,7,1
126,12,5,1
126,16,4,1
126,0,0,1
126,65,8,1
126,58,2,0
126,35,8,1
126,37,6,0
126,59,8,0
126,44,7,0
126,90,6,1
126,10,1,0
126,94,0,0
126,31,7,0
126,46,5,1
126,77,9,0
126,38,3,0
126,86,8,0
126,33,6,1
126,62,0,0
126,66,9,1
126,70,2,1
91,52,2,1
91,69,2,1
91,40,3,1
91,86,7,1
91,16,5,1
91,33,3,1
91,59,5,1
91,29,1,0
91,75,9,1
91,6,6,1
91,18,3,1
91,63,2,1
91,27,8,1
91,83,6,1
91,90,7,1
91,46,3,1
91,36,7,1
91,0,9,1
91,17,6,0
91,9,8,1
91,3,9,1
91,41,4,1
91,28,4,1
91,45,5,1
91,24,9,1
91,43,8,1
91,91,1,1
91,98,2,1
91,84,5,1
91,22,3,1
91,30,7,1
91,15,6,1
91,87,2,1
91,67,3,1
91,2,9,1
91,35,2,1
91,62,3,1
91,85,7,1
91,21,1,1
91,61,9,0
91,11,1,0
91,89,3,1
91,74,2,1
91,80,6,1
91,48,7,1
91,92,2,1
91,97,6,1
91,76,8,0
91,7,7,1
91,58,8,1
91,19,7,1
91,42,5,1
91,70,2,0
91,44,8,1
91,12,8,0
91,4,8,0
91,49,6,1
91,73,3,1
91,68,5,0
91,14,7,0
91,20,1,0
91,47,2,1
91,51,2,1
91,78,3,0
91,64,2,0
91,71,4,1
91,96,9,1
91,65,5,1
91,99,5,1
91,31,7,0
91,79,7,1
91,77,9,1
91,57,3,1
91,93,1,1
91,54,2,1
91,81,2,0
91,34,4,1
91,32,4,1
91,60,9,1
91,37,6,1
91,56,5,1
142,66,4,1
142,93,6,1
142,22,6,1
142,78,3,1
142,18,4,0
142,25,5,1
142,46,5,1
142,42,5,0
142,82,2,0
142,52,1,0
142,13,6,0
142,7,8,0
142,76,2,1
142,58,9,1
142,85,1,1
142,63,3,1
142,88,2,0
142,10,6,1
142,2,4,0
142,73,2,1
142,91,5,1
142,38,4,0
142,94,5,1
142,11,7,1
142,33,4,1
142,62,3,1
142,60,4,1
142,0,0,0
142,26,9,1
142,71,6,0
142,86,1,0
142,51,7,1
142,20,0,0
142,5,9,0
142,43,1,0
142,27,9,0
142,84,5,0
142,92,8,0
142,15,6,0
142,55,2,0
142,19,9,0
142,6,6,1
142,77,4,1
142,89,5,1
142,23,6,0
142,96,0,1
142,44,6,1
142,98,8,1
142,69,4,1
142,75,3,0
142,57,6,1
142,87,8,1
142,21,5,0
142,17,4,0
142,99,8,1
142,16,6,0
142,53,6,0
142,97,0,1
142,64,6,0
142,12,5,0
142,14,4,1
142,8,4,0
142,3,1,0
142,4,5,1
142,95,6,1
142,36,7,0
142,67,1,1
142,34,9,0
142,29,3,0
142,28,8,1
142,74,6,1
142,56,4,0
142,65,1,0
142,32,5,0
142,39,2,1
142,72,8,0
142,48,8,0
142,68,4,0
142,30,9,1
142,79,8,0
142,90,5,0
142,45,0,1
142,35,7,1
142,9,4,1
142,1,2,0
142,61,1,0
142,80,8,0
142,49,6,1
142,40,5,1
142,41,6,0
71,52,6,1
71,17,7,0
71,65,0,0
71,20,3,1
71,58,8,0
71,70,1,0
71,18,1,1
71,54,6,1
71,6,4,1
71,12,8,0
71,61,4,0
71,7,6,0
71,38,3,1
71,84,3,0
71,94,6,0
71,23,0,0
71,92,0,1
71,3,6,1
71,90,0,0
71,10,7,1
71,60,5,0
71,31,2,1
71,51,8,1
71,2,8,1
71,22,2,1
71,63,5,0
71,47,4,0
71,73,3,0
71,29,8,0
71,45,0,0
71,81,3,1
71,35,8,0
71,0,2,0
71,33,1,1
71,41,1,1
71,36,1,0
71,62,6,1
71,27,1,1
71,79,2,0
71,48,3,1
71,74,3,1
71,19,9,0
71,43,6,1
71,97,6,1
71,55,9,1
71,28,1,0
71,9,3,0
71,11,2,1
71,4,1,0
71,16,4,1
71,68,5,1
71,88,6,1
71,14,1,1
71,85,7,0
71,72,5,0
71,13,6,1
71,42,5,0
71,96,1,0
71,56,7,1
71,5,7,1
71,53,5,0
71,86,0,0
71,64,0,1
71,67,6,0
71,39,2,0
71,1,2,1
71,99,1,1
71,76,4,0
71,49,3,0
71,50,7,1
71,44,5,1
71,83,6,1
71,82,0,0
71,95,6,1
71,59,1,1
71,26,5,1
71,91,6,0
71,8,8,0
71,57,8,0
71,40,4,0
290,67,4,1
290,55,6,1
290,8,1,1
290,70,5,1
290,99,7,0
290,77,4,1
290,73,5,1
290,29,7,1
290,61,9,0
290,95,6,0
290,6,8,1
290,11,6,1
290,57,6,0
290,36,8,1
290,42,9,1
290,23,4,0
290,34,0,1
290,38,3,1
290,65,9,1
290,63,8,1
290,71,6,1
290,85,1,0
290,41,8,1
290,15,9,1
290,69,0,0
290,90,1,0
290,37,9,1
290,60,6,1
290,35,9,0
290,14,6,1
290,49,6,1
290,3,0,1
290,4,5,1
290,89,6,0
290,1,1,0
290,68,4,1
290,66,6,1
290,78,8,0
290,33,6,0
290,7,8,0
290,86,0,1
290,96,8,1
290,72,7,0
290,76,3,1
290,56,5,1
290,17,2,0
290,53,7,1
290,24,0,1
290,31,3,1
290,50,7,0
290,75,6,1
290,13,0,1
290,92,1,0
290,16,5,1
290,21,1,1
290,27,3,1
290,93,4,1
290,0,3,1
290,88,3,1
290,58,7,1
290,47,4,1
290,82,6,1
290,59,4,1
290,39,0,1
290,46,9,0
290,12,2,0
290,2,8,1
290,18,9,1
290,64,0,1
290,26,5,1
290,40,4,1
290,10,1,1
290,83,5,1
290,97,7,0
290,9,8,0
350,84,8,1
350,71,0,1
350,74,3,0
350,49,6,1
350,47,0,1
350,7,9,1
350,66,0,1
350,64,1,0
350,61,5,1
350,31,3,0
350,62,0,1
350,72,2,1
350,21,0,1
350,85,4,1
350,67,7,0
350,45,5,1
350,97,1,0
350,39,7,1
350,16,4,1
350,17,1,1
350,44,4,0
350,23,8,0
350,3,9,1
350,89,8,1
350,11,9,0
350,75,2,1
350,88,9,0
350,8,1,1
350,25,6,1
350,24,7,0
350,32,2,1
350,54,2,1
350,42,5,0
350,63,7,0
350,52,5,1
350,41,6,1
350,79,9,1
350,40,8,1
350,48,5,1
350,70,5,0
350,20,5,1
350,27,5,1
350,13,2,0
350,0,4,1
350,18,3,0
350,14,9,1
350,68,6,1
350,28,0,0
350,9,0,0
350,86,1,1
350,77,2,0
350,82,2,0
350,50,7,0
350,10,1,1
350,56,0,0
350,51,8,0
350,5,5,1
350,76,6,0
350,37,8,0
350,53,2,1
350,34,8,0
350,93,9,1
350,80,6,1
350,38,3,0
350,4,2,1
350,73,8,1
350,98,1,1
350,36,9,0
350,22,0,1
350,60,3,0
350,92,5,0
350,95,5,0
350,59,5,1
350,2,1,0
350,94,9,1
350,96,0,1
350,12,9,1
350,99,0,1
350,43,1,1
350,87,8,0
350,69,1,0
350,58,6,1
350,55,0,1
350,29,0,1
350,15,7,0
401,73,2,0
401,29,5,1
401,12,0,0
401,53,5,1
401,87,6,0
401,88,1,0
401,89,7,0
401,41,9,0
401,5,9,1
401,36,0,0
401,77,4,0
401,32,5,0
401,45,3,0
401,63,9,1
401,78,9,0
401,48,4,0
401,17,7,0
401,75,0,1
401,69,0,0
401,67,2,0
401,64,2,0
401,96,8,0
401,49,3,0
401,86,5,1
401,92,6,1
401,55,9,0
401,94,7,1
401,16,7,0
401,26,7,0
401,52,4,1
401,38,3,0
401,56,7,0
401,31,4,0
401,83,2,0
401,68,0,0
401,40,6,1
401,95,6,1
401,50,6,0
401,65,5,0
401,80,3,0
401,19,3,1
401,18,5,1
401,27,0,1
401,28,0,0
401,57,1,0
401,3,5,1
401,98,4,1
401,46,1,1
401,11,9,0
401,58,0,0
401,79,0,0
401,60,8,0
401,85,9,0
401,42,2,0
401,44,1,0
401,33,0,0
401,9,8,1
401,10,2,0
401,7,7,0
401,47,4,0
401,76,3,0
401,34,9,0
401,14,6,0
401,74,3,0
401,39,7,0
401,8,5,0
401,37,5,0
401,81,0,0
401,35,7,0
401,6,5,1
401,4,6,0
401,20,1,0
401,91,4,0
401,97,5,0
401,99,6,0
401,93,1,0
401,22,4,1
401,62,0,1
361,55,0,1
361,34,3,1
361,66,8,1
361,30,0,1
361,65,9,0
361,61,1,1
361,69,1,1
361,59,3,0
361,22,0,1
361,3,6,1
361,12,5,1
361,14,0,0
361,70,3,1
361,99,6,1
361,2,8,0
361,46,4,1
361,47,8,1
361,98,7,0
361,40,4,0
361,39,4,0
361,92,0,1
361,37,1,0
361,9,5,0
361,91,4,1
361,1,8,0
361,51,2,0
361,53,1,1
361,11,1,0
361,64,2,1
361,75,8,0
361,86,4,0
361,23,5,1
361,17,5,0
361,48,5,0
361,21,7,0
361,81,7,0
361,43,0,1
361,41,2,0
361,36,4,0
361,80,3,0
361,72,7,0
361,78,9,0
361,54,5,0
361,85,1,0
361,82,6,1
361,49,5,0
361,29,8,0
361,50,5,0
361,93,8,0
361,27,4,1
361,4,9,1
361,83,7,0
361,63,2,0
361,44,4,0
361,0,8,1
361,73,0,0
361,25,6,1
361,71,8,0
361,67,8,1
361,15,7,0
361,24,2,0
361,38,8,1
361,31,0,0
361,90,9,1
361,20,4,0
361,52,0,0
361,95,8,0
361,62,0,1
361,19,9,0
361,76,6,1
361,13,6,0
361,68,5,1
361,77,7,0
361,5,4,0
470,17,6,0
470,55,4,0
470,8,0,0
470,1,2,0
470,73,9,1
470,20,0,1
470,92,1,0
470,70,0,0
470,78,3,0
470,80,3,0
470,72,1,0
470,40,4,0
470,62,2,1
470,6,3,1
470,59,4,0
470,48,4,0
470,35,6,0
470,39,4,0
470,19,5,0
470,57,6,1
470,71,4,1
470,34,7,0
470,12,5,0
470,61,4,0
470,86,1,0
470,67,0,1
470,41,2,0
470,99,7,0
470,11,3,0
470,58,9,0
470,53,6,1
470,18,0,0
470,29,4,0
470,38,1,0
470,94,5,0
470,52,8,0
470,14,5,0
470,81,0,1
470,33,7,0
470,37,9,0
470,93,4,0
470,76,5,0
470,77,3,1
470,15,7,0
470,90,5,0
470,43,9,0
470,64,8,0
470,96,5,0
470,46,9,0
470,45,5,0
470,51,7,0
470,82,4,0
470,75,4,0
470,87,7,0
470,4,7,1
470,56,7,0
470,21,8,0
470,0,2,0
470,23,2,0
470,22,0,0
470,65,6,0
470,68,4,1
470,36,3,0
470,31,2,0
470,16,9,0
470,66,0,0
470,98,9,0
470,83,4,0
470,9,3,0
470,95,3,0
470,54,4,0
470,3,3,0
470,74,4,0
470,2,8,0
470,28,2,0
470,50,0,0
470,88,5,0
470,44,5,1
470,60,3,0
470,84,6,0
470,79,1,0
470,25,1,0
470,13,2,0
339,87,4,0
339,86,0,0
339,44,0,1
339,42,7,0
339,85,8,1
339,1,7,0
339,2,9,1
339,18,1,1
339,47,3,0
339,71,3,0
339,33,9,0
339,76,8,1
339,75,4,0
339,63,9,1
339,0,9,0
339,36,6,0
339,19,9,0
339,11,5,0
339,16,6,1
339,93,7,0
339,55,2,0
339,61,3,1
339,90,5,1
339,51,8,0
339,27,9,0
339,54,9,1
339,26,8,0
339,23,6,1
339,72,7,0
339,38,4,1
339,21,4,1
339,37,4,1
339,52,5,1
339,70,7,0
339,32,5,0
339,40,3,1
339,22,9,1
339,39,7,0
339,12,7,1
339,4,3,0
339,24,8,0
339,41,8,0
339,48,7,0
339,50,3,1
339,73,8,0
339,83,5,0
339,79,9,0
339,43,3,1
339,17,3,1
339,20,8,0
339,62,7,1
339,9,5,1
339,98,1,0
339,10,3,1
339,25,8,0
339,66,3,0
339,67,5,0
339,77,8,0
339,13,0,1
339,53,9,1
339,29,1,1
339,84,0,0
339,80,0,1
339,91,7,1
339,58,9,1
339,7,3,0
339,64,2,0
339,28,8,1
339,74,9,0
339,94,8,0
339,78,0,0
339,30,9,0
339,15,5,0
339,35,4,1
339,88,8,1
339,60,0,0
339,3,7,0
339,14,0,0
339,57,8,0
339,95,4,0
339,49,0,0
339,6,3,1
339,65,0,1
324,85,0,1
324,55,5,1
324,43,9,1
324,22,7,1
324,35,9,1
324,62,7,1
324,15,3,0
324,87,4,1
324,34,8,1
324,96,6,1
324,24,5,1
324,80,1,1
324,68,2,1
324,40,0,1
324,21,1,0
324,50,0,1
324,98,2,1
324,94,2,1
324,51,8,1
324,25,2,1
324,38,4,1
324,79,1,1
324,66,5,1
324,78,9,1
324,53,9,1
324,47,3,1
324,67,7,1
324,95,4,1
324,19,0,1
324,77,6,1
324,49,7,1
324,60,6,1
324,8,0,1
324,93,6,1
324,83,3,1
324,56,8,1
324,48,7,1
324,31,1,0
324,73,5,0
324,99,4,1
324,70,9,1
324,11,5,0
324,97,8,0
324,86,3,1
324,17,1,1
324,65,1,1
324,75,7,0
324,63,2,0
324,90,8,0
324,3,9,1
324,39,4,1
324,14,1,1
324,37,7,1
324,45,6,1
324,42,2,0
324,33,2,1
324,18,8,1
324,91,1,0
324,2,5,1
324,36,0,1
324,4,3,1
324,13,1,1
324,26,3,1
324,28,7,1
324,10,3,1
324,23,6,1
324,84,1,1
324,92,5,0
324,89,1,1
324,88,5,1
324,7,9,1
324,29,6,1
324,61,4,1
324,0,3,1
324,30,2,1
324,1,1,1
324,57,5,1
443,96,1,1
443,39,2,0
443,67,0,1
443,65,6,0
443,95,8,0
443,62,0,0
443,37,0,0
443,69,2,0
443,25,7,1
443,72,0,1
443,16,1,1
443,13,3,0
443,33,5,0
443,23,7,1
443,71,3,0
443,50,1,1
443,63,0,0
443,46,8,0
443,43,4,1
443,14,2,0
443,82,4,1
443,73,3,1
443,21,8,1
443,34,5,1
443,48,4,1
443,40,5,1
443,45,5,0
443,3,2,0
443,49,7,1
443,83,1,1
443,6,4,1
443,9,2,1
443,84,3,0
443,86,3,0
443,32,5,0
443,26,8,0
443,57,9,1
443,91,7,1
443,98,6,1
443,10,1,0
443,94,5,1
443,56,9,0
443,30,2,1
443,68,8,0
443,17,9,1
443,8,4,1
443,75,4,0
443,38,9,0
443,88,7,1
443,5,8,1
443,76,3,0
443,59,1,0
443,35,8,0
443,51,7,1
443,29,8,1
443,64,7,1
443,81,9,1
443,60,1,0
443,27,5,1
443,0,1,1
443,61,6,0
443,7,3,0
443,36,3,1
443,4,1,0
443,78,5,0
443,54,2,0
443,11,4,0
443,53,5,0
443,55,9,0
443,79,3,0
443,93,3,0
443,18,3,0
443,15,2,1
443,97,6,0
443,89,3,0
443,20,3,1
443,28,0,1
443,90,3,0
443,42,4,1
443,92,6,0
443,12,3,1
14,78,8,0
14,21,4,0
14,50,1,1
14,81,1,0
14,8,0,0
14,27,3,0
14,37,0,0
14,69,8,0
14,35,9,0
14,16,8,0
14,1,8,0
14,42,8,1
14,31,3,0
14,59,4,0
14,6,2,0
14,72,6,0
14,98,3,0
14,74,8,0
14,61,6,1
14,12,0,0
14,79,6,0
14,76,0,1
14,53,1,0
14,84,2,0
14,92,2,0
14,65,6,0
14,41,9,1
14,58,1,1
14,56,1,0
14,0,4,0
14,62,7,0
14,40,6,0
14,10,9,0
14,52,9,1
14,20,1,0
14,77,4,1
14,68,1,0
14,30,2,0
14,94,2,0
14,3,0,1
14,28,8,0
14,36,2,0
14,82,8,0
14,4,7,0
14,26,3,0
14,51,2,0
14,48,6,0
14,7,8,1
14,91,6,0
14,39,5,0
14,11,4,0
14,97,1,0
14,43,7,0
14,29,4,0
14,13,6,1
14,34,0,0
14,63,3,0
14,55,4,0
14,38,1,0
14,73,7,1
14,32,8,0
14,18,3,0
14,67,3,0
14,71,3,0
14,89,0,0
14,17,8,1
14,33,3,0
14,80,3,1
14,87,4,0
14,54,8,0
14,23,0,0
14,14,9,0
14,45,7,0
14,25,9,1
14,19,7,0
14,85,6,0
14,24,3,0
14,22,5,0
14,75,2,0
478,91,3,0
478,44,2,0
478,30,0,0
478,60,9,1
478,49,4,1
478,17,9,1
478,51,6,1
478,50,0,1
478,88,6,1
478,93,0,0
478,56,8,0
478,74,9,1
478,41,4,0
478,31,6,1
478,42,7,0
478,32,0,0
478,48,4,1
478,10,4,1
478,59,5,0
478,0,2,0
478,53,2,1
478,36,4,0
478,76,2,1
478,40,6,1
478,94,5,1
478,66,7,0
478,84,7,1
478,27,3,1
478,64,8,1
478,15,8,1
478,61,1,1
478,58,9,1
478,46,3,1
478,67,6,1
478,18,1,0
478,63,1,1
478,79,6,1
478,28,6,1
478,47,9,0
478,3,1,1
478,97,7,0
478,81,0,1
478,87,8,1
478,22,8,1
478,98,6,1
478,52,0,1
478,43,8,0
478,14,3,1
478,75,6,0
478,8,6,1
478,13,3,1
478,25,2,1
478,6,3,0
478,20,9,1
478,26,6,1
478,89,0,0
478,1,9,1
478,86,8,1
478,80,9,0
478,21,1,1
478,68,9,1
478,82,8,1
478,71,4,1
478,99,9,1
478,19,0,1
478,38,4,1
478,35,5,0
478,73,7,0
478,16,0,1
478,83,4,1
478,33,1,1
478,45,4,1
478,4,1,0
145,27,9,0
145,98,8,0
145,74,4,1
145,29,4,1
145,63,0,0
145,54,3,0
145,18,3,1
145,9,1,0
145,22,7,0
145,28,7,1
145,68,1,1
145,89,5,0
145,60,7,1
145,62,5,0
145,44,7,1
145,75,2,1
145,67,6,0
145,55,3,0
145,39,8,0
145,49,9,1
145,86,7,1
145,37,3,1
145,96,4,0
145,12,9,1
145,3,9,1
145,21,0,0
145,25,6,0
145,7,4,1
145,36,2,0
145,95,4,0
145,43,6,1
145,11,2,1
145,57,4,0
145,59,0,0
145,82,0,0
145,71,7,0
145,87,4,1
145,4,6,1
145,53,9,0
145,64,5,0
145,19,7,0
145,80,4,1
145,65,2,0
145,8,1,1
145,94,3,0
145,14,1,0
145,78,9,1
145,10,2,1
145,93,0,0
145,40,4,0
145,61,6,1
145,16,2,0
145,26,4,0
145,15,3,0
145,90,1,1
145,42,8,0
145,24,7,1
145,70,0,1
145,50,0,1
145,20,2,0
145,77,5,1
145,41,1,0
145,91,4,1
145,1,2,0
145,88,5,0
145,51,8,0
145,69,5,1
145,13,4,1
145,56,3,0
145,17,3,1
145,35,1,0
145,81,1,1
145,48,2,1
145,30,2,1
145,6,9,1
145,99,1,1
145,84,1,0
145,46,6,0
145,34,5,0
145,97,7,1
145,2,0,0
145,73,2,0
145,92,2,1
145,52,7,0
145,32,0,1
145,79,6,1
145,33,9,0
145,47,3,0
379,76,6,1
379,66,9,1
379,20,5,0
379,94,0,1
379,60,8,1
379,70,5,1
379,11,7,0
379,55,8,0
379,28,3,1
379,12,1,1
379,80,5,1
379,98,8,1
379,77,1,0
379,33,1,1
379,88,9,1
379,63,1,1
379,26,3,1
379,74,9,0
379,53,4,1
379,52,8,1
379,46,8,1
379,89,8,1
379,61,5,1
379,16,3,0
379,7,2,1
379,68,1,1
379,50,2,1
379,44,1,1
379,43,6,1
379,30,0,1
379,75,9,1
379,90,8,1
379,54,3,1
379,62,6,1
379,95,5,1
379,24,7,1
379,17,7,1
379,9,5,1
379,51,2,1
379,5,5,1
379,42,2,1
379,82,9,1
379,19,1,0
379,3,8,1
379,35,0,1
379,40,2,0
379,27,6,1
379,78,4,1
379,10,3,1
379,37,3,1
379,65,5,0
379,85,5,1
379,83,8,1
379,14,3,0
379,34,6,0
379,8,5,1
379,56,8,1
379,41,7,1
379,18,2,1
379,72,6,1
379,93,9,1
379,71,9,1
379,86,0,1
379,1,0,1
379,58,1,1
379,47,0,1
379,59,9,1
379,73,2,1
379,64,7,0
379,32,3,1
379,48,6,1
379,22,9,1
379,87,9,1
379,96,5,0
379,13,6,1
379,36,4,1
379,91,4,1
379,45,7,1
379,38,6,1
379,25,1,1
379,4,5,1
379,99,8,1
379,2,5,1
379,79,3,1
379,84,3,0
416,35,2,0
416,34,6,1
416,79,3,0
416,42,5,0
416,12,3,0
416,37,2,0
416,58,5,0
416,63,4,0
416,19,9,0
416,59,5,1
416,17,9,0
416,10,0,1
416,21,7,0
416,96,0,1
416,90,0,1
416,64,2,0
416,36,7,0
416,40,2,0
416,50,2,0
416,25,5,0
416,2,0,0
416,65,9,0
416,30,1,1
416,6,1,0
416,70,2,0
416,75,6,1
416,53,0,1
416,55,0,0
416,27,9,0
416,29,9,0
416,80,2,0
416,4,7,1
416,16,9,1
416,89,4,0
416,32,9,0
416,33,2,0
416,49,7,0
416,71,7,0
416,61,1,0
416,18,7,1
416,86,8,0
416,84,3,0
416,72,8,0
416,87,2,0
416,99,1,0
416,68,3,0
416,91,7,0
416,92,9,0
416,83,8,0
416,93,0,0
416,56,0,1
416,5,0,0
416,14,9,1
416,13,6,0
416,78,9,1
416,26,6,1
416,28,4,1
416,51,3,0
416,38,1,1
416,76,7,0
416,15,7,0
416,52,5,0
416,95,4,0
416,98,4,0
416,74,0,0
416,23,7,1
416,73,2,0
416,31,3,0
416,88,0,1
416,82,3,0
416,43,5,0
416,24,5,0
416,69,6,1
416,8,0,1
416,66,8,1
416,44,2,1
416,45,5,1
416,48,0,1
416,81,2,0
416,22,2,1
416,11,9,1
416,46,2,0
416,47,1,0
20,0,0,0
20,14,9,1
20,25,9,1
20,18,2,0
20,20,7,0
20,2,9,0
20,26,4,1
20,98,2,1
20,54,5,0
20,88,4,0
20,53,1,0
20,72,7,0
20,70,2,0
20,68,7,0
20,51,5,0
20,64,8,0
20,40,1,0
20,93,0,0
20,96,0,0
20,92,2,0
20,43,1,0
20,16,5,0
20,38,0,0
20,87,1,0
20,84,2,0
20,80,0,0
20,99,6,1
20,86,6,1
20,32,9,0
20,15,6,0
20,78,3,0
20,77,4,0
20,45,0,1
20,1,2,0
20,57,5,1
20,82,4,0
20,73,2,0
20,8,9,0
20,74,3,1
20,71,3,1
20,91,9,0
20,97,1,0
20,49,9,0
20,10,3,0
20,33,5,0
20,21,9,0
20,79,6,0
20,69,4,1
20,81,7,0
20,36,9,0
20,89,5,0
20,27,3,0
20,29,7,0
20,61,9,0
20,44,3,0
20,85,1,0
20,39,9,0
20,35,1,0
20,24,0,0
20,23,7,0
20,58,3,0
20,75,3,1
20,34,0,0
20,50,2,0
20,19,5,0
20,94,5,0
20,95,8,0
20,12,5,0
20,76,8,1
20,59,8,1
20,66,0,1
20,90,4,0
20,5,5,1
20,52,4,0
20,7,0,0
20,65,5,0
20,48,2,0
20,13,3,0
20,83,3,0
20,31,4,0
20,56,6,0
20,42,0,0
115,88,2,1
115,87,4,0
115,48,3,0
115,50,8,0
115,80,4,0
115,79,3,1
115,89,8,0
115,41,4,0
115,27,0,0
115,68,5,0
115,45,5,0
115,49,4,0
115,16,3,0
115,74,9,0
115,20,8,1
115,44,5,0
115,99,1,1
115,86,2,0
115,0,8,0
115,18,9,1
115,21,7,0
115,78,4,0
115,12,7,0
115,57,6,0
115,96,7,0
115,64,3,0
115,23,5,0
115,40,7,1
115,10,0,1
115,38,0,0
115,8,8,0
115,1,7,0
115,3,2,1
115,25,1,1
115,55,9,1
115,67,0,0
115,46,1,0
115,71,6,1
115,9,6,0
115,28,5,1
115,47,4,0
115,59,1,1
115,66,7,0
115,42,6,0
115,17,7,0
115,82,7,0
115,30,5,0
115,6,5,0
115,61,9,1
115,54,7,0
115,26,2,0
115,39,0,0
115,93,0,0
115,83,9,1
115,72,1,1
115,15,3,1
115,69,2,1
115,92,6,0
115,70,2,0
115,60,5,1
115,94,6,0
115,33,9,1
115,13,3,1
115,35,8,0
115,95,2,0
115,34,2,1
115,29,2,0
115,98,3,0
115,14,4,0
115,81,1,0
115,37,1,0
115,11,9,1
115,22,4,1
115,84,9,0
115,5,2,0
115,43,4,0
115,58,9,0
115,90,5,0
115,52,1,0
115,77,9,1
115,65,9,0
115,56,9,0
115,2,8,1
387,89,5,1
387,71,8,0
387,88,2,1
387,10,7,1
387,34,6,0
387,26,6,1
387,31,8,1
387,48,4,1
387,99,0,1
387,91,8,0
387,61,5,1
387,94,9,0
387,98,4,0
387,93,5,1
387,40,5,0
387,38,4,1
387,9,5,1
387,21,1,1
387,29,7,1
387,22,6,0
387,83,0,0
387,11,0,0
387,37,4,0
387,69,0,0
387,76,9,0
387,23,1,0
387,12,7,1
387,86,6,1
387,30,3,0
387,2,5,0
387,24,9,1
387,0,7,0
387,39,5,1
387,79,9,1
387,45,6,1
387,78,5,0
387,7,5,1
387,18,2,0
387,92,1,1
387,19,6,1
387,64,1,0
387,95,9,1
387,32,0,1
387,27,6,0
387,56,4,0
387,54,1,1
387,80,4,1
387,50,7,1
387,8,7,0
387,96,1,1
387,60,4,0
387,73,6,0
387,14,9,1
387,36,6,0
387,46,3,1
387,87,1,0
387,68,5,1
387,77,7,0
387,85,1,1
387,57,6,1
387,1,6,1
387,75,0,1
387,20,2,1
387,72,9,0
387,47,2,1
387,33,5,0
387,53,2,1
387,65,2,1
387,66,7,1
387,17,4,0
387,58,2,0
387,28,3,1
387,41,0,0
387,6,4,1
387,3,5,0
387,49,3,1
387,15,2,0
387,97,7,0
387,59,0,0
274,48,4,1
274,81,7,1
274,23,0,1
274,95,8,0
274,69,9,1
274,29,6,1
274,62,3,1
274,65,3,1
274,91,7,1
274,27,8,0
274,17,2,1
274,14,6,1
274,33,6,1
274,94,4,1
274,30,5,0
274,9,6,1
274,72,9,1
274,22,7,0
274,90,1,0
274,96,0,0
274,2,3,1
274,45,8,1
274,0,2,1
274,66,0,1
274,88,5,1
274,6,9,1
274,37,9,1
274,16,7,1
274,12,4,1
274,24,2,1
274,43,1,1
274,63,3,1
274,42,6,1
274,92,0,1
274,36,7,1
274,7,7,0
274,52,4,1
274,54,0,1
274,78,9,1
274,59,3,0
274,86,0,1
274,74,8,0
274,40,1,0
274,13,3,1
274,19,2,0
274,83,4,1
274,35,6,1
274,64,5,1
274,4,0,1
274,89,8,1
274,87,6,1
274,8,1,1
274,50,2,1
274,10,1,1
274,84,2,1
274,55,1,1
274,31,2,1
274,93,3,1
274,34,8,1
274,3,4,1
274,46,7,1
274,51,5,1
274,60,9,1
274,82,9,1
274,68,4,1
274,41,9,1
274,47,6,0
274,75,2,1
274,77,3,1
274,70,1,1
274,15,4,0
274,76,2,1
274,56,1,1
274,79,1,1
274,58,3,1
274,73,2,0
274,99,0,1
274,1,6,1
8,58,7,1
8,18,6,1
8,64,0,1
8,2,7,0
8,87,9,0
8,57,7,0
8,44,5,0
8,67,1,0
8,15,5,1
8,48,8,1
8,24,2,0
8,54,6,1
8,73,6,1
8,91,4,0
8,34,5,0
8,69,4,1
8,88,5,0
8,32,1,1
8,93,9,0
8,25,0,1
8,79,3,1
8,96,4,1
8,75,5,1
8,72,3,0
8,33,4,0
8,59,3,1
8,81,9,1
8,21,5,1
8,86,8,1
8,52,2,0
8,70,4,1
8,31,8,1
8,50,5,0
8,89,0,1
8,45,5,0
8,7,6,1
8,35,7,0
8,10,3,1
8,65,5,1
8,4,1,1
8,74,5,1
8,37,4,1
8,82,0,1
8,3,6,0
8,62,4,1
8,5,7,0
8,13,5,1
8,26,4,1
8,38,4,1
8,12,2,1
8,30,2,1
8,92,3,0
8,9,5,0
8,84,0,0
8,76,7,1
8,29,6,0
8,46,4,0
8,56,9,0
8,40,0,1
8,11,7,1
8,97,9,1
8,61,1,1
8,98,1,1
8,43,8,0
8,60,4,1
8,71,0,1
8,47,7,0
8,41,8,1
8,8,4,1
8,90,0,1
8,36,0,1
8,23,7,0
8,39,2,1
8,63,3,1
8,22,8,0
8,1,1,0
8,19,3,1
146,87,6,1
146,13,6,1
146,65,4,1
146,35,6,1
146,54,5,1
146,24,2,0
146,2,2,0
146,74,9,1
146,67,3,0
146,49,7,0
146,47,9,1
146,71,1,0
146,43,3,0
146,37,6,1
146,15,6,1
146,38,8,1
146,56,3,0
146,80,5,1
146,84,2,1
146,63,1,0
146,30,8,1
146,11,4,1
146,39,9,0
146,98,7,0
146,64,3,1
146,9,7,0
146,83,3,1
146,77,9,1
146,52,6,0
146,70,7,0
146,79,9,1
146,90,8,1
146,69,9,1
146,7,0,0
146,88,0,1
146,72,2,0
146,26,9,0
146,34,0,0
146,76,4,1
146,1,1,1
146,31,8,0
146,62,5,1
146,44,5,0
146,36,1,1
146,28,8,1
146,68,4,1
146,29,7,0
146,10,6,1
146,5,1,1
146,50,9,0
146,58,1,0
146,42,1,0
146,99,8,0
146,46,3,0
146,25,5,1
146,6,5,0
146,55,3,1
146,57,1,0
146,53,0,0
146,33,8,1
146,78,3,0
146,21,4,1
146,95,2,0
146,23,6,1
146,92,6,0
146,89,9,1
146,0,0,1
146,61,4,1
146,32,9,1
146,19,5,0
146,60,8,0
146,93,4,1
146,73,2,0
146,81,6,0
146,59,1,1
146,86,4,1
146,94,1,0
271,43,4,0
271,92,2,0
271,32,4,0
271,14,3,0
271,69,3,0
271,91,2,0
271,20,5,0
271,87,6,1
271,62,6,0
271,63,0,0
271,78,3,0
271,11,5,0
271,58,9,0
271,1,2,0
271,41,2,0
271,38,4,1
271,22,6,1
271,57,9,0
271,99,4,0
271,33,6,0
271,61,2,0
271,95,7,0
271,52,3,0
271,55,6,0
271,40,9,0
271,80,8,0
271,59,7,0
271,64,1,0
271,46,8,0
271,18,9,0
271,37,2,0
271,0,5,0
271,56,9,0
271,93,8,0
271,94,7,0
271,10,4,0
271,68,4,0
271,6,6,0
271,25,5,0
271,66,3,0
271,76,3,0
271,60,2,0
271,16,6,0
271,12,1,0
271,47,5,1
271,5,1,0
271,44,8,0
271,84,8,0
271,70,2,1
271,13,3,0
271,54,7,0
271,90,5,0
271,9,5,1
271,82,9,0
271,2,6,0
271,45,3,0
271,89,8,0
271,29,4,0
271,71,6,0
271,88,3,0
271,4,9,0
271,72,1,0
271,28,9,1
271,15,1,0
271,97,5,0
271,83,3,0
271,85,4,0
271,24,2,0
271,49,1,0
271,26,7,0
271,53,8,0
271,73,5,0
271,31,8,0
271,8,4,0
271,36,7,0
271,77,1,0
271,65,4,0
271,86,6,1
271,19,1,0
271,7,6,1
271,27,6,0
235,77,3,1
235,48,0,1
235,82,3,0
235,35,5,1
235,4,4,1
235,7,0,1
235,42,8,1
235,90,9,0
235,12,6,1
235,86,6,1
235,89,0,1
235,80,0,1
235,34,4,0
235,74,2,1
235,51,0,1
235,49,8,1
235,20,6,1
235,18,4,1
235,67,9,1
235,46,0,1
235,21,4,1
235,8,1,0
235,58,0,1
235,38,4,1
235,52,3,1
235,84,0,1
235,1,5,1
235,87,7,1
235,37,3,1
235,88,3,1
235,45,5,0
235,50,2,1
235,97,1,1
235,40,4,1
235,56,7,0
235,55,3,1
235,6,4,1
235,92,1,1
235,75,3,1
235,57,9,1
235,44,6,1
235,61,5,1
235,79,4,1
235,54,0,1
235,68,8,0
235,31,1,0
235,9,9,1
235,47,1,1
235,39,0,1
235,2,6,1
235,36,7,1
235,73,0,1
235,43,4,1
235,83,7,1
235,10,0,1
235,81,6,1
235,62,2,1
235,24,1,0
235,69,9,1
235,72,8,1
235,60,5,1
235,63,1,1
235,99,6,0
235,26,6,1
235,25,9,0
235,28,0,1
235,23,1,1
235,13,6,1
235,3,3,0
235,5,7,1
235,15,1,0
235,53,2,1
306,98,3,0
306,16,0,1
306,0,2,0
306,48,9,0
306,26,8,0
306,19,9,0
306,58,2,1
306,32,6,0
306,12,6,0
306,20,7,0
306,66,1,0
306,28,1,0
306,75,7,0
306,99,2,0
306,80,9,1
306,60,6,0
306,43,8,1
306,38,2,0
306,33,1,0
306,42,2,0
306,1,2,0
306,86,4,0
306,15,8,0
306,51,1,0
306,50,4,0
306,35,8,1
306,65,5,0
306,91,4,1
306,5,5,0
306,14,8,0
306,95,0,0
306,34,8,0
306,46,8,0
306,85,4,0
306,21,2,0
306,94,3,1
306,90,0,0
306,54,7,0
306,41,5,0
306,70,3,0
306,3,4,0
306,96,5,1
306,93,7,0
306,40,0,0
306,29,2,0
306,77,9,0
306,97,1,0
306,88,7,0
306,49,2,0
306,7,3,0
306,10,5,0
306,64,2,0
306,17,0,0
306,8,1,0
306,72,3,0
306,27,8,0
306,13,1,0
306,31,5,0
306,36,1,1
306,84,5,0
306,6,4,0
306,44,4,0
306,83,6,1
306,18,0,1
306,81,8,1
306,63,2,1
306,69,7,0
306,68,2,1
306,59,1,1
306,87,7,1
306,30,8,0
306,11,9,1
306,73,4,1
306,82,4,1
306,4,8,1
306,74,8,0
306,78,6,0
390,90,4,0
390,74,0,1
390,75,1,0
390,0,3,0
390,72,9,1
390,25,4,1
390,14,5,1
390,7,9,0
390,17,0,1
390,61,7,0
390,69,7,1
390,4,8,1
390,6,5,1
390,87,6,1
390,37,6,0
390,36,3,0
390,5,7,0
390,45,4,1
390,97,9,1
390,54,1,0
390,65,6,1
390,44,7,1
390,59,8,0
390,33,3,1
390,62,8,1
390,26,1,1
390,93,0,1
390,86,0,1
390,76,5,0
390,94,4,1
390,68,3,0
390,40,0,0
390,15,9,1
390,80,4,1
390,52,1,0
390,32,6,1
390,11,2,0
390,18,6,1
390,84,4,1
390,43,3,1
390,22,6,1
390,57,1,0
390,82,2,1
390,21,9,1
390,91,7,1
390,12,2,1
390,35,7,1
390,31,1,0
390,81,2,1
390,29,0,0
390,8,9,1
390,70,1,0
390,9,3,1
390,78,2,0
390,60,5,0
390,27,8,1
390,58,7,0
390,53,8,1
390,96,1,0
390,51,3,0
390,56,8,1
390,3,3,0
390,63,7,1
390,77,6,0
390,49,0,1
390,24,8,0
390,2,4,1
390,34,1,0
390,66,5,0
390,83,3,1
390,98,3,0
390,95,4,1
390,13,2,1
390,19,3,0
390,99,9,1
390,1,7,1
390,89,1,0
390,79,5,0
390,88,3,1
390,30,0,1
390,23,8,0
390,42,4,1
390,41,3,1
138,84,5,1
138,93,8,0
138,20,7,1
138,36,5,1
138,15,3,1
138,67,1,1
138,51,2,1
138,32,9,1
138,28,8,1
138,75,0,0
138,53,3,1
138,17,4,1
138,7,7,1
138,55,8,1
138,58,7,1
138,45,7,0
138,87,9,0
138,13,2,1
138,47,4,1
138,22,0,0
138,25,6,1
138,26,0,1
138,68,4,1
138,3,8,0
138,1,5,0
138,97,4,1
138,64,1,1
138,77,3,1
138,70,7,1
138,83,8,0
138,8,1,1
138,99,6,1
138,5,2,1
138,2,9,1
138,24,2,1
138,46,3,0
138,90,2,1
138,85,5,0
138,57,5,1
138,35,4,1
138,6,3,1
138,50,4,0
138,21,8,0
138,0,0,1
138,39,0,0
138,29,1,1
138,23,5,1
138,72,5,1
138,14,6,1
138,82,4,1
138,69,3,1
138,65,2,1
138,54,8,0
138,92,6,0
138,37,0,1
138,33,8,0
138,10,3,1
138,16,2,0
138,74,6,1
138,78,1,0
138,95,7,1
138,61,9,1
138,59,7,1
138,42,6,1
138,30,1,1
138,86,5,1
138,76,1,0
138,4,2,0
138,43,9,1
138,9,2,0
138,34,9,1
138,60,0,1
138,98,2,1
138,63,2,0
138,49,2,1
254,38,5,1
254,9,0,0
254,53,6,1
254,8,2,0
254,45,9,1
254,71,4,0
254,52,7,0
254,54,0,0
254,34,8,0
254,5,6,1
254,39,5,1
254,79,6,1
254,65,1,0
254,90,9,0
254,16,7,0
254,21,5,0
254,69,9,1
254,32,2,1
254,46,6,0
254,30,6,1
254,35,2,0
254,78,6,1
254,15,1,0
254,1,7,1
254,31,5,0
254,91,3,0
254,50,3,0
254,4,2,0
254,24,7,0
254,77,2,1
254,27,6,0
254,66,3,0
254,82,9,1
254,98,0,0
254,62,8,0
254,72,4,0
254,18,5,0
254,93,2,1
254,60,8,0
254,89,0,1
254,43,6,0
254,96,7,0
254,22,2,0
254,84,9,0
254,44,4,0
254,57,4,1
254,51,0,0
254,33,1,1
254,73,3,0
254,80,6,0
254,94,1,0
254,25,1,0
254,58,2,0
254,17,2,0
254,70,4,0
254,88,2,0
254,85,1,0
254,6,9,1
254,86,9,1
254,20,3,1
254,37,9,1
254,2,2,1
254,36,1,0
254,12,8,0
254,19,9,0
254,55,6,0
254,75,5,0
254,95,2,0
254,81,9,0
254,11,5,0
254,59,7,0
254,47,2,1
254,7,2,0
254,10,9,0
254,92,8,0
254,83,5,0
254,29,6,1
254,42,9,1
254,40,8,0
331,72,8,0
331,99,6,1
331,44,1,1
331,37,8,1
331,58,1,0
331,64,5,0
331,81,5,1
331,75,7,1
331,68,6,0
331,79,5,0
331,49,8,0
331,6,3,1
331,22,0,1
331,87,8,1
331,32,0,0
331,96,9,1
331,39,9,0
331,18,3,1
331,42,0,0
331,63,4,1
331,4,7,1
331,71,5,1
331,82,3,0
331,29,9,1
331,89,7,1
331,11,5,1
331,55,5,1
331,24,1,1
331,97,4,1
331,83,3,0
331,90,6,1
331,48,7,1
331,12,1,0
331,15,5,1
331,60,4,1
331,54,2,0
331,5,9,1
331,57,7,0
331,10,7,1
331,26,6,1
331,45,4,0
331,33,9,1
331,66,6,1
331,20,2,0
331,88,7,0
331,3,1,0
331,1,5,1
331,93,6,1
331,2,4,1
331,38,8,0
331,95,3,1
331,23,1,1
331,56,1,0
331,98,1,1
331,59,4,1
331,16,4,0
331,91,0,1
331,35,6,1
331,74,0,0
331,41,6,0
331,19,5,0
331,73,0,1
331,53,5,1
331,9,6,1
331,14,3,0
331,80,4,0
331,65,2,1
331,67,4,0
331,36,3,1
331,28,0,1
331,70,6,1
331,25,6,1
331,61,3,0
492,17,8,0
492,39,9,1
492,62,9,0
492,46,8,0
492,2,8,1
492,43,9,0
492,38,9,0
492,74,2,0
492,28,3,0
492,11,4,1
492,12,8,0
492,86,9,0
492,51,3,1
492,94,0,0
492,80,4,0
492,6,3,1
492,47,9,0
492,27,5,0
492,0,4,1
492,63,6,0
492,1,9,1
492,20,2,1
492,37,7,0
492,93,9,0
492,18,5,0
492,19,3,1
492,42,6,1
492,71,7,0
492,8,3,0
492,57,6,1
492,23,0,1
492,68,5,1
492,33,3,1
492,84,8,0
492,96,9,1
492,16,9,0
492,56,1,0
492,34,2,0
492,97,5,1
492,40,3,1
492,90,3,0
492,5,1,1
492,48,4,1
492,77,6,0
492,99,3,0
492,65,4,0
492,26,0,1
492,41,9,0
492,21,3,0
492,54,0,0
492,9,7,0
492,95,9,1
492,69,2,1
492,10,2,0
492,35,6,1
492,83,8,0
492,85,4,1
492,61,9,0
492,91,4,0
492,32,0,0
492,29,4,0
492,70,1,1
492,60,3,1
492,52,7,0
492,73,3,0
492,4,0,1
492,88,5,0
492,50,5,0
492,76,3,0
492,87,7,1
492,3,8,0
492,24,8,0
492,67,5,1
492,55,8,1
492,78,1,0
492,98,1,0
492,53,2,1
178,44,7,1
178,14,9,1
178,5,6,0
178,30,6,1
178,50,7,1
178,96,4,1
178,8,4,1
178,75,9,1
178,80,7,1
178,40,7,1
178,55,4,1
178,92,5,1
178,42,2,1
178,39,0,1
178,99,0,1
178,32,4,1
178,66,4,1
178,27,6,1
178,28,5,1
178,84,3,1
178,90,6,1
178,24,7,1
178,0,6,1
178,37,1,1
178,94,9,1
178,48,9,1
178,76,5,1
178,57,2,1
178,35,7,1
178,9,4,1
178,43,3,1
178,68,3,1
178,73,5,1
178,61,0,1
178,2,7,1
178,89,2,1
178,71,6,1
178,54,2,1
178,67,3,1
178,41,4,1
178,87,1,1
178,36,2,0
178,29,5,1
178,72,0,1
178,13,1,1
178,49,1,0
178,91,6,1
178,59,9,1
178,77,7,1
178,63,2,1
178,82,9,1
178,12,8,1
178,31,9,1
178,22,7,1
178,11,3,1
178,6,0,1
178,65,1,0
178,26,9,1
178,10,7,1
178,46,7,1
178,7,6,0
178,18,7,0
178,21,2,1
178,64,2,1
178,85,8,1
178,98,4,1
178,4,0,1
178,17,4,1
178,33,0,1
178,51,2,1
178,52,5,1
178,53,7,1
178,34,8,1
178,38,7,1
178,58,8,1
178,60,0,1
178,78,1,1
178,56,3,1
178,70,3,1
178,93,2,0
178,97,8,0
178,3,0,1
178,16,6,1
178,79,8,1
174,82,9,1
174,66,5,1
174,79,9,0
174,23,5,1
174,65,1,1
174,83,8,1
174,84,7,1
174,60,2,0
174,13,0,0
174,1,2,1
174,95,4,1
174,96,5,1
174,58,9,0
174,53,6,1
174,86,9,1
174,42,3,0
174,43,3,0
174,72,5,0
174,76,5,1
174,63,7,0
174,74,4,1
174,81,6,0
174,24,7,1
174,14,2,1
174,78,1,1
174,40,2,0
174,87,5,1
174,3,0,0
174,88,4,0
174,19,0,0
174,28,4,1
174,50,6,1
174,26,8,1
174,56,5,0
174,18,6,1
174,67,1,1
174,70,7,1
174,75,8,1
174,44,4,1
174,48,6,1
174,10,4,1
174,22,8,1
174,8,4,0
174,0,4,1
174,9,4,0
174,27,5,1
174,45,1,1
174,34,5,1
174,39,2,0
174,20,6,1
174,52,0,0
174,55,9,1
174,91,7,1
174,90,1,1
174,73,4,1
174,33,7,0
174,62,5,0
174,61,6,0
174,25,4,1
174,97,3,1
174,37,9,1
174,92,1,1
174,77,2,0
174,94,8,1
174,11,5,0
174,6,6,0
174,30,5,0
174,69,2,0
174,4,5,1
174,38,6,0
174,47,6,0
174,71,6,0
174,54,4,0
174,49,4,0
174,99,6,1
174,36,1,0
174,7,1,1
174,15,6,1
174,80,5,1
333,89,8,1
333,66,3,1
333,5,7,0
333,50,7,1
333,58,9,1
333,67,9,1
333,59,8,1
333,61,7,1
333,27,0,1
333,53,6,1
333,56,0,1
333,62,3,1
333,72,8,1
333,42,0,0
333,65,8,1
333,34,8,0
333,35,0,1
333,38,7,1
333,91,8,1
333,15,5,1
333,47,6,1
333,7,9,1
333,99,3,1
333,93,8,0
333,85,6,1
333,33,3,1
333,44,8,0
333,43,1,1
333,83,8,1
333,51,8,0
333,46,9,1
333,48,1,1
333,68,3,1
333,4,1,1
333,19,3,1
333,30,7,1
333,18,1,1
333,12,9,1
333,76,5,1
333,28,7,1
333,96,6,0
333,0,4,1
333,13,7,1
333,73,5,1
333,86,9,0
333,64,2,1
333,3,4,1
333,81,6,1
333,71,7,1
333,94,1,1
333,14,4,1
333,70,0,0
333,40,1,0
333,6,6,1
333,98,0,0
333,55,3,0
333,79,9,0
333,87,3,1
333,21,1,0
333,24,8,0
333,31,7,1
333,57,7,1
333,90,6,0
333,1,7,1
333,11,8,1
333,16,2,1
333,29,3,1
333,25,9,1
333,54,6,1
333,9,8,0
333,8,3,1
333,37,5,1
333,84,9,1
333,75,9,0
333,74,1,1
333,10,7,1
333,92,3,1
333,60,9,0
333,82,4,1
411,7,6,0
411,36,3,0
411,22,3,0
411,73,0,0
411,47,6,0
411,80,2,1
411,61,9,0
411,17,7,1
411,31,2,0
411,8,5,0
411,51,6,1
411,44,7,0
411,46,2,1
411,53,5,0
411,69,4,0
411,94,9,1
411,59,9,0
411,89,6,0
411,5,5,0
411,74,1,0
411,6,7,0
411,29,1,0
411,64,6,0
411,76,9,0
411,42,6,1
411,25,3,1
411,70,3,0
411,40,6,0
411,84,5,0
411,79,7,0
411,16,5,0
411,43,6,1
411,86,7,0
411,14,9,0
411,60,5,0
411,11,9,0
411,63,6,0
411,67,7,0
411,77,8,0
411,24,6,1
411,35,9,0
411,19,1,0
411,91,8,0
411,57,0,0
411,52,1,0
411,81,1,0
411,99,5,1
411,26,0,1
411,78,4,0
411,20,7,0
411,68,9,0
411,33,2,1
411,34,6,0
411,0,7,0
411,9,8,1
411,55,8,0
411,48,6,0
411,39,2,1
411,27,8,1
411,92,6,0
411,96,6,1
411,30,8,0
411,2,6,0
411,58,9,0
411,98,5,0
411,54,1,1
411,56,4,1
411,10,8,1
411,87,5,0
411,28,4,0
411,88,0,0
411,95,0,0
411,50,3,0
411,13,8,0
411,90,0,1
411,15,1,0
411,75,9,0
411,37,1,0
411,83,9,1
411,71,4,0
411,85,6,0
25,7,8,0
25,57,5,1
25,32,5,1
25,69,1,1
25,83,3,0
25,2,0,1
25,49,0,1
25,55,2,1
25,30,8,1
25,36,0,1
25,1,9,1
25,28,2,0
25,73,6,1
25,96,4,0
25,14,4,1
25,91,5,0
25,76,0,1
25,87,9,1
25,13,1,0
25,56,0,1
25,4,6,0
25,11,1,0
25,0,2,1
25,68,0,0
25,88,2,1
25,84,6,1
25,89,1,1
25,23,8,1
25,98,8,1
25,92,2,1
25,20,1,1
25,79,8,1
25,31,3,1
25,17,6,0
25,61,2,1
25,15,1,1
25,42,6,1
25,99,9,1
25,47,1,0
25,34,0,1
25,65,4,0
25,43,4,1
25,97,1,0
25,40,6,1
25,58,8,0
25,19,1,1
25,24,2,1
25,90,6,0
25,60,4,1
25,95,4,1
25,63,5,1
25,70,5,1
25,44,3,0
25,37,1,1
25,54,9,0
25,16,0,0
25,67,3,1
25,8,0,1
25,62,2,1
25,72,8,1
25,74,7,1
25,81,3,0
25,78,7,1
25,6,6,1
25,80,1,1
25,22,1,0
25,10,3,1
25,50,3,0
25,29,0,1
25,71,6,1
25,86,3,1
25,25,4,1
25,33,1,0
25,3,3,1
25,9,5,1
25,64,0,1
25,52,2,1
25,93,4,1
25,94,6,1
25,75,4,1
25,5,0,0
25,45,0,0
241,23,2,0
241,13,1,1
241,43,6,1
241,88,6,0
241,16,2,1
241,41,9,0
241,34,3,1
241,82,4,1
241,22,4,1
241,27,1,1
241,59,4,0
241,78,5,1
241,80,0,1
241,20,7,1
241,24,8,1
241,63,7,1
241,95,2,1
241,79,6,1
241,55,7,1
241,26,6,1
241,36,7,1
241,64,3,1
241,15,3,1
241,45,4,0
241,97,2,1
241,33,6,0
241,31,5,1
241,47,8,1
241,72,6,1
241,35,6,0
241,38,8,0
241,96,5,0
241,0,6,1
241,69,8,1
241,87,8,1
241,60,0,1
241,91,9,1
241,42,2,1
241,8,9,1
241,71,4,1
241,44,6,0
241,90,3,1
241,99,4,1
241,46,0,1
241,30,7,0
241,76,8,1
241,4,5,1
241,17,3,1
241,21,7,1
241,62,8,0
241,28,4,1
241,93,1,1
241,40,0,1
241,68,9,0
241,70,1,0
241,57,8,1
241,2,5,1
241,89,2,1
241,77,9,1
241,54,6,1
241,92,7,1
241,67,8,1
241,53,9,1
241,56,3,1
241,52,5,1
241,65,8,0
241,74,8,0
241,86,9,0
241,14,4,1
241,61,1,0
241,98,6,1
241,50,5,1
241,9,2,0
241,1,8,0
241,6,6,1
241,73,0,1
241,37,4,1
476,6,3,1
476,51,5,1
476,23,2,1
476,60,3,1
476,44,1,1
476,46,1,1
476,58,9,0
476,18,9,1
476,15,4,1
476,2,6,1
476,10,0,1
476,54,8,0
476,56,1,1
476,7,8,0
476,34,1,1
476,42,2,1
476,93,9,1
476,94,1,1
476,80,3,1
476,66,7,1
476,20,4,1
476,16,1,1
476,59,9,1
476,36,9,1
476,0,5,0
476,52,6,1
476,82,8,1
476,85,2,1
476,47,2,1
476,87,2,1
476,37,5,1
476,76,4,1
476,95,9,1
476,40,5,1
476,1,6,1
476,61,7,0
476,71,1,1
476,96,9,1
476,81,9,1
476,74,8,1
476,5,0,1
476,57,6,1
476,4,7,1
476,55,4,1
476,92,2,1
476,84,9,1
476,3,8,1
476,90,0,1
476,27,0,1
476,19,7,1
476,68,1,1
476,77,3,1
476,41,0,1
476,63,2,1
476,24,9,1
476,22,3,1
476,70,4,1
476,64,3,0
476,30,6,1
476,97,0,1
476,72,0,1
476,13,9,1
476,28,6,1
476,31,1,1
476,50,3,1
476,14,1,1
476,69,2,0
476,73,5,0
476,88,4,1
476,17,2,1
476,98,4,0
476,83,3,1
476,26,1,1
476,43,4,1
476,79,9,1
92,7,9,1
92,58,5,1
92,68,2,0
92,74,4,1
92,41,2,0
92,94,1,1
92,98,3,0
92,65,2,0
92,86,3,1
92,29,8,1
92,9,0,1
92,79,6,1
92,55,1,1
92,85,5,0
92,47,1,0
92,11,4,1
92,45,3,0
92,13,0,1
92,75,0,1
92,3,8,0
92,32,2,1
92,91,2,1
92,0,5,1
92,27,3,1
92,19,4,1
92,1,0,1
92,38,2,1
92,43,8,0
92,49,7,0
92,40,9,0
92,88,5,0
92,99,8,0
92,28,1,1
92,90,2,0
92,46,0,1
92,35,9,1
92,2,4,0
92,66,2,0
92,18,3,1
92,17,3,1
92,77,9,1
92,6,6,1
92,53,8,1
92,95,8,1
92,26,8,1
92,73,7,1
92,20,1,1
92,69,0,1
92,70,8,0
92,89,4,1
92,24,5,1
92,44,8,1
92,54,2,1
92,63,5,1
92,37,4,1
92,96,7,1
92,50,8,1
92,87,2,1
92,51,7,1
92,14,6,1
92,81,3,1
92,5,5,0
92,22,9,1
92,93,8,0
92,71,5,1
92,59,9,1
92,39,9,1
92,48,6,1
92,80,6,1
92,82,1,0
92,83,6,0
92,30,4,1
92,16,2,0
92,97,3,0
92,61,3,1
92,72,7,0
92,64,8,0
92,84,0,0
92,25,8,0
92,15,8,0
92,36,5,1
92,56,2,0
92,67,1,0
58,28,9,1
58,24,1,0
58,10,4,1
58,7,1,1
58,76,8,0
58,40,3,1
58,98,2,1
58,30,0,0
58,44,2,1
58,93,9,1
58,96,2,0
58,15,6,1
58,78,3,1
58,25,8,1
58,95,2,1
58,27,1,0
58,50,2,1
58,56,0,1
58,85,9,1
58,13,4,1
58,52,3,0
58,32,8,1
58,92,9,0
58,69,8,1
58,82,2,0
58,53,7,1
58,19,6,0
58,61,0,1
58,63,7,1
58,31,4,0
58,11,2,0
58,17,7,1
58,21,6,1
58,42,1,0
58,47,1,1
58,87,3,1
58,51,7,1
58,4,4,1
58,81,4,1
58,84,5,0
58,1,3,1
58,74,7,1
58,68,4,1
58,45,1,0
58,71,3,1
58,48,1,1
58,77,0,1
58,34,0,0
58,79,7,1
58,89,3,1
58,90,7,1
58,64,0,0
58,0,4,1
58,5,8,0
58,62,8,1
58,12,8,0
58,46,1,1
58,22,4,1
58,36,7,1
58,3,2,1
58,67,3,1
58,26,1,0
58,9,7,0
58,18,8,1
58,86,2,1
58,66,9,1
58,91,9,1
58,88,6,0
58,72,9,1
58,60,4,0
58,55,9,0
58,83,9,1
58,38,6,1
58,54,4,0
58,2,5,1
58,16,6,1
58,80,9,1
58,41,6,0
58,75,2,0
58,33,2,1
58,57,8,1
58,6,3,1
393,38,9,1
393,55,2,1
393,54,0,1
393,19,3,1
393,42,6,0
393,97,7,1
393,52,5,1
393,2,4,1
393,41,3,0
393,95,0,1
393,57,1,0
393,46,9,1
393,96,8,1
393,39,9,1
393,30,7,1
393,36,1,1
393,31,4,1
393,17,8,1
393,14,8,1
393,66,8,1
393,67,2,1
393,82,8,1
393,88,5,1
393,7,1,0
393,11,2,1
393,81,6,1
393,35,7,1
393,79,6,1
393,50,4,1
393,69,9,0
393,78,3,0
393,91,0,1
393,29,0,1
393,59,1,1
393,1,6,0
393,56,8,1
393,84,2,1
393,93,4,1
393,60,2,0
393,32,1,1
393,62,8,1
393,12,8,0
393,0,7,0
393,4,0,1
393,85,2,1
393,43,7,1
393,51,2,0
393,25,2,1
393,89,6,1
393,44,6,1
393,58,8,0
393,24,8,1
393,27,0,1
393,83,7,1
393,77,0,1
393,86,0,1
393,34,5,1
393,16,0,1
393,90,7,1
393,92,7,1
393,45,2,1
393,98,9,0
393,75,9,1
393,40,3,1
393,10,9,1
393,18,7,1
393,65,1,1
393,5,9,1
393,9,8,1
393,33,1,1
393,71,9,1
393,3,2,1
393,61,3,1
393,87,2,0
393,63,0,1
393,76,7,0
393,70,2,0
490,75,5,1
490,41,1,1
490,11,7,0
490,37,0,0
490,8,2,1
490,64,0,1
490,72,8,1
490,7,1,1
490,58,1,1
490,43,1,1
490,79,6,1
490,96,7,0
490,33,8,1
490,94,2,1
490,3,9,1
490,21,8,1
490,57,0,1
490,92,7,0
490,66,5,0
490,22,9,1
490,15,2,1
490,49,3,0
490,80,5,1
490,88,1,1
490,50,7,0
490,38,0,1
490,30,2,1
490,45,9,1
490,18,1,0
490,53,2,1
490,97,5,0
490,46,7,0
490,6,6,1
490,84,3,0
490,86,9,0
490,47,1,0
490,60,6,0
490,4,9,1
490,78,4,1
490,48,0,0
490,29,8,1
490,5,9,1
490,63,3,0
490,73,6,0
490,39,1,0
490,2,7,1
490,44,7,1
490,0,1,1
490,51,0,1
490,24,2,1
490,26,6,1
490,76,7,1
490,85,6,1
490,62,1,0
490,56,8,1
490,35,4,1
490,42,9,1
490,13,5,0
490,82,0,0
490,87,0,1
490,16,8,0
490,28,6,0
490,10,0,1
490,59,9,1
490,93,2,0
490,65,7,1
490,20,6,1
490,67,7,1
490,70,3,1
490,61,4,0
162,97,1,0
162,1,0,0
162,91,1,0
162,61,2,0
162,13,9,0
162,46,1,0
162,75,7,0
162,55,0,0
162,96,6,0
162,22,7,0
162,34,4,0
162,49,8,0
162,63,4,0
162,39,3,0
162,56,9,1
162,54,4,0
162,8,5,1
162,9,7,0
162,67,7,0
162,18,3,0
162,38,1,0
162,70,4,0
162,87,3,0
162,74,1,1
162,89,2,0
162,28,5,0
162,19,0,0
162,64,0,1
162,45,2,0
162,3,4,0
162,90,4,0
162,12,7,0
162,86,5,0
162,73,8,0
162,5,3,0
162,85,7,0
162,17,2,0
162,27,6,0
162,43,5,0
162,35,2,0
162,40,7,0
162,11,7,1
162,82,9,0
162,83,8,0
162,16,0,0
162,36,3,1
162,26,4,0
162,31,9,0
162,14,1,0
162,78,3,1
162,4,6,0
162,81,6,0
162,62,7,0
162,52,9,0
162,57,2,0
162,77,5,0
162,6,6,1
162,98,6,1
162,15,5,0
162,95,3,0
162,21,3,1
162,20,3,1
162,50,9,0
162,80,1,0
162,59,9,1
162,0,1,0
162,41,1,0
162,71,9,1
162,65,9,1
162,2,9,0
162,32,6,1
162,37,3,0
162,79,6,1
162,10,0,0
162,84,7,0
162,33,0,1
227,59,3,1
227,77,5,1
227,30,9,1
227,82,2,0
227,34,2,0
227,61,4,1
227,40,2,1
227,91,6,1
227,83,2,1
227,73,9,1
227,35,0,1
227,97,7,1
227,27,8,0
227,72,1,1
227,55,2,1
227,80,2,0
227,2,3,0
227,46,7,1
227,71,2,0
227,53,9,1
227,16,6,1
227,45,4,1
227,4,2,0
227,81,2,0
227,58,1,0
227,42,2,0
227,7,8,1
227,23,8,1
227,85,0,1
227,98,0,1
227,79,4,1
227,32,7,1
227,62,3,1
227,19,4,1
227,96,6,1
227,38,8,1
227,92,6,1
227,26,4,0
227,9,5,1
227,69,4,1
227,29,4,1
227,57,2,1
227,67,7,1
227,6,3,1
227,39,6,1
227,5,2,1
227,17,3,1
227,99,3,1
227,22,0,1
227,56,9,1
227,20,5,1
227,64,5,0
227,8,2,1
227,88,4,1
227,18,1,0
227,25,0,1
227,24,6,1
227,3,3,1
227,37,2,1
227,49,8,1
227,86,7,1
227,50,8,0
227,15,4,1
227,68,9,1
227,60,8,1
227,66,6,1
227,70,5,0
227,1,9,1
227,63,7,0
227,75,8,1
227,94,6,1
227,36,6,1
227,13,3,1
227,76,5,1
227,11,8,1
227,90,3,0
227,28,0,1
227,51,2,1
227,43,5,0
227,0,6,1
227,93,8,1
227,54,3,0
227,47,3,1
227,10,6,1
227,48,9,1
289,20,0,0
289,89,2,0
289,1,5,0
289,55,3,0
289,38,7,0
289,10,6,0
289,68,5,0
289,99,9,0
289,12,6,0
289,26,0,0
289,60,6,0
289,81,7,0
289,84,4,1
289,91,6,0
289,40,8,0
289,83,0,0
289,17,0,0
289,4,5,0
289,13,6,0
289,14,3,0
289,86,6,0
289,69,3,0
289,34,4,1
289,33,4,0
289,67,3,0
289,75,5,1
289,65,4,0
289,7,9,0
289,58,7,0
289,18,0,1
289,24,7,0
289,87,1,0
289,44,4,1
289,9,6,0
289,62,2,0
289,22,4,0
289,42,5,0
289,11,6,0
289,37,2,0
289,57,0,1
289,94,9,0
289,46,9,1
289,48,2,0
289,64,3,0
289,66,1,0
289,16,1,1
289,82,8,0
289,0,7,0
289,47,9,0
289,88,0,0
289,25,8,0
289,78,7,1
289,72,6,0
289,50,4,1
289,15,4,1
289,19,2,0
289,56,3,0
289,70,0,0
289,28,4,0
289,27,2,0
289,98,9,1
289,95,8,0
289,6,0,0
289,73,0,0
289,54,4,0
289,3,2,0
289,93,1,1
289,53,6,1
289,80,4,1
289,49,2,0
289,39,2,0
289,77,3,1
289,31,5,0
289,96,8,0
427,73,3,1
427,53,5,0
427,27,4,1
427,30,9,0
427,1,8,1
427,67,3,0
427,24,5,0
427,92,0,1
427,45,8,0
427,17,9,0
427,90,4,1
427,88,2,0
427,26,4,1
427,65,7,0
427,8,7,0
427,35,8,1
427,43,5,0
427,82,7,1
427,41,4,0
427,86,7,0
427,70,3,1
427,31,7,0
427,61,3,0
427,4,3,0
427,13,0,0
427,85,6,0
427,55,2,0
427,32,8,1
427,11,4,0
427,99,5,1
427,72,5,1
427,57,1,1
427,5,0,0
427,10,4,1
427,68,6,0
427,34,0,1
427,98,4,1
427,2,0,1
427,19,6,0
427,51,4,0
427,81,3,0
427,56,6,0
427,91,7,0
427,97,1,0
427,46,5,0
427,38,7,1
427,22,1,0
427,89,1,1
427,74,6,1
427,84,5,0
427,63,9,0
427,18,9,1
427,6,4,1
427,15,1,0
427,79,2,0
427,39,2,1
427,47,2,1
427,42,3,0
427,54,5,0
427,69,4,0
427,16,3,0
427,37,2,1
427,20,9,0
427,80,1,0
427,96,1,0
427,87,8,1
427,7,4,1
427,12,3,0
427,77,5,0
427,3,3,1
427,29,3,1
427,95,5,0
427,52,3,0
427,48,9,0
427,58,2,0
427,0,7,0
427,59,8,0
427,71,3,0
427,28,4,1
427,50,5,1
427,44,8,0
427,76,7,0
261,84,8,1
261,88,8,0
261,18,3,1
261,32,2,1
261,81,6,1
261,51,4,1
261,53,2,1
261,61,1,1
261,38,4,1
261,62,7,1
261,87,8,1
261,93,9,1
261,16,3,1
261,73,2,1
261,79,4,1
261,90,7,1
261,68,5,1
261,50,4,1
261,99,7,1
261,17,4,1
261,55,7,1
261,74,2,1
261,69,2,1
261,72,8,1
261,45,6,1
261,77,9,1
261,83,3,1
261,82,8,0
261,97,8,0
261,67,4,1
261,85,4,1
261,14,9,1
261,56,7,1
261,9,1,0
261,5,7,1
261,60,2,1
261,95,8,1
261,3,5,1
261,63,4,0
261,7,3,1
261,1,1,0
261,10,6,1
261,89,1,1
261,33,5,1
261,23,9,0
261,6,8,0
261,47,2,1
261,64,3,1
261,12,6,1
261,39,4,1
261,15,7,1
261,37,4,1
261,2,5,1
261,65,2,1
261,57,3,1
261,80,6,1
261,42,6,1
261,76,1,1
261,24,2,1
261,30,5,1
261,48,0,1
261,44,5,1
261,43,2,1
261,28,5,1
261,26,7,1
261,36,7,1
261,70,1,1
261,41,8,0
261,19,5,1
261,0,5,1
261,49,1,1
261,71,8,1
261,40,3,1
261,96,7,0
261,86,7,1
261,46,5,1
261,92,4,1
261,22,1,1
261,31,4,1
261,21,9,1
261,20,2,1
287,43,8,0
287,41,1,0
287,38,2,0
287,33,5,0
287,44,2,0
287,98,8,1
287,14,7,0
287,50,5,0
287,95,6,0
287,55,9,0
287,91,2,1
287,20,8,0
287,8,6,1
287,21,4,0
287,25,8,0
287,17,1,0
287,90,7,0
287,84,8,0
287,26,4,0
287,78,8,0
287,13,7,0
287,36,1,0
287,73,4,0
287,94,4,0
287,0,6,0
287,7,3,0
287,10,4,0
287,51,4,0
287,53,9,0
287,5,7,0
287,63,9,0
287,9,0,0
287,56,2,0
287,80,8,0
287,45,3,0
287,28,2,0
287,4,8,0
287,65,8,0
287,58,7,0
287,29,7,0
287,57,0,0
287,54,6,0
287,86,7,0
287,27,6,0
287,31,3,0
287,81,2,1
287,69,7,0
287,18,7,0
287,62,5,1
287,47,1,0
287,87,2,1
287,77,0,0
287,92,4,0
287,61,0,0
287,39,8,0
287,70,5,0
287,52,8,0
287,11,5,0
287,46,7,0
287,74,2,0
287,2,8,0
287,79,2,1
287,34,9,1
287,23,8,1
287,76,2,0
287,40,7,0
287,89,1,0
287,22,8,0
287,3,6,0
287,24,3,0
287,1,2,0
287,60,8,0
287,82,2,0
287,88,1,0
287,83,1,1
287,16,3,1
287,42,4,0
287,59,6,0
287,49,8,1
287,6,4,1
287,19,6,0
287,72,9,0
287,99,7,0
287,75,5,0
287,93,8,1
287,48,8,0
287,67,7,0
346,24,1,0
346,48,0,1
346,51,7,1
346,42,8,1
346,41,5,0
346,20,0,1
346,98,3,1
346,85,1,1
346,79,0,1
346,23,0,1
346,58,8,0
346,95,6,1
346,89,2,1
346,17,1,1
346,29,0,1
346,38,1,0
346,83,2,1
346,90,8,1
346,11,8,0
346,96,0,1
346,86,2,1
346,87,9,1
346,82,8,1
346,37,9,0
346,64,7,0
346,66,5,1
346,13,0,0
346,44,2,1
346,32,2,1
346,72,6,1
346,36,9,1
346,49,4,1
346,73,3,1
346,76,1,0
346,56,5,1
346,88,4,1
346,19,3,1
346,22,7,0
346,21,7,1
346,93,1,1
346,91,0,0
346,75,0,0
346,5,1,1
346,1,4,1
346,3,3,1
346,68,0,1
346,0,3,0
346,62,1,0
346,57,2,0
346,59,5,1
346,7,3,1
346,60,5,1
346,50,4,1
346,39,9,1
346,12,5,0
346,8,0,1
346,92,5,0
346,81,2,1
346,67,3,1
346,63,8,1
346,97,3,0
346,69,3,0
346,9,3,1
346,74,5,1
346,33,3,0
346,16,4,1
346,26,4,1
346,25,1,1
346,53,0,1
346,99,0,0
346,45,0,1
346,15,8,0
68,94,5,0
68,14,6,0
68,66,5,0
68,39,2,0
68,56,9,1
68,25,7,0
68,27,4,0
68,78,4,0
68,46,4,0
68,42,6,0
68,85,1,0
68,22,1,1
68,10,5,0
68,76,2,0
68,24,2,0
68,2,8,0
68,98,4,0
68,89,6,0
68,99,7,0
68,81,7,0
68,97,0,0
68,18,6,0
68,83,3,0
68,30,8,0
68,88,0,1
68,44,2,0
68,8,8,0
68,93,9,0
68,96,7,1
68,34,2,1
68,52,3,0
68,79,8,0
68,91,5,0
68,51,5,0
68,23,9,0
68,35,2,0
68,16,0,1
68,47,8,0
68,26,5,0
68,64,6,1
68,40,9,0
68,6,9,0
68,17,0,0
68,4,9,1
68,38,1,0
68,59,5,0
68,62,4,1
68,28,3,0
68,53,9,1
68,29,8,1
68,61,1,0
68,50,6,0
68,67,1,0
68,54,8,0
68,0,2,0
68,37,9,0
68,20,9,1
68,63,9,0
68,95,8,0
68,55,1,0
68,3,3,0
68,19,0,0
68,21,4,0
68,7,6,1
68,13,9,0
68,60,8,1
68,57,2,0
68,74,0,0
68,87,1,0
68,86,2,1
68,68,3,0
68,1,7,0
68,65,1,0
68,82,9,0
68,71,2,0
68,92,4,1
68,36,4,0
68,75,8,0
68,15,0,1
68,90,6,0
68,70,1,1
68,11,0,0
68,69,5,0
68,5,5,0
103,91,1,1
103,0,6,0
103,11,8,0
103,36,6,0
103,97,7,0
103,75,2,0
103,55,0,0
103,37,1,0
103,42,8,0
103,49,3,0
103,98,6,0
103,54,0,0
103,46,1,0
103,90,1,0
103,59,7,0
103,17,0,0
103,27,8,0
103,22,1,0
103,35,6,0
103,10,8,1
103,8,9,0
103,92,1,0
103,30,5,0
103,79,5,0
103,3,9,0
103,34,4,0
103,40,7,0
103,14,4,0
103,52,4,0
103,94,3,0
103,96,0,0
103,82,3,0
103,21,1,0
103,63,3,0
103,67,9,1
103,71,7,0
103,85,1,1
103,58,7,0
103,83,0,0
103,13,4,0
103,84,5,1
103,56,0,0
103,95,6,0
103,26,8,0
103,39,7,0
103,68,0,0
103,23,6,1
103,86,8,0
103,41,4,0
103,72,0,1
103,78,3,0
103,70,4,0
103,31,2,0
103,24,1,0
103,66,4,0
103,69,6,0
103,44,8,0
103,77,9,0
103,50,9,0
103,4,3,1
103,19,0,0
103,73,6,0
103,16,4,1
103,9,9,0
103,89,0,0
103,53,5,0
103,45,8,0
103,38,9,0
103,12,3,0
103,15,7,0
103,32,0,0
103,60,8,0
103,25,4,0
103,48,4,0
103,87,5,0
103,5,2,0
103,81,7,0
457,68,6,0
457,2,1,1
457,90,9,0
457,4,0,1
457,66,3,0
457,8,2,1
457,86,7,1
457,25,8,1
457,13,7,1
457,47,0,1
457,64,9,0
457,17,6,0
457,71,1,0
457,81,8,1
457,26,2,0
457,12,9,1
457,94,6,1
457,38,7,0
457,76,0,1
457,0,8,0
457,52,7,0
457,35,0,1
457,72,8,0
457,54,2,0
457,5,1,1
457,9,7,1
457,85,9,0
457,95,8,0
457,40,7,0
457,20,3,1
457,7,3,1
457,55,1,0
457,23,0,0
457,29,8,1
457,27,8,0
457,88,7,1
457,65,7,1
457,49,4,1
457,61,5,1
457,34,5,1
457,87,7,1
457,45,1,0
457,79,9,1
457,1,5,0
457,75,9,1
457,32,2,1
457,63,1,0
457,62,8,0
457,77,9,0
457,69,4,0
457,50,0,0
457,84,2,0
457,46,4,0
457,53,5,1
457,31,1,1
457,78,3,0
457,39,6,1
457,57,5,1
457,28,1,1
457,24,9,0
457,74,7,0
457,73,5,0
457,56,6,1
457,59,1,0
457,22,1,0
457,16,9,1
457,44,9,1
457,21,3,1
457,93,0,0
457,89,3,0
457,6,3,1
457,67,7,1
457,33,2,1
457,3,1,0
457,91,6,0
457,14,9,1
457,48,4,1
457,30,7,1
457,92,5,0
457,83,7,0
386,44,6,1
386,38,6,1
386,96,0,1
386,32,4,1
386,76,5,1
386,68,1,1
386,50,8,1
386,74,7,1
386,94,7,1
386,64,6,0
386,87,0,1
386,9,3,1
386,54,9,1
386,17,4,1
386,78,2,0
386,95,2,1
386,52,0,1
386,46,2,0
386,30,5,1
386,31,3,0
386,8,0,1
386,61,4,1
386,18,5,1
386,29,8,1
386,99,3,1
386,3,9,1
386,80,4,0
386,66,0,1
386,84,8,1
386,20,8,1
386,25,7,1
386,28,8,0
386,88,5,1
386,48,3,0
386,56,4,0
386,89,7,1
386,10,6,1
386,15,5,0
386,1,8,1
386,69,9,1
386,57,0,0
386,49,0,1
386,90,1,0
386,70,6,1
386,71,9,1
386,91,3,1
386,34,1,1
386,27,2,1
386,39,8,0
386,55,8,0
386,0,4,1
386,45,3,1
386,60,5,1
386,59,4,1
386,5,5,0
386,86,6,1
386,4,5,1
386,81,1,1
386,85,1,0
386,6,1,1
386,73,9,1
386,82,7,1
386,92,1,0
386,65,9,0
386,51,9,0
386,16,8,1
386,41,2,1
386,35,4,1
386,75,6,1
386,26,7,0
386,11,7,0
386,77,9,0
386,7,6,1
386,13,7,0
386,21,2,1
386,2,7,0
386,23,4,1
386,98,2,0
386,97,4,1
386,14,2,0
386,42,0,1
386,93,6,1
386,62,6,1
386,53,8,1
386,83,7,1
358,34,6,0
358,89,3,0
358,13,5,0
358,59,2,0
358,15,1,1
358,63,9,0
358,47,0,1
358,1,0,0
358,73,9,0
358,31,7,0
358,22,7,0
358,46,3,0
358,33,3,0
358,82,6,0
358,12,0,0
358,76,9,1
358,40,2,0
358,60,0,1
358,17,2,0
358,64,9,0
358,74,4,1
358,20,7,0
358,0,8,1
358,56,1,0
358,23,6,1
358,55,5,1
358,71,0,0
358,95,6,0
358,58,7,0
358,99,0,0
358,57,7,0
358,4,0,1
358,61,9,0
358,84,7,0
358,18,7,0
358,39,5,0
358,65,4,0
358,68,0,0
358,48,8,1
358,37,5,0
358,35,5,1
358,54,8,0
358,87,2,0
358,32,3,0
358,45,3,0
358,72,6,0
358,52,9,0
358,26,9,0
358,41,0,0
358,11,5,0
358,94,7,1
358,85,7,1
358,69,9,0
358,77,4,0
358,81,3,0
358,16,9,1
358,98,2,0
358,66,7,1
358,38,2,0
358,53,1,0
358,9,2,0
358,83,2,0
358,97,3,0
358,92,7,0
358,21,2,0
358,3,4,0
358,30,6,0
358,88,6,0
358,67,2,1
358,75,0,1
358,78,5,0
358,29,6,0
358,28,4,0
358,91,2,0
358,5,2,0
358,79,7,0
358,27,7,0
358,42,4,1
358,36,1,0
358,19,7,0
197,43,8,1
197,71,8,1
197,21,1,0
197,64,0,1
197,0,8,1
197,10,7,1
197,41,3,0
197,15,8,1
197,65,5,1
197,4,0,1
197,54,1,0
197,56,2,0
197,68,2,0
197,96,8,0
197,58,7,1
197,79,4,0
197,59,3,0
197,29,8,1
197,5,2,0
197,9,8,0
197,88,2,1
197,80,1,1
197,57,9,1
197,8,4,0
197,84,7,1
197,14,2,0
197,19,5,0
197,62,6,0
197,78,8,0
197,91,7,1
197,24,0,1
197,82,1,1
197,99,2,1
197,50,6,0
197,45,5,0
197,40,4,1
197,74,0,0
197,49,9,1
197,95,1,1
197,73,6,1
197,3,2,1
197,70,4,1
197,52,4,0
197,46,9,1
197,25,6,0
197,27,8,0
197,93,5,0
197,77,0,1
197,22,4,1
197,55,8,0
197,67,2,0
197,97,7,1
197,47,2,0
197,90,2,0
197,86,1,0
197,75,9,1
197,7,8,0
197,37,5,1
197,98,6,0
197,48,8,1
197,20,5,0
197,1,7,1
197,13,0,0
197,18,2,1
197,60,5,0
197,81,6,1
197,31,5,1
197,85,6,1
197,11,1,1
197,61,1,0
197,53,7,1
197,94,9,1
197,6,5,0
197,76,3,0
197,69,6,1
197,12,2,0
197,33,0,1
127,96,2,1
127,57,5,1
127,61,6,0
127,67,0,1
127,86,6,0
127,39,0,1
127,37,3,1
127,69,8,0
127,74,4,0
127,25,4,0
127,49,1,0
127,63,1,0
127,5,0,0
127,78,5,0
127,53,5,0
127,12,2,0
127,70,3,0
127,87,0,0
127,30,7,0
127,19,1,1
127,50,9,1
127,44,3,0
127,73,5,1
127,27,7,0
127,80,8,1
127,38,2,0
127,51,1,1
127,75,3,1
127,22,9,1
127,18,7,0
127,3,7,1
127,64,7,0
127,65,6,0
127,47,6,0
127,91,4,0
127,33,6,0
127,95,3,0
127,9,6,0
127,26,9,0
127,48,9,0
127,79,6,1
127,0,7,0
127,4,1,1
127,77,1,0
127,59,3,1
127,58,3,0
127,98,7,0
127,23,3,0
127,13,0,1
127,16,0,0
127,20,7,0
127,40,3,1
127,11,8,1
127,32,1,0
127,35,0,1
127,52,0,0
127,36,2,0
127,92,6,0
127,41,1,1
127,29,1,1
127,14,9,0
127,94,5,0
127,99,3,0
127,71,2,0
127,55,2,1
127,81,8,0
127,72,9,1
127,15,6,0
127,89,5,1
127,97,1,1
127,60,5,0
127,82,9,0
127,7,0,0
127,90,7,0
127,8,8,1
127,88,2,0
127,84,7,0
127,76,2,0
127,2,0,0
127,68,1,0
127,54,5,1
171,51,7,1
171,94,3,1
171,73,4,0
171,37,5,1
171,12,2,1
171,25,0,0
171,49,9,1
171,20,8,0
171,8,8,1
171,99,4,1
171,0,4,1
171,34,5,1
171,36,6,1
171,78,5,0
171,98,9,1
171,82,1,0
171,48,8,1
171,45,6,0
171,96,3,0
171,57,8,1
171,72,9,1
171,9,5,1
171,75,8,0
171,88,0,1
171,17,9,1
171,2,0,1
171,87,9,0
171,90,1,0
171,21,2,1
171,52,9,0
171,46,1,1
171,86,0,1
171,76,6,0
171,30,8,1
171,32,8,1
171,93,3,1
171,28,5,1
171,68,7,0
171,79,0,0
171,92,0,0
171,81,4,0
171,29,7,1
171,27,2,1
171,47,5,1
171,63,1,0
171,3,5,1
171,89,0,0
171,91,6,1
171,24,3,1
171,62,4,0
171,19,8,0
171,74,7,1
171,58,5,0
171,15,2,0
171,11,4,1
171,6,7,1
171,26,0,1
171,40,2,0
171,69,8,1
171,13,0,1
171,67,4,1
171,80,3,1
171,33,8,1
171,10,6,1
171,5,7,1
171,85,3,0
171,42,6,0
171,39,3,1
171,83,2,1
171,60,4,1
171,53,6,0
171,55,7,1
171,95,5,0
256,85,8,0
256,16,9,0
256,87,8,1
256,52,8,1
256,70,6,1
256,51,0,0
256,42,5,1
256,6,2,1
256,62,9,1
256,21,7,1
256,0,7,1
256,96,8,1
256,98,7,0
256,12,7,1
256,31,7,0
256,22,5,1
256,45,4,1
256,58,5,1
256,5,5,1
256,54,7,1
256,83,0,1
256,81,9,1
256,2,6,1
256,19,0,1
256,76,3,1
256,23,9,1
256,24,3,1
256,79,9,1
256,32,4,1
256,93,4,1
256,25,0,1
256,30,6,1
256,82,3,0
256,80,3,1
256,26,4,1
256,46,2,1
256,57,4,1
256,44,8,1
256,90,6,1
256,53,9,0
256,74,8,0
256,94,7,1
256,77,7,1
256,17,8,1
256,67,1,0
256,49,6,1
256,11,1,0
256,29,1,0
256,47,0,1
256,35,3,0
256,61,4,1
256,63,3,1
256,13,5,0
256,33,1,1
256,92,3,1
256,7,1,1
256,84,0,1
256,10,7,0
256,68,4,1
256,88,8,1
256,18,6,1
256,65,6,1
256,20,0,1
256,14,8,1
256,66,7,1
256,75,7,1
256,38,2,0
256,95,5,1
256,15,4,1
256,56,8,1
256,1,1,1
256,40,1,0
256,48,5,0
256,43,4,1
218,97,0,0
218,1,7,0
218,84,4,0
218,29,1,1
218,28,2,1
218,83,4,1
218,65,7,1
218,79,0,0
218,13,0,0
218,7,5,0
218,51,1,0
218,87,4,0
218,9,2,1
218,95,6,0
218,58,6,1
218,42,9,0
218,33,1,0
218,52,6,0
218,24,7,1
218,72,7,0
218,18,3,0
218,73,8,0
218,98,8,0
218,54,8,1
218,44,1,0
218,38,0,0
218,41,2,0
218,15,3,1
218,85,1,0
218,96,1,0
218,8,9,1
218,27,4,1
218,22,5,0
218,3,3,0
218,55,6,0
218,66,8,0
218,10,1,0
218,14,9,0
218,70,2,0
218,16,2,0
218,68,7,0
218,50,3,0
218,56,5,1
218,60,9,1
218,40,3,0
218,37,6,0
218,47,3,1
218,80,3,1
218,17,1,0
218,88,9,0
218,19,5,0
218,69,6,0
218,82,6,0
218,39,5,1
218,75,4,0
218,71,4,0
218,5,8,0
218,67,9,0
218,46,6,0
218,93,5,1
218,63,5,1
218,36,3,0
218,31,4,0
218,92,6,1
218,0,5,1
218,89,8,0
218,99,2,1
218,21,1,0
218,74,3,0
218,43,1,0
218,32,9,1
218,23,8,0
218,4,3,0
218,61,0,0
218,48,7,1
218,45,5,0
218,20,9,0
218,26,5,0
218,49,3,0
166,19,4,1
166,33,6,0
166,86,6,0
166,56,3,0
166,55,1,1
166,2,1,0
166,40,8,0
166,61,3,0
166,99,7,1
166,8,2,0
166,63,7,0
166,32,0,1
166,85,8,0
166,25,0,0
166,51,7,0
166,4,5,0
166,10,3,0
166,92,5,0
166,58,6,0
166,81,0,0
166,70,1,0
166,82,6,1
166,42,1,1
166,45,1,0
166,89,0,1
166,59,8,0
166,12,1,0
166,22,1,0
166,11,7,0
166,60,0,0
166,15,3,1
166,65,9,0
166,54,5,0
166,95,9,0
166,53,1,1
166,71,6,0
166,48,8,1
166,9,3,0
166,75,2,0
166,23,0,0
166,35,4,0
166,57,0,1
166,39,8,1
166,78,3,0
166,1,4,1
166,87,0,1
166,38,2,1
166,72,0,0
166,29,3,0
166,52,3,1
166,14,6,1
166,50,0,1
166,77,2,1
166,83,6,1
166,44,1,0
166,31,2,0
166,93,1,1
166,91,6,0
166,37,0,0
166,21,6,0
166,90,5,1
166,88,8,0
166,69,0,0
166,66,2,0
166,67,7,0
166,97,6,0
166,47,1,0
166,74,2,1
166,26,6,1
166,5,9,1
166,79,4,0
166,16,6,0
166,17,2,0
166,76,4,1
166,6,7,0
166,34,7,0
166,13,3,1
166,68,3,0
166,27,2,0
166,62,1,1
166,28,2,0
166,18,1,1
166,80,9,0
166,3,0,0
166,43,1,0
166,20,2,1
166,96,7,0
166,7,6,1
166,94,9,0
163,89,3,1
163,59,6,1
163,65,5,0
163,1,6,1
163,9,6,0
163,68,9,0
163,33,0,0
163,6,4,0
163,32,8,0
163,27,0,1
163,62,5,1
163,20,4,1
163,18,3,0
163,49,9,0
163,58,9,0
163,61,4,0
163,42,9,0
163,37,6,0
163,60,0,0
163,91,0,1
163,63,4,0
163,70,7,0
163,98,6,0
163,83,7,0
163,44,8,0
163,74,8,0
163,16,0,1
163,12,0,1
163,84,4,1
163,93,2,0
163,90,7,0
163,99,2,0
163,13,8,1
163,69,8,0
163,88,3,1
163,3,4,1
163,34,2,0
163,50,9,0
163,79,7,0
163,29,5,0
163,0,8,0
163,31,5,0
163,56,8,0
163,54,3,0
163,11,1,0
163,35,5,0
163,28,7,0
163,39,2,1
163,96,2,0
163,36,2,0
163,8,1,0
163,64,8,0
163,38,0,1
163,53,7,0
163,94,9,0
163,4,7,1
163,66,7,0
163,97,5,0
163,95,6,0
163,47,3,1
163,85,6,0
163,77,3,0
163,46,9,0
163,87,4,0
163,26,3,0
163,75,2,0
163,72,0,1
163,67,6,0
163,22,3,0
163,43,1,0
163,25,8,0
163,17,8,1
163,24,1,0
163,40,5,0
163,21,7,0
163,15,6,0
163,19,0,0
163,7,4,0
163,52,8,0
163,82,7,1
163,10,2,0
163,80,7,0
163,71,2,0
163,51,5,1
192,94,4,1
192,16,7,0
192,66,1,0
192,4,0,0
192,75,7,0
192,69,3,1
192,53,4,0
192,1,3,1
192,97,0,0
192,90,2,0
192,80,4,1
192,63,0,0
192,25,3,0
192,13,7,0
192,59,5,0
192,58,9,0
192,60,9,1
192,46,4,1
192,24,5,1
192,28,8,0
192,99,6,0
192,82,1,0
192,81,4,0
192,84,6,1
192,44,6,0
192,50,7,1
192,35,0,0
192,92,1,0
192,56,7,0
192,85,2,0
192,40,1,1
192,72,2,1
192,15,8,0
192,42,3,0
192,61,3,0
192,27,0,0
192,2,3,0
192,64,5,1
192,91,6,1
192,36,5,0
192,89,8,0
192,11,8,0
192,54,0,0
192,17,4,0
192,79,2,0
192,37,1,1
192,47,7,1
192,12,2,0
192,76,6,0
192,3,4,1
192,93,1,0
192,32,9,1
192,43,4,0
192,10,0,0
192,8,5,0
192,95,7,1
192,65,1,0
192,71,0,0
192,62,5,1
192,0,4,0
192,52,8,0
192,6,1,1
192,68,5,0
192,77,6,1
192,78,6,0
192,29,1,0
192,14,6,0
192,49,7,0
192,48,6,0
192,51,3,0
192,30,5,0
192,33,1,0
192,55,2,0
192,9,8,0
192,70,4,0
192,7,4,0
192,41,8,0
453,23,9,1
453,3,9,1
453,80,1,1
453,56,3,0
453,14,6,1
453,21,1,0
453,85,4,0
453,57,7,1
453,90,9,0
453,97,7,0
453,20,0,1
453,16,7,0
453,65,6,0
453,33,5,1
453,92,3,1
453,36,7,0
453,11,9,1
453,71,7,0
453,43,7,1
453,77,9,0
453,47,9,1
453,49,2,1
453,10,6,0
453,58,6,0
453,69,0,1
453,61,0,0
453,0,1,0
453,88,5,1
453,52,6,1
453,40,2,1
453,73,7,0
453,72,4,1
453,93,0,1
453,54,0,1
453,42,4,0
453,89,4,0
453,66,8,0
453,50,1,1
453,35,0,0
453,5,6,0
453,31,8,1
453,94,2,1
453,41,8,0
453,83,9,0
453,53,4,1
453,6,6,0
453,63,5,1
453,22,3,0
453,19,2,0
453,37,6,1
453,82,0,1
453,30,3,1
453,13,1,1
453,74,0,1
453,34,7,0
453,81,2,0
453,12,9,1
453,45,7,0
453,25,0,0
453,51,1,1
453,95,7,1
453,4,4,1
453,68,6,1
453,2,9,0
453,62,8,0
453,55,9,0
453,75,4,1
453,24,7,0
453,38,3,0
453,26,6,1
453,17,9,0
453,29,3,1
453,86,2,0
453,1,9,1
453,59,7,1
453,60,4,1
278,43,0,1
278,81,0,1
278,9,4,1
278,69,7,1
278,18,3,1
278,74,4,1
278,99,8,1
278,94,5,0
278,6,2,1
278,67,7,1
278,8,6,1
278,93,8,0
278,56,7,1
278,26,9,1
278,65,2,0
278,98,9,1
278,23,4,1
278,52,5,1
278,92,9,1
278,10,1,1
278,59,3,1
278,5,9,0
278,75,8,0
278,49,1,1
278,57,6,1
278,35,5,1
278,20,5,1
278,36,4,1
278,48,7,0
278,2,8,0
278,55,5,1
278,58,5,1
278,80,6,0
278,45,8,1
278,44,6,1
278,27,0,1
278,12,5,1
278,17,5,0
278,90,8,0
278,82,5,1
278,89,5,1
278,95,2,1
278,83,7,1
278,64,1,1
278,78,7,1
278,97,0,0
278,13,5,0
278,87,8,0
278,3,9,1
278,88,2,0
278,22,6,1
278,21,9,1
278,25,8,0
278,96,7,1
278,47,9,1
278,68,6,1
278,7,2,0
278,41,9,0
278,50,2,1
278,53,9,1
278,70,2,1
278,39,6,1
278,16,1,1
278,86,9,0
278,11,8,1
278,31,3,1
278,29,8,0
278,77,9,1
278,72,6,1
278,24,7,1
278,30,8,1
278,32,4,1
278,4,2,1
278,66,7,0
278,46,5,1
278,1,2,0
278,28,7,1
278,62,2,1
278,34,4,1
278,0,9,0
278,40,1,1
278,71,3,0
278,84,0,1
278,60,6,0
278,14,4,1
278,51,9,0
278,33,7,1
278,76,0,1
278,85,6,1
201,82,5,1
201,48,1,1
201,59,6,1
201,93,0,1
201,7,8,1
201,61,8,1
201,95,0,1
201,37,6,1
201,80,0,0
201,68,5,1
201,60,3,0
201,14,1,1
201,54,4,1
201,10,4,1
201,78,7,1
201,9,4,1
201,73,0,1
201,44,7,1
201,21,4,1
201,19,1,0
201,71,7,0
201,64,2,1
201,13,5,1
201,81,9,1
201,43,9,1
201,35,4,1
201,8,8,1
201,24,1,1
201,11,5,1
201,85,2,1
201,30,7,1
201,50,7,1
201,94,5,1
201,72,2,1
201,77,1,1
201,5,8,1
201,74,7,1
201,17,3,1
201,27,2,0
201,57,9,1
201,67,9,1
201,52,5,1
201,29,0,1
201,38,9,0
201,53,4,1
201,1,6,0
201,25,6,1
201,16,5,1
201,12,8,1
201,45,5,1
201,20,5,1
201,40,5,1
201,87,8,1
201,63,9,1
201,86,9,1
201,0,2,0
201,15,4,1
201,62,0,1
201,84,5,1
201,91,7,1
201,34,5,1
201,33,0,1
201,76,5,1
201,83,0,0
201,89,8,1
201,69,5,1
201,2,5,0
201,98,5,1
201,79,0,1
201,65,1,1
201,32,9,1
201,51,6,1
201,55,2,1
201,90,6,1
201,36,7,1
201,70,6,1
201,18,3,1
201,46,5,1
201,47,2,1
201,39,0,1
45,59,9,0
45,87,8,0
45,25,0,1
45,13,1,1
45,48,5,0
45,57,7,0
45,22,0,1
45,76,0,0
45,66,9,0
45,37,3,1
45,81,4,0
45,15,1,1
45,31,0,1
45,74,0,1
45,4,8,0
45,54,8,1
45,30,6,1
45,91,4,1
45,96,4,0
45,49,6,1
45,39,2,0
45,20,7,1
45,83,0,1
45,77,8,1
45,23,6,1
45,34,9,1
45,52,7,0
45,35,4,0
45,47,5,1
45,92,3,1
45,26,0,1
45,11,1,0
45,21,7,1
45,7,7,0
45,17,8,0
45,44,3,0
45,10,1,1
45,41,7,1
45,94,8,1
45,3,0,1
45,70,7,0
45,43,3,1
45,63,8,0
45,24,3,0
45,46,3,0
45,56,6,1
45,18,3,1
45,58,2,0
45,27,4,1
45,97,4,1
45,53,2,0
45,55,1,1
45,16,0,1
45,2,0,1
45,45,5,1
45,8,2,0
45,32,7,0
45,84,2,0
45,86,1,1
45,95,6,1
45,1,2,1
45,60,1,0
45,75,0,0
45,79,6,1
45,90,9,1
45,68,5,0
45,29,0,1
45,0,8,1
45,38,5,1
45,19,2,1
45,89,5,1
45,71,9,0
45,99,4,0
45,62,3,1
45,64,9,0
45,42,5,0
45,6,6,0
45,73,5,1
45,67,0,1
187,62,0,1
187,39,1,0
187,81,6,0
187,88,3,0
187,26,4,1
187,57,6,0
187,75,4,0
187,16,2,1
187,42,4,0
187,94,1,0
187,6,2,1
187,32,7,1
187,53,5,0
187,96,7,0
187,89,6,0
187,64,5,1
187,76,8,1
187,28,2,1
187,91,8,0
187,71,6,0
187,10,7,0
187,67,4,0
187,1,2,0
187,90,1,0
187,11,2,1
187,65,2,0
187,30,7,0
187,49,3,0
187,77,3,0
187,20,9,0
187,87,9,1
187,2,7,1
187,0,0,0
187,78,6,0
187,47,4,0
187,19,1,0
187,50,1,0
187,95,5,1
187,25,6,0
187,44,6,1
187,37,3,1
187,22,6,0
187,7,3,0
187,34,1,0
187,33,4,0
187,98,8,1
187,97,6,1
187,63,9,0
187,69,4,0
187,5,3,1
187,8,7,0
187,45,9,1
187,56,2,1
187,48,6,1
187,70,2,1
187,31,3,0
187,82,4,0
187,36,6,0
187,9,4,1
187,68,3,1
187,43,7,1
187,24,5,1
187,35,7,1
187,38,1,1
187,60,1,0
187,85,4,1
187,27,3,0
187,54,2,0
187,55,2,1
187,21,7,0
187,73,1,0
187,72,5,0
187,52,9,1
187,83,1,1
187,84,7,0
187,79,4,0
187,29,5,0
187,66,0,1
187,40,0,1
187,17,4,0
187,99,2,1
187,58,7,1
187,15,9,1
113,78,1,1
113,12,6,1
113,21,8,1
113,24,9,1
113,75,3,1
113,90,2,0
113,98,4,1
113,89,4,1
113,82,0,1
113,51,3,0
113,47,9,1
113,85,8,0
113,8,6,0
113,83,4,1
113,34,2,1
113,64,2,1
113,6,5,1
113,91,0,1
113,52,3,1
113,27,7,0
113,46,3,1
113,36,8,1
113,73,8,0
113,74,2,1
113,1,2,1
113,95,1,1
113,76,5,0
113,72,4,1
113,65,0,1
113,29,5,1
113,32,8,1
113,40,6,1
113,92,2,1
113,10,1,1
113,79,0,1
113,28,0,0
113,87,2,1
113,11,1,1
113,17,5,0
113,9,5,1
113,4,4,1
113,0,7,1
113,97,8,1
113,30,6,1
113,56,5,0
113,3,9,1
113,31,9,1
113,88,5,1
113,45,1,1
113,41,8,1
113,71,5,1
113,5,3,1
113,55,3,1
113,62,0,1
113,50,5,1
113,69,0,0
113,63,7,1
113,80,6,0
113,57,3,1
113,77,8,0
113,66,9,1
113,86,9,1
113,18,5,1
113,93,0,1
113,33,7,1
113,60,3,0
113,25,2,1
113,43,5,1
113,14,2,1
113,96,7,1
113,23,9,1
113,42,8,0
113,54,6,1
113,37,3,0
113,39,0,1
113,7,6,1
113,67,8,1
113,22,9,1
113,49,0,1
113,59,5,1
141,68,6,1
141,13,4,0
141,50,2,1
141,4,2,0
141,93,5,1
141,28,5,1
141,97,1,0
141,64,9,1
141,27,1,0
141,25,2,1
141,82,1,1
141,12,2,0
141,83,3,1
141,1,9,1
141,18,8,1
141,38,2,1
141,99,1,0
141,30,7,1
141,15,7,1
141,42,0,1
141,41,0,0
141,37,0,1
141,88,6,0
141,40,1,0
141,96,3,0
141,77,8,0
141,14,3,0
141,0,7,1
141,48,1,1
141,47,0,1
141,17,6,1
141,74,3,1
141,59,3,1
141,46,6,1
141,32,4,1
141,95,7,1
141,34,2,0
141,31,2,1
141,9,3,0
141,81,2,0
141,57,0,1
141,49,8,1
141,85,3,1
141,92,8,1
141,29,0,1
141,78,1,0
141,62,2,0
141,90,7,1
141,71,4,1
141,76,7,1
141,7,1,1
141,55,6,1
141,89,7,1
141,21,2,1
141,73,6,1
141,16,4,1
141,39,0,1
141,11,9,0
141,36,8,0
141,2,1,1
141,19,7,1
141,70,5,1
141,67,0,0
141,45,1,0
141,94,4,1
141,53,1,1
141,44,6,1
141,20,2,0
141,22,9,0
141,87,8,1
141,6,8,1
141,80,8,0
141,60,4,1
141,65,9,1
191,94,3,1
191,38,6,0
191,3,9,0
191,81,0,1
191,27,0,0
191,12,9,0
191,0,5,1
191,18,4,1
191,14,4,1
191,19,6,0
191,37,0,1
191,21,0,1
191,65,7,1
191,98,3,0
191,34,4,1
191,9,6,1
191,90,3,1
191,45,8,1
191,5,5,0
191,44,2,0
191,56,4,1
191,10,8,0
191,85,3,0
191,43,6,1
191,42,5,0
191,62,5,0
191,41,1,0
191,78,4,0
191,86,5,0
191,80,8,1
191,35,0,1
191,63,3,1
191,89,8,0
191,93,8,0
191,2,1,1
191,82,0,1
191,29,4,1
191,48,3,0
191,95,1,0
191,46,2,1
191,40,2,0
191,75,0,0
191,99,4,0
191,20,5,0
191,60,1,0
191,71,8,0
191,25,5,1
191,23,5,0
191,24,8,1
191,8,8,0
191,26,9,0
191,52,2,1
191,11,3,1
191,87,2,1
191,73,3,0
191,50,8,1
191,76,8,0
191,67,4,0
191,84,4,1
191,28,4,1
191,53,4,0
191,31,4,1
191,70,5,1
191,58,7,1
191,66,7,1
191,83,8,0
191,91,9,0
191,88,9,1
191,92,5,0
191,72,4,1
191,79,4,0
191,77,6,0
191,7,9,0
341,9,8,1
341,62,9,1
341,43,1,0
341,21,1,1
341,67,2,0
341,87,3,0
341,10,5,1
341,99,2,1
341,13,0,1
341,42,1,0
341,54,9,1
341,31,1,0
341,76,0,1
341,55,7,0
341,3,8,0
341,58,2,1
341,74,0,0
341,57,2,1
341,61,3,0
341,15,7,0
341,98,6,1
341,5,8,0
341,11,3,1
341,77,5,1
341,88,3,1
341,25,4,0
341,82,1,1
341,84,2,1
341,92,0,1
341,41,6,0
341,50,3,0
341,85,4,1
341,73,1,0
341,1,7,1
341,8,4,1
341,12,2,0
341,53,1,0
341,28,4,1
341,44,5,0
341,60,0,1
341,63,4,1
341,40,4,1
341,19,0,1
341,90,4,0
341,71,9,1
341,20,8,0
341,83,6,1
341,16,4,0
341,38,6,1
341,79,1,0
341,2,3,1
341,14,2,1
341,75,0,0
341,68,7,0
341,6,6,0
341,56,0,1
341,45,1,0
341,65,6,1
341,64,1,0
341,69,9,1
341,94,8,1
341,95,2,0
341,78,2,1
341,35,9,0
341,93,6,1
341,30,1,1
341,66,8,1
341,49,5,0
341,36,2,1
341,97,0,0
341,4,5,1
341,52,1,0
341,80,9,1
341,34,1,0
341,33,6,0
341,72,0,1
341,18,4,0
341,0,6,1
341,7,6,1
341,91,3,1
341,70,7,1
341,81,7,0
341,59,7,0
341,32,7,1
341,26,7,1
341,47,6,0
341,39,0,0
341,86,7,1
158,16,2,1
158,49,3,1
158,96,0,1
158,65,3,0
158,4,5,1
158,62,5,0
158,60,1,1
158,1,7,1
158,55,4,1
158,43,7,0
158,72,2,1
158,48,5,1
158,44,3,0
158,2,3,1
158,33,1,0
158,10,0,1
158,76,3,1
158,23,9,1
158,20,7,1
158,47,0,1
158,17,2,1
158,24,7,1
158,36,6,1
158,57,4,1
158,35,8,1
158,9,2,0
158,53,8,0
158,68,8,1
158,81,3,1
158,22,9,1
158,84,1,1
158,83,7,0
158,87,0,1
158,46,4,1
158,79,2,1
158,98,1,1
158,63,7,1
158,7,5,1
158,90,1,1
158,94,6,1
158,50,3,0
158,67,3,1
158,28,4,1
158,56,5,0
158,75,5,1
158,51,8,0
158,6,9,1
158,37,2,0
158,66,1,1
158,39,6,1
158,8,5,0
158,13,0,1
158,64,2,1
158,89,3,0
158,5,5,1
158,25,8,1
158,52,1,1
158,95,5,1
158,70,3,1
158,86,9,1
158,30,6,0
158,74,5,0
158,69,4,1
158,14,8,1
158,41,5,0
158,93,8,1
158,77,6,0
158,12,3,0
158,59,7,1
239,77,9,0
239,64,7,1
239,21,2,0
239,78,3,1
239,54,1,0
239,74,2,1
239,56,6,1
239,75,6,1
239,51,7,0
239,52,3,0
239,25,2,0
239,71,1,0
239,48,4,0
239,58,3,1
239,24,8,1
239,76,0,0
239,55,5,1
239,59,2,0
239,98,5,1
239,87,8,1
239,92,3,0
239,44,2,1
239,27,2,1
239,90,0,1
239,23,4,0
239,79,9,0
239,3,8,1
239,5,7,0
239,8,7,1
239,14,6,1
239,82,3,0
239,60,1,1
239,6,2,1
239,57,7,1
239,13,2,1
239,81,1,1
239,94,5,1
239,84,3,1
239,16,9,1
239,34,0,1
239,26,3,1
239,91,5,1
239,33,1,0
239,63,4,1
239,66,4,0
239,43,1,1
239,35,2,1
239,69,8,1
239,88,2,1
239,36,2,1
239,20,4,0
239,68,0,0
239,37,2,1
239,31,4,1
239,2,2,0
239,38,7,1
239,86,7,1
239,17,8,1
239,10,4,1
239,9,6,1
239,89,6,1
239,15,0,1
239,67,1,1
239,42,8,1
239,45,1,1
239,62,5,0
239,0,4,1
239,7,9,1
239,12,3,0
239,85,8,1
239,70,1,0
239,49,5,1
239,72,6,1
239,80,9,1
239,99,8,1
239,83,1,0
239,4,4,1
239,61,2,1
496,66,5,0
496,44,3,0
496,61,5,1
496,29,6,0
496,24,5,1
496,52,0,1
496,65,6,1
496,80,8,1
496,38,4,1
496,68,8,0
496,77,6,0
496,90,5,1
496,7,8,1
496,39,9,1
496,12,5,1
496,88,7,0
496,94,8,0
496,78,7,1
496,46,6,1
496,1,5,1
496,16,5,0
496,79,4,1
496,45,3,1
496,43,0,1
496,30,4,1
496,62,1,0
496,71,3,0
496,97,2,1
496,11,5,0
496,47,7,1
496,75,9,1
496,28,7,0
496,50,6,1
496,27,3,1
496,86,3,1
496,89,4,1
496,96,4,1
496,13,4,0
496,64,9,1
496,83,5,0
496,0,4,1
496,37,8,1
496,19,4,1
496,21,7,1
496,4,2,0
496,20,2,0
496,23,7,1
496,82,7,1
496,70,8,0
496,15,4,0
496,40,1,0
496,67,5,1
496,51,2,0
496,81,7,1
496,5,4,0
496,58,8,1
496,10,7,1
496,18,9,1
496,14,4,1
496,22,0,0
496,17,8,1
496,60,0,1
496,6,6,1
496,54,2,0
496,36,0,1
496,92,4,0
496,32,8,1
496,84,5,1
496,98,0,0
496,95,1,1
496,72,6,0
496,34,5,1
496,85,2,0
496,35,6,1
496,56,2,1
496,93,5,1
496,76,8,1
496,41,8,1
496,55,3,1
496,69,2,0
496,31,5,1
496,25,7,1
294,18,1,0
294,46,0,0
294,33,9,1
294,96,1,0
294,32,7,1
294,43,4,0
294,79,1,0
294,59,9,0
294,5,5,0
294,52,4,0
294,36,1,0
294,85,7,0
294,23,9,0
294,87,0,0
294,76,8,0
294,90,6,0
294,37,3,1
294,65,3,0
294,63,6,0
294,35,2,0
294,89,0,0
294,78,8,1
294,56,6,0
294,88,6,0
294,58,7,0
294,51,8,0
294,20,9,0
294,48,9,0
294,14,5,1
294,92,7,0
294,13,0,1
294,74,8,0
294,64,6,0
294,66,9,0
294,47,7,0
294,30,3,0
294,55,0,0
294,11,6,0
294,60,8,0
294,3,8,0
294,81,8,0
294,49,5,1
294,31,8,0
294,97,3,1
294,26,5,0
294,21,8,0
294,72,0,0
294,94,5,0
294,34,7,0
294,10,3,0
294,12,7,0
294,0,9,0
294,19,6,0
294,68,9,1
294,7,7,0
294,98,2,0
294,57,6,0
294,4,1,0
294,1,4,1
294,44,7,0
294,80,1,0
294,45,9,0
294,73,5,0
294,71,2,0
294,8,6,0
294,9,5,0
294,6,1,0
294,39,9,0
294,53,4,0
294,17,0,0
294,83,1,0
294,91,0,1
294,67,0,0
294,93,5,0
294,77,4,0
294,41,6,1
365,68,1,0
365,93,5,0
365,80,7,0
365,48,5,1
365,18,6,0
365,9,7,0
365,94,9,0
365,27,8,0
365,82,1,0
365,33,8,0
365,51,5,0
365,99,4,0
365,39,2,0
365,35,4,0
365,74,4,0
365,70,4,0
365,8,1,0
365,30,7,1
365,98,1,0
365,16,6,0
365,24,9,1
365,53,9,0
365,60,7,0
365,56,7,1
365,89,2,0
365,86,7,0
365,83,3,0
365,20,6,0
365,42,6,0
365,31,3,0
365,19,6,1
365,73,3,1
365,43,1,0
365,44,6,0
365,61,3,0
365,67,1,0
365,78,4,0
365,26,7,1
365,49,1,0
365,36,7,0
365,0,9,0
365,25,4,0
365,81,4,1
365,3,6,0
365,5,9,0
365,62,6,0
365,58,6,0
365,59,6,1
365,63,0,0
365,38,8,0
365,11,1,0
365,90,1,1
365,40,8,0
365,1,1,1
365,92,9,1
365,17,8,0
365,6,0,0
365,46,6,0
365,66,1,0
365,96,8,0
365,87,4,1
365,2,5,1
365,85,3,1
365,13,7,0
365,34,7,1
365,50,9,0
365,72,9,1
365,54,5,0
365,7,8,0
365,97,1,0
365,37,0,1
365,65,0,0
365,4,8,0
365,23,0,1
365,76,3,0
44,21,0,1
44,59,3,1
44,99,0,1
44,45,8,1
44,71,0,1
44,69,1,0
44,60,9,1
44,70,8,1
44,0,2,1
44,81,2,0
44,91,6,1
44,76,8,1
44,94,1,0
44,68,6,1
44,56,9,1
44,83,5,0
44,72,0,1
44,87,4,1
44,84,7,1
44,88,2,1
44,79,2,0
44,32,2,1
44,14,5,1
44,20,4,1
44,13,2,0
44,77,6,1
44,74,3,1
44,18,6,1
44,93,8,1
44,64,9,0
44,8,2,0
44,28,6,1
44,78,6,1
44,22,6,0
44,85,9,1
44,11,2,1
44,29,6,0
44,80,0,0
44,7,2,1
44,24,7,0
44,19,5,1
44,66,1,1
44,54,5,1
44,2,5,0
44,62,7,0
44,49,4,1
44,53,1,1
44,46,8,0
44,82,8,1
44,41,5,0
44,10,8,1
44,4,3,0
44,48,5,1
44,39,0,1
44,92,9,1
44,44,1,0
44,31,4,1
44,23,7,1
44,16,4,1
44,30,1,0
44,1,2,1
44,98,9,1
44,95,1,1
44,6,7,1
44,25,3,1
44,26,5,1
44,55,2,0
44,17,2,1
44,27,8,1
44,35,9,0
44,38,5,1
44,96,4,1
44,47,1,1
44,65,5,1
44,33,8,1
44,67,8,1
44,52,2,1
44,43,3,0
44,36,0,1
44,5,6,0
44,9,5,1
44,86,2,0
242,76,7,0
242,78,0,1
242,93,9,1
242,51,3,1
242,54,3,1
242,32,1,0
242,38,6,1
242,56,1,1
242,60,6,1
242,90,3,1
242,24,6,0
242,88,6,1
242,81,7,1
242,37,8,1
242,43,8,0
242,61,8,0
242,95,0,1
242,59,6,0
242,8,9,1
242,74,4,1
242,1,3,1
242,9,7,1
242,28,2,0
242,69,0,1
242,14,3,1
242,4,9,1
242,36,1,1
242,83,7,0
242,77,3,0
242,40,3,0
242,94,8,0
242,62,0,0
242,55,7,1
242,20,6,0
242,53,8,0
242,16,2,0
242,50,6,1
242,25,3,1
242,17,4,0
242,49,9,0
242,86,6,1
242,89,4,1
242,52,3,1
242,73,2,1
242,31,5,1
242,39,5,1
242,47,5,1
242,71,9,0
242,46,5,1
242,13,0,1
242,12,4,0
242,26,6,1
242,3,2,0
242,21,8,0
242,48,0,0
242,64,4,1
242,87,1,1
242,68,2,1
242,5,3,1
242,27,1,0
242,75,9,1
242,22,2,1
242,33,1,1
242,0,2,0
242,58,1,1
242,92,2,1
242,6,0,0
242,98,7,1
242,41,3,0
242,35,7,1
242,79,0,0
242,72,2,0
242,97,8,0
242,7,7,0
242,2,9,1
242,42,2,1
242,96,0,0
242,34,6,1
330,81,7,1
330,8,2,1
330,44,8,0
330,39,6,1
330,77,0,1
330,50,4,1
330,82,9,0
330,22,7,1
330,72,3,1
330,15,8,1
330,70,5,1
330,65,9,1
330,25,0,1
330,0,0,0
330,33,6,1
330,45,8,0
330,71,9,1
330,29,8,1
330,7,4,1
330,11,6,1
330,23,9,1
330,37,2,1
330,75,1,1
330,30,0,1
330,59,5,1
330,14,6,0
330,35,5,0
330,58,8,1
330,79,0,1
330,13,2,1
330,41,4,0
330,21,5,0
330,90,6,0
330,46,0,1
330,56,3,1
330,64,7,1
330,60,8,1
330,63,6,1
330,6,5,0
330,68,6,0
330,66,3,1
330,5,6,0
330,89,4,1
330,9,5,0
330,54,1,1
330,1,1,1
330,67,0,1
330,73,4,1
330,28,9,1
330,4,0,1
330,57,7,1
330,31,2,0
330,34,8,1
330,10,2,0
330,18,4,1
330,36,8,0
330,83,6,1
330,95,0,1
330,91,3,1
330,20,8,0
330,74,6,1
330,24,5,1
330,3,0,1
330,53,7,1
330,93,0,1
330,16,4,1
330,48,4,1
330,76,4,1
330,62,9,0
330,47,8,0
330,88,7,0
330,19,8,0
330,2,8,0
330,52,9,1
330,43,3,1
330,32,2,1
330,69,2,0
330,85,1,1
330,78,0,1
330,40,6,1
31,87,2,1
31,70,6,0
31,53,8,0
31,41,8,0
31,37,9,1
31,91,7,1
31,10,1,1
31,28,7,0
31,19,5,0
31,72,1,0
31,23,7,1
31,71,7,1
31,30,8,1
31,52,1,1
31,22,2,0
31,65,7,0
31,83,7,1
31,12,0,0
31,69,1,0
31,94,0,0
31,39,3,1
31,36,7,1
31,33,2,1
31,46,3,1
31,63,0,1
31,2,9,1
31,3,9,0
31,31,2,0
31,86,1,1
31,38,4,1
31,66,1,1
31,8,1,0
31,95,9,1
31,24,8,1
31,57,2,0
31,75,6,1
31,99,3,0
31,89,7,0
31,34,1,1
31,27,6,0
31,49,8,0
31,40,9,0
31,48,1,0
31,60,4,1
31,88,5,0
31,93,2,0
31,50,5,0
31,97,0,1
31,92,3,0
31,9,7,1
31,51,6,1
31,4,4,1
31,26,5,0
31,55,1,0
31,35,5,1
31,43,1,1
31,79,8,1
31,11,9,1
31,96,7,0
31,56,7,0
31,82,4,1
31,25,2,1
31,61,5,1
31,16,7,0
31,58,5,0
31,67,6,1
31,14,9,1
31,64,4,1
31,76,6,1
31,42,4,1
31,68,8,1
31,13,9,1
31,5,8,1
31,47,3,0
31,54,4,0
31,29,8,0
31,77,5,1
61,72,5,0
61,43,0,0
61,12,0,0
61,96,1,0
61,14,1,1
61,37,3,0
61,59,8,0
61,27,4,0
61,49,3,0
61,45,3,0
61,63,1,1
61,41,5,1
61,94,8,0
61,11,5,0
61,81,5,0
61,38,0,1
61,26,3,0
61,23,0,1
61,9,6,1
61,31,1,0
61,74,6,0
61,68,2,0
61,89,6,0
61,95,8,1
61,52,7,0
61,93,3,1
61,3,5,0
61,87,5,1
61,82,3,0
61,99,4,1
61,19,6,0
61,57,9,0
61,90,6,1
61,80,9,0
61,36,6,1
61,85,9,0
61,86,0,0
61,7,2,1
61,98,8,1
61,2,1,0
61,91,7,1
61,30,3,0
61,76,3,0
61,16,6,1
61,44,6,0
61,51,8,0
61,28,9,0
61,24,2,1
61,48,8,0
61,33,7,1
61,25,3,1
61,70,8,1
61,32,2,0
61,62,3,0
61,20,6,1
61,73,2,0
61,13,7,0
61,75,1,1
61,84,6,0
61,21,3,1
61,18,9,1
61,1,2,1
61,10,7,1
61,47,4,1
61,46,5,0
61,34,2,0
61,6,3,0
61,88,1,0
61,60,8,1
61,35,6,1
61,65,5,0
61,92,4,1
61,78,7,1
61,69,5,1
61,22,6,0
61,8,6,1
395,54,5,0
395,91,9,0
395,90,4,0
395,88,0,0
395,2,2,0
395,11,6,1
395,48,9,1
395,58,3,1
395,79,4,1
395,9,8,1
395,37,2,1
395,53,3,0
395,71,3,0
395,83,3,0
395,28,5,1
395,4,4,0
395,40,3,1
395,69,9,0
395,47,7,0
395,87,3,0
395,57,9,1
395,89,8,0
395,82,9,1
395,1,3,0
395,74,6,0
395,10,6,0
395,98,2,0
395,85,9,0
395,94,1,0
395,62,4,0
395,14,9,1
395,86,2,0
395,65,6,0
395,73,7,0
395,13,7,0
395,5,5,0
395,29,2,0
395,51,4,0
395,50,7,0
395,8,8,0
395,19,1,0
395,81,9,0
395,16,6,0
395,67,4,0
395,15,4,0
395,84,5,0
395,22,0,1
395,68,0,0
395,63,7,1
395,64,5,1
395,30,9,1
395,78,3,0
395,52,9,0
395,70,9,1
395,33,6,1
395,42,5,1
395,3,7,0
395,95,9,0
395,61,8,0
395,49,2,0
395,21,5,0
395,27,1,0
395,24,1,0
395,36,7,0
395,92,5,0
395,97,3,1
395,44,0,0
395,96,2,0
395,18,1,0
395,35,3,0
395,60,6,0
395,23,5,0
395,56,0,1
395,31,6,0
395,25,7,0
395,80,4,0
395,59,8,0
395,93,4,0
395,39,6,0
395,75,3,1
395,66,6,0
395,76,2,0
395,41,0,0
288,93,4,0
288,92,2,0
288,34,5,0
288,49,8,0
288,83,8,0
288,12,5,0
288,63,7,1
288,33,0,1
288,74,1,0
288,59,5,1
288,30,5,0
288,77,5,0
288,70,9,1
288,10,3,0
288,58,2,1
288,44,6,1
288,90,3,0
288,94,8,0
288,3,0,0
288,64,2,0
288,66,0,0
288,9,9,1
288,55,0,0
288,57,6,0
288,45,6,1
288,31,0,0
288,71,3,0
288,80,9,0
288,19,4,0
288,28,0,1
288,51,4,1
288,68,5,0
288,91,2,0
288,62,5,0
288,41,1,1
288,87,8,0
288,78,7,0
288,20,6,0
288,6,2,0
288,21,2,0
288,97,2,0
288,4,2,0
288,25,5,1
288,8,9,0
288,1,0,1
288,52,1,0
288,60,8,0
288,7,6,0
288,13,0,0
288,75,1,0
288,17,3,0
288,2,3,0
288,18,1,0
288,22,2,0
288,95,4,1
288,26,2,1
288,79,2,1
288,11,6,0
288,15,1,0
288,86,1,1
288,23,0,0
288,56,1,0
288,65,5,0
288,24,6,1
288,81,3,1
288,98,4,1
288,35,4,0
288,61,8,1
288,42,2,0
288,85,8,1
288,89,7,1
288,40,1,0
288,96,8,0
288,46,0,0
288,69,2,0
288,67,6,1
288,29,5,1
250,14,5,1
250,11,9,1
250,15,1,1
250,46,9,1
250,18,8,0
250,1,3,0
250,74,2,1
250,66,8,0
250,77,8,0
250,70,3,1
250,97,5,1
250,38,3,1
250,92,3,1
250,34,7,0
250,56,7,1
250,35,4,0
250,0,8,0
250,8,2,1
250,59,6,1
250,72,2,0
250,10,4,0
250,91,8,1
250,42,8,0
250,9,6,0
250,21,4,1
250,12,9,0
250,50,6,0
250,31,9,0
250,68,2,1
250,26,0,1
250,64,4,1
250,7,7,1
250,94,0,0
250,75,2,0
250,54,7,0
250,39,1,0
250,48,1,0
250,22,1,1
250,85,4,1
250,69,3,1
250,45,8,0
250,36,9,0
250,44,4,1
250,19,6,1
250,27,2,0
250,40,8,0
250,17,1,1
250,80,2,0
250,41,5,1
250,96,1,1
250,82,0,0
250,67,4,1
250,95,0,1
250,83,1,1
250,58,2,1
250,90,3,0
250,47,0,1
250,51,7,0
250,52,2,1
250,88,9,0
250,79,0,1
250,4,6,0
250,53,2,1
250,61,4,1
250,98,8,0
250,2,0,1
250,84,4,1
250,63,2,0
250,86,7,0
250,60,5,0
250,89,7,0
250,5,4,0
250,13,9,1
250,33,0,0
250,20,1,0
250,71,3,0
250,65,9,1
250,16,5,1
